WEIGHT,STATUS,FINALDEST,FOOTINGS,LEASE,LOCATION,REGION,PIERS,SECURED,TITLED,SECTIONS,PRICE,SQFT,BEDROOMS,SHIPMONTH,WGTADJ,CONTROL,jstatus,jprice,jsqft,jbedroom,jlease,jfinaldest,jtitle,jsecured,jlocation,jfootings,jpiers
69.1571,2,1,3,2,1,3,1,1,2,1,90000,1200,3,202201,0.9369,22010001,R,I,R,R,R,R,I,R,R,R,R
69.1571,2,1,3,2,2,3,1,1,2,1,82000,1200,3,202201,0.9369,22010002,R,R,R,R,I,I,R,I,I,I,I
69.1571,2,1,3,2,3,3,1,1,2,1,68000,1100,3,202201,0.9369,22010003,R,R,R,R,R,R,R,R,R,R,R
18.5789,2,1,3,2,2,4,1,1,1,1,90000,1200,3,202201,0.9369,22010004,R,I,R,R,R,R,I,R,R,R,R
18.5789,2,1,4,2,1,4,3,2,2,1,90000,1200,3,202201,0.9369,22010005,I,I,I,I,I,I,I,I,I,I,I
18.5789,2,1,3,2,1,4,3,1,1,1,76000,920,3,202201,0.9369,22010006,I,I,I,I,I,I,I,I,I,I,I
18.5789,2,1,4,2,1,4,3,1,2,1,85000,1100,3,202201,0.9369,22010007,I,I,I,I,I,I,I,I,I,I,I
18.5789,2,1,4,2,1,4,2,1,2,1,71000,820,1,202201,0.9369,22010008,I,I,I,I,I,I,I,I,I,I,I
18.5789,2,1,4,1,1,4,3,1,2,1,9,820,1,202201,0.9369,22010009,I,9,I,I,I,I,I,I,I,I,I
18.5789,2,1,3,2,3,4,1,1,2,1,85000,1100,3,202201,0.9369,22010010,I,I,I,I,I,I,I,I,I,I,I
18.5789,2,1,3,2,1,4,1,1,2,1,94000,1300,3,202201,0.9369,22010011,I,I,I,I,I,I,I,I,I,I,I
18.5789,1,1,3,1,1,4,1,1,2,1,9,1100,3,202201,0.9369,22010012,I,9,I,I,I,I,I,I,I,I,I
18.5789,2,1,3,2,1,4,1,1,2,1,85000,1100,3,202201,0.9369,22010013,I,I,I,I,I,I,I,I,I,I,I
11.45,2,1,3,2,2,1,1,1,2,1,96000,1200,3,202201,0.9369,22010014,R,R,R,R,R,R,R,R,R,R,R
69.1571,2,1,5,2,2,3,1,1,2,1,69000,660,1,202201,0.9369,22010015,R,I,R,R,R,R,R,R,R,R,R
15.745500000000002,2,1,4,2,1,2,1,1,2,1,66000,740,1,202201,0.9369,22010016,R,I,I,I,I,R,I,I,R,I,I
15.745500000000002,2,1,5,2,1,2,1,1,2,1,90000,1200,3,202201,0.9369,22010017,I,I,I,I,I,I,I,I,I,I,I
15.745500000000002,2,1,3,2,1,2,1,1,2,1,82000,1100,3,202201,0.9369,22010018,I,I,I,I,I,I,I,I,I,I,I
18.5789,2,1,3,1,1,2,1,1,1,1,9,740,1,202201,0.9369,22010019,R,9,R,R,R,R,R,R,R,R,R
15.745500000000002,1,1,5,2,1,2,3,1,1,1,94000,1300,3,202201,0.9369,22010020,R,I,R,R,R,R,R,R,R,R,R
15.745500000000002,1,1,3,2,1,2,1,1,2,1,91000,740,1,202201,0.9369,22010021,R,R,R,R,R,R,R,R,R,R,R
15.745500000000002,2,1,3,1,1,2,4,1,1,1,9,1200,3,202201,0.9369,22010022,R,9,R,R,R,R,R,R,R,R,R
15.745500000000002,2,1,3,2,1,2,1,1,2,1,78000,960,3,202201,0.9369,22010023,I,I,I,I,I,I,I,I,I,I,I
15.745500000000002,2,1,3,2,1,2,1,1,2,1,69000,740,1,202201,0.9369,22010024,I,I,I,I,I,I,I,I,I,I,I
15.745500000000002,2,1,3,2,1,2,1,1,2,1,78000,960,3,202201,0.9369,22010025,I,I,I,I,I,I,I,I,I,I,I
69.1571,2,1,3,2,3,3,1,1,2,1,75000,900,1,202201,0.9369,22010026,I,I,I,I,I,I,I,I,I,I,I
69.1571,2,1,5,2,2,3,1,1,2,1,73000,1300,3,202201,0.9369,22010027,R,R,R,R,R,R,R,R,R,R,R
15.745500000000002,2,1,3,2,1,2,1,1,2,1,90000,1200,3,202201,0.9369,22010028,I,I,I,I,I,I,I,I,I,I,I
15.745500000000002,2,1,3,2,1,2,1,2,2,1,87000,1200,3,202201,0.9369,22010029,I,I,I,I,I,I,I,I,I,I,I
15.745500000000002,1,1,3,2,1,2,3,1,1,1,71000,1100,3,202201,0.9369,22010030,R,R,R,R,R,R,R,R,R,R,R
15.745500000000002,2,1,3,2,1,2,1,1,2,1,94000,1300,3,202201,0.9369,22010031,I,I,I,I,I,I,I,I,I,I,I
15.745500000000002,1,1,3,2,1,2,1,1,3,1,65000,1200,3,202201,0.9369,22010032,R,R,R,R,R,R,I,I,R,I,I
15.745500000000002,1,1,3,2,1,2,1,2,1,1,67000,1100,3,202201,0.9369,22010033,R,R,R,R,R,R,I,I,R,I,I
15.745500000000002,2,1,3,2,1,2,1,1,2,1,100000,1200,1,202201,0.9369,22010034,R,R,R,R,R,R,R,I,R,I,I
15.745500000000002,2,1,3,1,1,2,1,1,2,1,9,1100,3,202201,0.9369,22010035,R,9,R,R,R,R,I,I,R,R,R
15.745500000000002,2,1,3,2,1,2,1,1,3,1,76000,920,3,202201,0.9369,22010036,I,I,I,I,I,I,I,I,I,I,I
18.5789,2,1,3,1,1,2,1,1,1,1,9,1200,3,202201,0.9369,22010037,R,9,R,R,R,R,R,R,R,R,R
15.745500000000002,1,1,3,1,1,2,1,1,2,1,9,1300,3,202201,0.9369,22010038,I,9,I,I,I,I,I,I,I,I,I
15.745500000000002,2,1,3,1,1,2,1,1,3,1,9,1200,3,202201,0.9369,22010039,I,9,I,I,I,I,I,I,I,I,I
15.745500000000002,2,1,3,2,1,2,1,1,3,1,82000,1100,3,202201,0.9369,22010040,I,I,I,I,I,I,I,I,I,I,I
15.745500000000002,1,1,3,1,1,2,1,1,2,1,9,1100,3,202201,0.9369,22010041,I,9,I,I,I,I,I,I,I,I,I
15.745500000000002,2,1,3,2,1,2,1,1,2,1,82000,1100,3,202201,0.9369,22010042,I,I,I,I,I,I,I,I,I,I,I
18.5789,2,1,3,2,3,4,1,1,2,1,94000,1300,3,202201,0.9369,22010043,R,I,R,R,R,R,R,R,R,R,I
15.745500000000002,2,1,3,2,2,2,1,1,1,1,90000,1200,3,202201,0.9369,22010044,I,I,I,I,I,I,I,I,I,I,I
11.45,1,1,3,1,1,1,1,1,3,1,9,1100,3,202201,0.9369,22010045,R,9,R,R,R,R,R,R,R,R,R
11.45,2,1,5,2,1,1,3,1,2,1,93000,780,1,202201,0.9369,22010046,R,R,R,R,R,R,R,R,R,R,R
69.1571,2,1,5,2,1,3,1,1,2,1,98000,920,1,202201,0.9369,22010047,R,R,R,R,R,R,R,R,R,R,R
69.1571,2,1,4,1,1,3,1,1,2,1,9,1100,3,202201,0.9369,22010048,R,9,R,R,R,R,R,R,R,R,R
15.745500000000002,2,1,3,2,1,2,1,1,2,1,56000,1200,3,202201,0.9369,22010049,R,R,R,R,R,R,R,R,R,R,R
15.745500000000002,2,1,3,2,3,2,1,1,1,1,92000,1200,1,202201,0.9369,22010050,R,R,R,R,R,R,R,R,R,R,R
69.1571,2,1,3,2,3,3,1,1,2,1,53000,840,1,202201,0.9369,22010051,R,R,R,R,R,R,R,R,I,R,R
18.5789,2,1,3,2,2,4,2,1,1,1,57000,820,1,202201,0.9369,22010052,R,R,R,R,R,R,R,R,R,R,R
11.45,1,1,3,1,1,1,1,1,2,1,9,840,1,202201,0.9369,22010053,R,9,R,R,R,R,I,R,R,R,R
11.45,2,1,3,2,1,1,1,1,1,1,95000,960,1,202201,0.9369,22010054,R,R,R,R,R,R,R,R,R,R,R
11.45,2,1,3,2,1,1,1,1,2,1,99000,630,1,202201,0.9369,22010055,R,R,R,R,R,R,R,R,R,R,R
11.45,2,1,3,2,1,1,1,1,2,1,82000,1100,3,202201,0.9369,22010056,I,I,I,I,I,I,I,I,I,I,I
11.45,2,1,3,2,3,1,1,1,2,1,80000,950,1,202201,0.9369,22010057,R,R,R,R,R,R,R,R,R,R,R
11.45,2,1,3,2,1,1,1,1,2,1,76000,1100,3,202201,0.9369,22010058,R,R,R,R,R,R,R,R,R,R,R
69.1571,2,1,4,2,2,3,1,1,2,1,73000,1200,3,202201,0.9369,22010059,R,R,R,R,R,R,R,R,R,R,R
69.1571,2,1,5,2,3,3,1,1,2,1,90000,1200,3,202201,0.9369,22010060,I,I,I,I,I,I,I,I,I,I,I
69.1571,2,1,3,2,1,3,1,1,2,1,98000,1200,3,202201,0.9369,22010061,R,R,R,R,R,R,I,R,R,R,R
69.1571,2,1,5,2,3,3,1,1,2,1,65000,840,1,202201,0.9369,22010062,R,R,R,R,R,R,R,R,R,R,R
69.1571,2,1,3,2,3,3,1,1,2,1,100000,1200,3,202201,0.9369,22010063,R,R,R,R,R,R,R,R,R,R,R
69.1571,2,1,5,2,2,3,1,1,2,1,53000,960,1,202201,0.9369,22010064,R,R,R,R,R,R,R,R,R,R,R
69.1571,1,1,4,2,1,3,1,1,3,1,96000,900,1,202201,0.9369,22010065,R,R,R,R,R,R,R,R,R,R,R
69.1571,2,1,3,2,2,3,1,1,2,1,84000,1100,1,202201,0.9369,22010066,R,I,R,R,R,R,R,I,R,I,I
15.745500000000002,1,1,5,2,1,2,1,1,1,1,75000,1300,3,202201,0.9369,22010067,R,R,R,R,R,R,R,R,R,R,R
69.1571,2,1,2,2,2,3,0,0,2,1,68000,1200,3,202201,0.9369,22010068,R,R,R,R,R,R,R,R,R,R,R
69.1571,2,1,1,2,1,3,0,0,2,1,53000,1200,3,202201,0.9369,22010069,R,R,R,R,R,R,R,R,R,R,R
18.5789,2,1,1,2,3,4,0,0,2,1,71000,820,1,202201,0.9369,22010070,I,I,I,I,I,I,I,R,I,I,R
18.5789,2,1,1,2,1,1,0,0,1,1,90000,1200,3,202201,0.9369,22010071,R,I,I,I,I,R,I,R,R,I,R
11.45,2,1,1,2,1,1,0,0,2,1,80000,1000,1,202201,0.9369,22010072,R,I,I,I,I,R,I,R,R,I,R
11.45,2,1,1,2,3,1,0,0,2,1,82000,1100,3,202201,0.9369,22010073,I,I,I,I,I,I,I,R,I,I,R
69.1571,1,2,9,2,9,3,9,9,9,1,99000,660,1,202201,0.9369,22010074,R,R,R,R,R,R,9,9,9,9,9
69.1571,1,2,9,2,9,3,9,9,9,1,53000,660,1,202201,0.9369,22010075,I,I,I,I,I,I,9,9,9,9,9
15.745500000000002,2,2,9,2,9,2,9,9,9,1,89000,1200,3,202201,0.9369,22010076,I,I,I,I,I,I,9,9,9,9,9
15.745500000000002,1,2,9,2,9,2,9,9,9,1,87000,1200,3,202201,0.9369,22010077,I,I,I,I,I,I,9,9,9,9,9
69.1571,1,2,9,2,9,3,9,9,9,1,92000,1200,3,202201,0.9369,22010078,R,R,R,R,R,R,9,9,9,9,9
15.745500000000002,1,2,9,2,9,2,9,9,9,1,120000,1200,3,202201,0.9369,22010079,R,R,R,R,R,R,9,9,9,9,9
69.1571,1,2,9,2,9,3,9,9,9,1,88000,1200,3,202201,0.9369,22010080,R,R,R,R,R,R,9,9,9,9,9
18.5789,1,2,9,2,9,4,9,9,9,1,71000,820,1,202201,0.9369,22010081,I,I,I,I,I,I,9,9,9,9,9
69.1571,1,2,9,2,9,3,9,9,9,1,72000,840,1,202201,0.9369,22010082,I,I,I,I,I,I,9,9,9,9,9
69.1571,1,2,9,2,9,3,9,9,9,1,94000,1300,3,202201,0.9369,22010083,R,I,I,I,I,I,9,9,9,9,9
69.1571,1,2,9,2,9,3,9,9,9,1,90000,1200,3,202201,0.9369,22010084,I,I,I,I,I,I,9,9,9,9,9
15.745500000000002,1,2,9,2,9,2,9,9,9,1,70000,1200,3,202201,0.9369,22010085,R,R,R,R,R,R,9,9,9,9,9
15.745500000000002,1,2,9,2,9,2,9,9,9,1,96000,1300,3,202201,0.9369,22010086,R,R,R,R,R,R,9,9,9,9,9
15.745500000000002,1,2,9,2,9,2,9,9,9,1,89000,1200,3,202201,0.9369,22010087,R,R,R,R,R,R,9,9,9,9,9
69.1571,1,2,9,2,9,3,9,9,9,1,69000,660,1,202201,0.9369,22010088,I,I,I,I,I,I,9,9,9,9,9
69.1571,1,2,9,2,9,3,9,9,9,1,92000,1200,3,202201,0.9369,22010089,I,I,I,I,I,I,9,9,9,9,9
69.1571,1,2,9,2,9,3,9,9,9,1,84000,1200,3,202201,0.9369,22010090,R,R,R,R,R,R,9,9,9,9,9
15.745500000000002,1,2,9,2,9,2,9,9,9,1,94000,1300,3,202201,0.9369,22010091,I,I,I,I,I,I,9,9,9,9,9
11.45,1,2,9,2,9,1,9,9,9,1,93000,1000,1,202201,0.9369,22010092,R,R,R,R,R,R,9,9,9,9,9
15.745500000000002,1,2,9,2,9,2,9,9,9,1,56000,920,3,202201,0.9369,22010093,R,R,R,R,R,R,9,9,9,9,9
69.1571,1,2,9,2,9,3,9,9,9,1,53000,660,1,202201,0.9369,22010094,R,R,R,R,R,R,9,9,9,9,9
18.5789,1,2,9,2,9,4,9,9,9,1,92000,920,3,202201,0.9369,22010095,R,R,R,R,R,R,9,9,9,9,9
15.745500000000002,1,2,9,2,9,2,9,9,9,1,87000,1200,3,202201,0.9369,22010096,I,I,I,I,I,I,9,9,9,9,9
11.45,1,2,9,2,9,1,9,9,9,1,82000,1100,3,202201,0.9369,22010097,R,I,R,R,R,R,9,9,9,9,9
15.745500000000002,1,2,9,2,9,2,9,9,9,1,78000,960,3,202201,0.9369,22010098,R,I,R,R,R,R,9,9,9,9,9
69.1571,1,2,9,2,9,3,9,9,9,1,130000,1300,1,202201,0.9369,22010099,R,R,R,R,R,R,9,9,9,9,9
15.745500000000002,1,2,9,2,9,2,9,9,9,1,76000,1200,3,202201,0.9369,22010100,R,R,R,R,R,R,9,9,9,9,9
69.1571,1,2,9,2,9,3,9,9,9,1,88000,1100,1,202201,0.9369,22010101,R,R,R,R,R,R,9,9,9,9,9
15.745500000000002,1,2,9,1,9,2,9,9,9,1,9,1300,3,202201,0.9369,22010102,R,9,I,I,R,R,9,9,9,9,9
15.745500000000002,1,2,9,2,9,2,9,9,9,1,90000,1200,3,202201,0.9369,22010103,I,I,I,I,I,I,9,9,9,9,9
15.745500000000002,1,2,9,2,9,2,9,9,9,1,90000,1200,3,202201,0.9369,22010104,I,I,I,I,I,I,9,9,9,9,9
15.745500000000002,2,2,9,2,9,2,9,9,9,1,85000,1100,3,202201,0.9369,22010105,R,R,R,R,R,R,9,9,9,9,9
69.1571,1,2,9,2,9,3,9,9,9,1,100000,1300,3,202201,0.9369,22010106,R,R,R,R,R,R,9,9,9,9,9
15.745500000000002,1,2,9,2,9,2,9,9,9,1,78000,960,3,202201,0.9369,22010107,R,I,R,R,R,R,9,9,9,9,9
69.1571,1,2,9,2,9,3,9,9,9,1,90000,1200,3,202201,0.9369,22010108,I,I,I,I,I,I,9,9,9,9,9
11.45,1,2,9,2,9,1,9,9,9,1,68000,870,1,202201,0.9369,22010109,R,R,R,R,R,R,9,9,9,9,9
69.1571,1,2,9,2,9,3,9,9,9,1,90000,1200,3,202201,0.9369,22010110,R,R,R,R,R,R,9,9,9,9,9
15.745500000000002,1,2,9,2,9,2,9,9,9,1,90000,1200,3,202201,0.9369,22010111,I,I,I,I,I,I,9,9,9,9,9
15.745500000000002,1,2,9,2,9,2,9,9,9,1,83000,1300,3,202201,0.9369,22010112,R,R,R,R,R,R,9,9,9,9,9
69.1571,2,2,9,2,9,3,9,9,9,1,130000,1200,3,202201,0.9369,22010113,R,R,R,R,R,R,9,9,9,9,9
15.745500000000002,1,2,9,2,9,2,9,9,9,1,80000,1300,3,202201,0.9369,22010114,R,R,R,R,R,R,9,9,9,9,9
11.45,1,2,9,2,9,1,9,9,9,1,82000,1100,3,202201,0.9369,22010115,I,I,I,I,I,I,9,9,9,9,9
15.745500000000002,1,2,9,2,9,2,9,9,9,1,90000,1200,3,202201,0.9369,22010116,I,I,I,I,I,I,9,9,9,9,9
69.1571,2,2,9,2,9,3,9,9,9,1,110000,1200,3,202201,0.9369,22010117,R,R,R,R,R,R,9,9,9,9,9
15.745500000000002,1,2,9,2,9,2,9,9,9,1,95000,1200,3,202201,0.9369,22010118,R,R,R,R,R,R,9,9,9,9,9
69.1571,1,2,9,2,9,3,9,9,9,1,90000,1200,3,202201,0.9369,22010119,I,I,I,I,I,I,9,9,9,9,9
15.745500000000002,1,2,9,2,9,2,9,9,9,1,94000,1300,3,202201,0.9369,22010120,I,I,I,I,I,I,9,9,9,9,9
69.1571,1,2,9,2,9,3,9,9,9,1,87000,1200,3,202201,0.9369,22010121,I,I,I,I,I,I,9,9,9,9,9
15.745500000000002,1,2,9,2,9,2,9,9,9,1,90000,1200,1,202201,0.9369,22010122,I,I,I,I,I,I,9,9,9,9,9
1.0,3,9,9,9,9,5,9,9,9,1,9,9,9,202201,0.9369,22010123,R,9,9,9,9,9,9,9,9,9,9
1.0,3,9,9,9,9,5,9,9,9,1,9,9,9,202201,0.9369,22010124,R,9,9,9,9,9,9,9,9,9,9
1.0,3,9,9,9,9,5,9,9,9,1,9,9,9,202201,0.9369,22010125,R,9,9,9,9,9,9,9,9,9,9
1.0,3,9,9,9,9,5,9,9,9,1,9,9,9,202201,0.9369,22010126,R,9,9,9,9,9,9,9,9,9,9
1.0,3,9,9,9,9,5,9,9,9,1,9,9,9,202201,0.9369,22010127,R,9,9,9,9,9,9,9,9,9,9
1.0,3,9,9,9,9,5,9,9,9,1,9,9,9,202201,0.9369,22010128,R,9,9,9,9,9,9,9,9,9,9
1.0,3,9,9,9,9,5,9,9,9,1,9,9,9,202201,0.9369,22010129,R,9,9,9,9,9,9,9,9,9,9
1.0,3,9,9,9,9,5,9,9,9,1,9,9,9,202201,0.9369,22010130,R,9,9,9,9,9,9,9,9,9,9
1.0,3,9,9,9,9,5,9,9,9,1,9,9,9,202201,0.9369,22010131,R,9,9,9,9,9,9,9,9,9,9
1.0,3,9,9,9,9,5,9,9,9,1,9,9,9,202201,0.9369,22010132,R,9,9,9,9,9,9,9,9,9,9
1.0,3,9,9,9,9,5,9,9,9,1,9,9,9,202201,0.9369,22010133,R,9,9,9,9,9,9,9,9,9,9
1.0,3,9,9,9,9,5,9,9,9,1,9,9,9,202201,0.9369,22010134,R,9,9,9,9,9,9,9,9,9,9
1.0,3,9,9,9,9,5,9,9,9,1,9,9,9,202201,0.9369,22010135,R,9,9,9,9,9,9,9,9,9,9
1.0,3,9,9,9,9,5,9,9,9,1,9,9,9,202201,0.9369,22010136,R,9,9,9,9,9,9,9,9,9,9
1.0,3,9,9,9,9,5,9,9,9,1,9,9,9,202201,0.9369,22010137,R,9,9,9,9,9,9,9,9,9,9
1.0,3,9,9,9,9,5,9,9,9,1,9,9,9,202201,0.9369,22010138,R,9,9,9,9,9,9,9,9,9,9
1.0,3,9,9,9,9,5,9,9,9,1,9,9,9,202201,0.9369,22010139,R,9,9,9,9,9,9,9,9,9,9
1.0,3,9,9,9,9,5,9,9,9,1,9,9,9,202201,0.9369,22010140,R,9,9,9,9,9,9,9,9,9,9
1.0,3,9,9,9,9,5,9,9,9,1,9,9,9,202201,0.9369,22010141,R,9,9,9,9,9,9,9,9,9,9
1.0,3,9,9,9,9,5,9,9,9,1,9,9,9,202201,0.9369,22010142,R,9,9,9,9,9,9,9,9,9,9
69.1571,3,9,9,9,9,5,9,9,9,1,9,9,9,202201,0.9369,22010143,I,9,9,9,9,9,9,9,9,9,9
1.0,3,9,9,9,9,5,9,9,9,1,9,9,9,202201,0.9369,22010144,R,9,9,9,9,9,9,9,9,9,9
1.0,3,9,9,9,9,5,9,9,9,1,9,9,9,202201,0.9369,22010145,R,9,9,9,9,9,9,9,9,9,9
1.0,3,9,9,9,9,5,9,9,9,1,9,9,9,202201,0.9369,22010146,R,9,9,9,9,9,9,9,9,9,9
1.0,3,9,9,9,9,5,9,9,9,1,9,9,9,202201,0.9369,22010147,R,9,9,9,9,9,9,9,9,9,9
1.0,3,9,9,9,9,5,9,9,9,1,9,9,9,202201,0.9369,22010148,R,9,9,9,9,9,9,9,9,9,9
1.0,3,9,9,9,9,5,9,9,9,1,9,9,9,202201,0.9369,22010149,R,9,9,9,9,9,9,9,9,9,9
1.0,3,9,9,9,9,5,9,9,9,1,9,9,9,202201,0.9369,22010150,R,9,9,9,9,9,9,9,9,9,9
1.0,3,9,9,9,9,5,9,9,9,1,9,9,9,202201,0.9369,22010151,R,9,9,9,9,9,9,9,9,9,9
1.0,3,9,9,9,9,5,9,9,9,1,9,9,9,202201,0.9369,22010152,R,9,9,9,9,9,9,9,9,9,9
1.0,3,9,9,9,9,5,9,9,9,1,9,9,9,202201,0.9369,22010153,R,9,9,9,9,9,9,9,9,9,9
1.0,3,9,9,9,9,5,9,9,9,1,9,9,9,202201,0.9369,22010154,R,9,9,9,9,9,9,9,9,9,9
1.0,3,9,9,9,9,5,9,9,9,1,9,9,9,202201,0.9369,22010155,R,9,9,9,9,9,9,9,9,9,9
69.1571,3,9,9,9,9,5,9,9,9,1,9,9,9,202201,0.9369,22010156,I,9,9,9,9,9,9,9,9,9,9
69.1571,3,9,9,9,9,5,9,9,9,1,9,9,9,202201,0.9369,22010157,I,9,9,9,9,9,9,9,9,9,9
69.1571,3,9,9,9,9,5,9,9,9,1,9,9,9,202201,0.9369,22010158,R,9,9,9,9,9,9,9,9,9,9
34.5786,2,1,4,2,3,3,1,1,2,2,140000,2000,3,202201,1.0616,22010159,R,R,R,R,R,R,R,R,R,R,R
34.5786,2,1,3,2,2,3,1,1,2,2,130000,1700,3,202201,1.0616,22010160,R,R,R,R,R,R,R,R,R,R,R
34.5786,2,1,4,2,3,3,1,1,2,2,140000,1700,3,202201,1.0616,22010161,R,R,R,R,R,R,R,R,R,R,R
6.1930000000000005,1,1,3,2,3,5,1,1,2,3,270000,2600,3,202201,1.0616,22010162,R,R,R,R,R,R,R,R,R,R,R
9.2895,2,1,5,2,3,4,1,1,1,2,210000,1200,3,202201,1.0616,22010163,R,R,R,R,R,R,R,R,R,R,I
9.2895,1,1,3,2,3,4,3,2,1,2,140000,1300,1,202201,1.0616,22010164,R,R,R,R,R,R,R,R,R,R,R
9.2895,2,1,3,2,2,4,1,1,1,2,130000,1700,3,202201,1.0616,22010165,R,R,R,R,R,R,R,R,R,R,R
9.2895,2,1,5,2,3,4,3,1,2,2,190000,2200,3,202201,1.0616,22010166,R,R,R,R,R,R,R,R,R,R,R
9.2895,2,1,3,2,1,4,3,1,2,2,140000,1500,3,202201,1.0616,22010167,I,I,I,I,I,I,I,I,I,I,I
9.2895,2,1,3,2,2,4,3,1,2,2,210000,1600,3,202201,1.0616,22010168,R,R,R,R,R,R,R,R,R,R,R
9.2895,2,1,3,2,1,4,1,1,2,2,180000,1400,3,202201,1.0616,22010169,R,R,R,R,R,R,R,R,R,R,R
9.2895,2,1,4,2,1,4,3,1,2,2,160000,2000,3,202201,1.0616,22010170,I,I,I,I,I,I,I,I,I,I,I
9.2895,2,1,3,2,1,4,1,1,2,2,120000,910,1,202201,1.0616,22010171,R,R,R,R,R,R,R,R,R,R,R
9.2895,2,1,3,1,1,4,3,1,2,2,9,1600,3,202201,1.0616,22010172,R,9,I,I,I,R,I,I,I,I,I
9.2895,2,1,4,2,2,4,3,2,1,2,150000,1500,3,202201,1.0616,22010173,R,R,R,R,R,R,R,R,R,R,R
34.5786,2,1,4,2,3,3,1,3,2,2,87000,1700,3,202201,1.0616,22010174,R,R,R,R,R,R,R,R,R,R,R
34.5786,2,1,3,2,3,3,1,2,2,2,140000,1900,3,202201,1.0616,22010175,R,R,R,R,R,R,R,R,R,R,R
34.5786,2,1,4,2,3,3,1,1,2,2,130000,2100,3,202201,1.0616,22010176,R,R,R,R,R,R,R,R,R,R,R
9.2895,2,1,3,2,2,4,4,3,1,2,96000,910,3,202201,1.0616,22010177,R,R,R,R,R,R,R,R,R,R,R
9.2895,2,1,3,2,1,4,3,1,2,2,140000,1600,3,202201,1.0616,22010178,I,I,I,I,I,I,I,I,I,I,I
9.2895,2,1,4,2,1,4,3,1,1,2,120000,1100,3,202201,1.0616,22010179,I,I,I,I,I,I,I,I,I,I,I
9.2895,1,1,4,1,1,4,3,1,2,2,9,1600,3,202201,1.0616,22010180,I,9,I,I,I,I,I,I,I,I,I
9.2895,2,1,3,2,1,4,3,1,2,2,120000,1200,1,202201,1.0616,22010181,R,I,I,I,I,R,I,I,R,I,I
9.2895,2,1,4,2,1,4,3,1,2,2,200000,1500,3,202201,1.0616,22010182,R,R,R,R,R,R,R,R,R,R,R
9.2895,2,1,3,2,2,4,1,1,2,2,120000,910,1,202201,1.0616,22010183,R,I,R,R,R,R,R,R,R,R,R
9.2895,1,1,3,1,1,4,3,1,2,2,9,1100,3,202201,1.0616,22010184,I,9,I,I,I,I,I,I,I,I,I
9.2895,2,1,3,2,3,4,3,2,1,2,140000,1600,3,202201,1.0616,22010185,R,R,R,R,R,R,R,R,R,R,R
9.2895,2,1,4,2,1,4,3,1,2,2,260000,1200,1,202201,1.0616,22010186,R,R,R,R,R,R,R,R,R,R,R
9.2895,2,1,4,2,1,4,3,1,2,2,150000,1600,3,202201,1.0616,22010187,I,I,I,I,I,I,I,I,I,I,I
9.2895,1,1,4,2,1,4,3,1,2,2,150000,1600,3,202201,1.0616,22010188,I,I,I,I,I,I,I,I,I,I,I
9.2895,2,1,4,1,1,4,3,1,2,2,9,910,1,202201,1.0616,22010189,I,9,I,I,I,I,I,I,I,I,I
9.2895,2,1,4,2,1,4,3,1,2,2,130000,1300,1,202201,1.0616,22010190,I,I,I,I,I,I,I,I,I,I,I
9.2895,2,1,3,2,1,4,1,1,2,2,160000,1800,3,202201,1.0616,22010191,I,I,I,I,I,I,I,I,I,I,I
9.2895,2,1,3,2,1,4,1,1,2,2,180000,2200,3,202201,1.0616,22010192,I,I,I,I,I,I,I,I,I,I,I
5.725,2,1,3,2,2,1,1,1,2,2,140000,1300,3,202201,1.0616,22010193,R,R,R,R,R,R,R,R,R,R,R
34.5786,2,1,4,2,3,3,1,2,2,2,170000,2100,3,202201,1.0616,22010194,I,I,I,I,I,I,I,I,I,I,I
34.5786,1,1,3,2,2,3,1,1,2,2,200000,2500,3,202201,1.0616,22010195,R,R,R,R,R,R,R,R,R,R,R
34.5786,2,1,5,2,3,3,1,1,2,2,110000,1700,3,202201,1.0616,22010196,R,R,R,R,R,R,R,R,R,R,R
34.5786,2,1,3,2,3,3,1,1,2,2,240000,2500,3,202201,1.0616,22010197,R,R,R,R,R,R,R,R,R,R,R
34.5786,2,1,4,2,3,3,1,1,2,2,140000,1600,3,202201,1.0616,22010198,R,I,I,I,I,R,I,I,I,I,I
34.5786,2,1,4,2,2,3,1,1,2,2,87000,1100,3,202201,1.0616,22010199,R,R,R,R,R,R,R,R,R,R,R
34.5786,2,1,3,2,3,3,1,1,2,2,150000,2100,3,202201,1.0616,22010200,R,R,R,R,R,R,R,R,R,R,R
34.5786,2,1,5,2,3,3,1,1,2,2,160000,1900,3,202201,1.0616,22010201,I,I,I,I,I,I,I,I,I,I,I
34.5786,2,1,3,2,3,3,1,1,2,2,140000,1600,3,202201,1.0616,22010202,I,I,I,I,I,I,I,I,I,I,I
6.1930000000000005,2,1,3,2,3,5,1,1,2,3,310000,3100,3,202201,1.0616,22010203,R,R,R,R,R,R,R,R,R,R,R
7.8727,2,1,3,2,2,2,1,1,2,2,170000,2000,3,202201,1.0616,22010204,R,I,R,R,R,R,R,R,R,R,R
7.8727,2,1,3,2,2,2,1,1,2,2,130000,1300,3,202201,1.0616,22010205,R,I,R,R,R,R,R,R,R,R,R
7.8727,2,1,3,2,2,2,1,1,2,2,170000,2000,3,202201,1.0616,22010206,R,I,R,R,R,R,R,R,R,R,R
7.8727,2,1,5,2,1,2,1,2,2,2,140000,1600,3,202201,1.0616,22010207,I,I,I,I,I,I,I,I,I,I,I
34.5786,2,1,3,2,2,2,1,1,1,2,160000,2000,3,202201,1.0616,22010208,R,R,R,R,R,R,R,R,R,R,R
7.8727,2,1,3,2,3,2,1,3,1,2,160000,1600,3,202201,1.0616,22010209,R,R,R,R,R,R,R,R,R,R,R
7.8727,1,1,3,2,1,2,1,1,1,2,150000,1700,3,202201,1.0616,22010210,I,I,I,I,I,I,I,I,I,I,I
7.8727,2,1,3,2,2,2,1,1,2,2,150000,1600,3,202201,1.0616,22010211,R,R,R,R,R,R,R,R,R,R,R
34.5786,2,1,3,2,3,3,1,1,1,2,120000,1700,3,202201,1.0616,22010212,R,R,R,R,R,R,R,R,R,R,R
34.5786,2,1,5,2,3,3,4,1,1,2,140000,2100,3,202201,1.0616,22010213,R,R,R,R,R,R,R,R,R,R,R
7.8727,2,1,3,2,1,2,1,1,2,2,150000,1600,3,202201,1.0616,22010214,I,I,I,I,I,I,I,I,I,I,I
7.8727,1,1,3,2,1,2,1,1,2,2,250000,1800,3,202201,1.0616,22010215,R,R,R,R,R,R,R,R,R,R,R
7.8727,2,1,3,2,1,2,1,1,2,2,89000,1300,3,202201,1.0616,22010216,R,R,R,R,R,R,R,R,R,R,R
7.8727,2,1,3,2,1,2,1,1,2,2,120000,1100,3,202201,1.0616,22010217,R,R,R,R,I,R,R,I,R,I,I
7.8727,1,1,3,1,1,2,1,1,1,2,9,1300,3,202201,1.0616,22010218,R,9,R,R,R,R,R,R,R,R,R
7.8727,2,1,3,2,1,2,1,1,2,2,120000,1600,3,202201,1.0616,22010219,R,R,R,R,I,R,R,I,R,I,I
7.8727,2,1,5,2,1,2,1,1,2,2,120000,1200,3,202201,1.0616,22010220,R,R,R,R,I,R,R,I,R,I,I
7.8727,1,1,3,2,1,2,1,1,3,2,89000,1200,3,202201,1.0616,22010221,R,R,R,R,R,R,R,R,R,R,R
7.8727,1,1,3,2,1,2,1,1,1,2,170000,2100,3,202201,1.0616,22010222,I,I,I,I,I,I,I,I,I,I,I
9.2895,2,1,3,1,1,2,1,1,1,2,9,1500,3,202201,1.0616,22010223,R,9,R,R,R,R,R,R,R,R,R
7.8727,2,1,3,1,1,2,1,1,1,2,9,1300,3,202201,1.0616,22010224,I,9,I,I,I,I,I,I,I,I,I
7.8727,2,1,3,2,1,2,1,1,3,2,140000,1600,3,202201,1.0616,22010225,I,I,I,I,I,I,I,I,I,I,I
9.2895,2,1,3,1,1,2,1,1,1,2,9,1200,3,202201,1.0616,22010226,R,9,R,R,R,R,R,R,R,R,R
7.8727,1,1,3,2,1,2,1,1,2,2,160000,2000,3,202201,1.0616,22010227,R,I,R,R,R,R,R,R,R,R,R
7.8727,2,1,3,2,1,2,1,1,2,2,160000,1800,3,202201,1.0616,22010228,I,I,I,I,I,I,I,I,I,I,I
7.8727,2,1,3,2,1,2,1,1,2,2,150000,1600,3,202201,1.0616,22010229,R,R,R,R,R,R,R,I,R,I,I
7.8727,1,1,3,2,1,2,1,1,2,2,160000,1800,3,202201,1.0616,22010230,I,I,I,I,I,I,I,I,I,I,I
7.8727,2,1,3,2,1,2,1,1,2,2,120000,1300,3,202201,1.0616,22010231,R,R,R,R,I,R,R,I,R,I,I
7.8727,2,1,3,2,1,2,1,1,2,2,110000,1600,3,202201,1.0616,22010232,R,R,R,R,R,R,R,R,R,R,R
7.8727,2,1,3,2,1,2,1,1,2,2,150000,1800,3,202201,1.0616,22010233,R,R,R,R,R,R,R,R,R,R,R
34.5786,2,1,3,2,3,3,1,1,2,2,110000,2200,3,202201,1.0616,22010234,R,R,R,R,R,R,R,R,R,R,R
7.8727,1,1,3,2,1,2,1,2,2,2,100000,1500,3,202201,1.0616,22010235,R,R,R,R,R,R,R,R,R,R,R
7.8727,2,1,3,2,2,2,1,3,2,2,89000,2000,3,202201,1.0616,22010236,R,R,R,R,R,R,R,R,R,R,R
7.8727,2,1,3,2,3,2,1,1,2,2,160000,2000,3,202201,1.0616,22010237,I,I,I,I,I,I,I,I,I,I,I
9.2895,2,1,4,2,2,4,1,2,2,2,170000,2100,3,202201,1.0616,22010238,I,I,I,I,I,I,I,I,I,I,I
7.8727,2,1,3,2,3,2,1,1,1,2,200000,2400,3,202201,1.0616,22010239,R,R,R,R,R,R,R,R,R,R,R
7.8727,2,1,3,2,4,2,1,1,1,2,190000,2400,3,202201,1.0616,22010240,R,R,R,R,R,R,R,R,R,R,R
7.8727,2,1,3,2,3,2,1,1,2,2,140000,1600,3,202201,1.0616,22010241,R,I,R,R,R,R,R,R,R,R,I
7.8727,1,1,3,2,2,2,1,1,2,2,190000,2400,3,202201,1.0616,22010242,R,I,I,I,I,I,I,I,I,I,I
9.2895,1,1,4,2,1,4,3,1,3,2,150000,1700,3,202201,1.0616,22010243,I,I,I,I,I,I,I,I,I,I,I
9.2895,1,1,3,2,3,4,3,1,2,2,140000,1600,3,202201,1.0616,22010244,R,R,R,R,R,R,R,R,R,R,R
9.2895,2,1,3,2,3,4,1,1,2,2,200000,2100,3,202201,1.0616,22010245,R,R,R,R,R,R,R,R,R,R,R
9.2895,1,1,5,2,2,4,1,2,2,2,170000,2200,3,202201,1.0616,22010246,I,I,I,I,I,I,I,I,I,I,I
9.2895,1,1,3,1,2,4,1,1,2,2,9,1600,3,202201,1.0616,22010247,I,9,I,I,I,I,I,I,I,I,I
9.2895,2,1,4,2,3,4,1,1,2,2,140000,1600,3,202201,1.0616,22010248,R,R,R,R,R,R,R,R,R,R,R
9.2895,2,1,3,1,1,4,1,2,2,2,9,1600,3,202201,1.0616,22010249,I,9,I,I,I,R,I,I,R,I,I
9.2895,2,1,4,2,2,4,1,2,2,2,160000,1800,3,202201,1.0616,22010250,I,I,I,I,I,I,I,I,I,I,I
9.2895,1,1,3,2,3,4,1,1,2,2,96000,1600,3,202201,1.0616,22010251,R,R,R,R,R,R,R,R,R,R,R
5.725,2,1,3,2,2,1,1,1,2,2,140000,1600,3,202201,1.0616,22010252,R,R,R,R,R,R,R,R,R,R,R
34.5786,2,1,3,2,2,3,1,1,2,2,160000,1900,3,202201,1.0616,22010253,R,I,R,R,R,R,R,I,R,I,I
7.8727,2,1,3,2,3,2,1,1,2,2,140000,1600,3,202201,1.0616,22010254,R,I,R,R,R,R,R,R,R,R,R
7.8727,2,1,3,2,1,2,1,1,2,2,140000,1400,1,202201,1.0616,22010255,I,I,I,I,I,I,I,I,I,I,I
34.5786,2,1,4,2,3,3,1,3,2,2,87000,1500,3,202201,1.0616,22010256,R,R,R,R,R,R,R,R,R,R,R
9.2895,1,1,3,2,2,4,1,1,2,2,120000,1600,3,202201,1.0616,22010257,R,R,R,R,R,R,R,R,R,R,R
9.2895,1,1,3,2,2,4,1,1,2,2,110000,1100,3,202201,1.0616,22010258,R,R,R,R,R,R,R,R,R,R,R
6.1930000000000005,2,1,3,2,2,5,1,1,2,3,180000,2900,3,202201,1.0616,22010259,R,R,I,I,R,R,R,R,R,R,R
9.2895,2,1,3,2,3,4,1,1,1,2,210000,2100,3,202201,1.0616,22010260,R,R,R,R,R,R,R,R,R,R,R
9.2895,2,1,3,2,2,4,1,1,1,2,120000,1100,1,202201,1.0616,22010261,I,I,I,I,I,I,I,I,I,I,I
9.2895,2,1,3,2,2,4,1,1,2,2,140000,1500,3,202201,1.0616,22010262,I,I,I,I,I,I,I,I,I,I,I
6.1930000000000005,2,1,3,2,3,5,1,1,2,3,220000,2900,3,202201,1.0616,22010263,R,R,R,R,R,R,R,R,R,R,R
5.725,1,1,3,2,1,1,1,1,2,2,210000,1700,3,202201,1.0616,22010264,R,R,R,R,R,R,R,R,R,R,R
34.5786,2,1,3,2,2,1,1,1,2,2,170000,1900,3,202201,1.0616,22010265,R,I,R,R,R,R,R,R,R,R,R
5.725,2,1,3,2,2,1,1,1,1,2,85000,1200,3,202201,1.0616,22010266,R,R,R,R,R,R,R,R,R,R,R
5.725,2,1,3,2,1,1,1,1,2,2,130000,1300,3,202201,1.0616,22010267,I,I,I,I,I,I,I,I,I,I,I
5.725,2,1,3,2,2,1,1,1,2,2,180000,1300,1,202201,1.0616,22010268,R,R,R,R,R,R,R,R,R,R,R
5.725,2,1,3,2,1,1,1,1,2,2,140000,1600,3,202201,1.0616,22010269,I,I,I,I,I,I,I,I,I,I,I
5.725,2,1,3,2,1,1,1,1,1,2,140000,1600,3,202201,1.0616,22010270,I,I,I,I,I,I,I,I,I,I,I
5.725,2,1,4,2,1,1,1,1,3,2,210000,1700,3,202201,1.0616,22010271,R,R,R,R,R,R,R,R,R,R,R
5.725,2,1,3,2,1,1,1,2,2,2,140000,1600,3,202201,1.0616,22010272,R,R,R,R,R,R,R,R,R,R,R
5.725,2,1,3,2,3,1,1,1,2,2,100000,1300,3,202201,1.0616,22010273,R,R,R,R,R,R,R,R,R,R,R
34.5786,2,1,3,2,2,3,1,1,2,2,87000,1600,3,202201,1.0616,22010274,R,R,R,R,R,R,R,R,R,R,R
34.5786,2,1,3,2,3,3,1,1,2,2,170000,1700,3,202201,1.0616,22010275,R,R,R,R,R,R,R,R,R,R,R
34.5786,2,1,3,2,2,3,1,1,1,2,240000,2500,3,202201,1.0616,22010276,R,R,R,R,R,R,R,R,R,R,R
34.5786,2,1,3,2,2,3,1,1,2,2,180000,2300,3,202201,1.0616,22010277,I,I,I,I,I,I,I,I,I,I,I
34.5786,2,1,3,2,3,3,1,1,2,2,140000,1800,3,202201,1.0616,22010278,R,R,R,R,R,R,R,R,R,R,R
34.5786,2,1,3,2,2,3,1,3,2,2,170000,2000,3,202201,1.0616,22010279,I,I,I,I,I,I,I,I,I,I,I
34.5786,2,1,3,2,3,3,1,1,2,2,130000,2300,3,202201,1.0616,22010280,R,R,R,R,R,R,R,R,R,R,R
34.5786,2,1,4,2,2,3,1,1,2,2,110000,1900,3,202201,1.0616,22010281,R,R,R,R,R,R,R,R,R,R,R
34.5786,2,1,3,2,3,3,1,1,1,2,240000,2500,3,202201,1.0616,22010282,R,R,R,R,R,R,R,R,R,R,R
34.5786,2,1,5,2,3,3,1,1,2,2,130000,1700,3,202201,1.0616,22010283,R,R,R,R,R,R,R,R,R,R,R
34.5786,2,1,3,2,3,3,1,1,2,2,150000,1700,3,202201,1.0616,22010284,I,I,I,I,I,I,I,I,I,I,I
34.5786,2,1,4,2,3,3,1,1,2,2,190000,2500,3,202201,1.0616,22010285,I,I,I,I,I,I,I,I,I,I,I
34.5786,2,1,3,2,3,3,1,3,1,2,130000,1900,3,202201,1.0616,22010286,R,R,R,R,R,R,R,R,R,R,R
34.5786,2,1,5,2,2,3,1,1,2,2,87000,1600,3,202201,1.0616,22010287,R,R,R,R,R,R,I,R,R,R,R
34.5786,2,1,3,2,3,3,1,1,1,2,190000,2500,3,202201,1.0616,22010288,I,I,I,I,I,I,I,I,I,I,I
34.5786,2,1,3,2,3,3,1,2,2,2,150000,2500,3,202201,1.0616,22010289,R,R,R,R,R,R,R,R,R,R,R
34.5786,2,1,4,2,2,3,1,1,1,2,190000,2500,3,202201,1.0616,22010290,I,I,I,I,I,I,I,I,I,I,I
7.8727,2,1,3,2,3,2,1,1,2,2,160000,1400,1,202201,1.0616,22010291,R,R,R,R,R,R,R,R,R,R,R
34.5786,2,1,1,2,3,3,0,0,2,2,190000,2500,3,202201,1.0616,22010292,I,I,I,I,I,I,I,R,I,I,R
9.2895,2,1,1,2,3,4,0,0,1,2,220000,1400,1,202201,1.0616,22010293,R,R,R,R,R,R,R,R,R,R,R
9.2895,1,1,1,2,3,4,0,0,2,2,180000,1200,1,202201,1.0616,22010294,R,R,R,R,R,R,R,R,R,R,R
9.2895,2,1,1,2,3,4,0,0,1,2,220000,1100,1,202201,1.0616,22010295,R,R,R,R,R,R,R,R,R,R,R
5.725,1,1,1,1,1,1,0,0,1,2,9,1100,3,202201,1.0616,22010296,R,9,R,R,R,R,R,R,R,R,R
5.725,2,1,1,2,1,1,0,0,2,2,150000,1700,3,202201,1.0616,22010297,R,R,R,R,R,R,R,R,R,R,R
5.725,2,1,1,2,3,1,0,0,1,2,120000,1600,1,202201,1.0616,22010298,R,R,R,R,R,R,R,R,R,R,R
5.725,2,1,1,2,1,1,0,0,1,2,140000,1700,1,202201,1.0616,22010299,R,R,R,R,I,I,R,R,I,I,R
5.725,1,1,2,2,1,1,0,0,2,2,200000,1700,1,202201,1.0616,22010300,R,R,R,R,R,R,R,R,R,R,R
5.725,1,1,1,2,1,1,0,0,1,2,120000,990,1,202201,1.0616,22010301,R,R,R,R,R,R,R,R,R,R,R
5.725,1,1,1,2,2,1,0,0,2,2,280000,1500,3,202201,1.0616,22010302,R,R,R,R,R,R,R,R,R,R,R
5.725,1,1,1,2,1,1,0,0,2,2,130000,1600,3,202201,1.0616,22010303,R,R,R,R,R,R,R,R,R,R,R
34.5786,2,1,2,2,2,3,0,0,1,2,170000,2000,3,202201,1.0616,22010304,R,R,R,R,R,R,R,R,R,R,R
9.2895,2,1,2,2,1,4,0,0,1,2,150000,1700,3,202201,1.0616,22010305,I,I,I,I,I,I,I,R,I,I,R
7.8727,2,1,2,2,3,2,0,0,1,2,110000,1600,3,202201,1.0616,22010306,R,R,R,R,R,R,R,R,R,R,R
34.5786,2,1,2,2,2,3,0,0,2,2,210000,2500,3,202201,1.0616,22010307,R,R,R,R,R,R,R,R,R,R,R
7.8727,1,1,2,2,1,2,0,0,2,2,160000,2000,3,202201,1.0616,22010308,I,I,I,I,I,I,I,R,I,I,R
7.8727,2,1,1,2,3,2,0,0,2,2,120000,2000,3,202201,1.0616,22010309,R,R,R,R,R,R,R,R,R,R,R
9.2895,2,1,1,2,2,4,0,0,2,2,140000,1600,3,202201,1.0616,22010310,I,I,I,I,I,I,I,R,I,I,R
9.2895,2,1,2,2,2,4,0,0,2,2,230000,2200,3,202201,1.0616,22010311,R,R,R,R,R,R,R,R,R,R,R
5.725,2,1,1,2,1,1,0,0,2,2,110000,990,1,202201,1.0616,22010312,I,I,I,I,I,I,I,R,I,I,R
5.725,1,1,1,2,1,1,0,0,2,2,130000,1200,3,202201,1.0616,22010313,I,I,I,I,I,I,I,R,I,I,R
5.725,2,1,1,2,1,1,0,0,1,2,150000,1700,3,202201,1.0616,22010314,I,I,I,I,I,I,I,R,I,I,R
5.725,2,1,1,2,3,1,0,0,1,2,100000,1200,3,202201,1.0616,22010315,R,R,R,R,R,R,R,R,R,R,R
5.725,2,1,1,2,2,1,0,0,2,2,120000,1600,3,202201,1.0616,22010316,R,R,R,R,R,R,R,R,R,R,R
5.725,2,1,1,2,3,1,0,0,2,2,85000,1300,3,202201,1.0616,22010317,R,R,R,R,R,R,R,R,R,R,R
5.725,2,1,1,2,1,1,0,0,2,2,140000,1600,3,202201,1.0616,22010318,I,I,I,I,I,I,I,R,I,I,R
34.5786,2,1,2,2,3,3,0,0,1,2,110000,1600,3,202201,1.0616,22010319,R,R,R,R,R,R,R,R,R,R,R
9.2895,2,1,1,2,3,4,0,0,2,2,96000,1200,3,202201,1.0616,22010320,R,R,R,R,R,R,R,R,R,R,R
5.725,2,1,2,2,3,1,0,0,1,2,85000,990,1,202201,1.0616,22010321,R,R,R,R,R,R,R,R,R,R,R
5.725,2,1,2,2,3,1,0,0,2,2,170000,1700,3,202201,1.0616,22010322,R,R,R,R,R,R,R,R,R,R,R
34.5786,2,1,2,2,1,3,0,0,3,2,190000,2500,3,202201,1.0616,22010323,I,I,I,I,I,I,I,R,I,I,R
7.8727,2,1,1,2,2,2,0,0,2,2,160000,1800,3,202201,1.0616,22010324,R,I,R,R,R,R,I,R,R,I,R
7.8727,2,1,1,2,1,2,0,0,2,2,130000,1500,3,202201,1.0616,22010325,R,R,R,R,R,R,R,R,R,R,R
9.2895,1,2,9,2,9,4,9,9,9,2,140000,1400,3,202201,1.0616,22010326,I,I,I,I,I,I,9,9,9,9,9
9.2895,2,2,9,2,9,4,9,9,9,2,160000,1500,3,202201,1.0616,22010327,R,R,R,R,R,R,9,9,9,9,9
9.2895,2,2,9,2,9,4,9,9,9,2,140000,1500,3,202201,1.0616,22010328,I,I,I,I,I,I,9,9,9,9,9
9.2895,1,2,9,2,9,4,9,9,9,2,210000,1300,3,202201,1.0616,22010329,R,R,R,R,R,I,9,9,9,9,9
9.2895,1,2,9,2,9,4,9,9,9,2,200000,1700,3,202201,1.0616,22010330,R,R,R,R,R,R,9,9,9,9,9
9.2895,2,2,9,2,9,4,9,9,9,2,150000,1700,3,202201,1.0616,22010331,I,I,I,I,I,I,9,9,9,9,9
34.5786,1,2,9,2,9,3,9,9,9,2,190000,2500,3,202201,1.0616,22010332,I,I,I,I,I,I,9,9,9,9,9
34.5786,1,2,9,2,9,3,9,9,9,2,160000,1900,3,202201,1.0616,22010333,I,I,I,I,I,I,9,9,9,9,9
34.5786,1,2,9,2,9,3,9,9,9,2,87000,1600,3,202201,1.0616,22010334,R,R,R,R,R,R,9,9,9,9,9
34.5786,1,2,9,2,9,3,9,9,9,2,160000,1800,3,202201,1.0616,22010335,I,I,I,I,I,I,9,9,9,9,9
34.5786,1,2,9,2,9,3,9,9,9,2,150000,1800,3,202201,1.0616,22010336,R,R,R,R,R,R,9,9,9,9,9
34.5786,1,2,9,2,9,3,9,9,9,2,150000,2500,3,202201,1.0616,22010337,R,R,R,R,R,R,9,9,9,9,9
34.5786,1,2,9,2,9,3,9,9,9,2,180000,2200,3,202201,1.0616,22010338,I,I,I,I,I,I,9,9,9,9,9
34.5786,1,2,9,2,9,3,9,9,9,2,190000,2200,3,202201,1.0616,22010339,R,R,R,R,R,R,9,9,9,9,9
34.5786,1,2,9,2,9,3,9,9,9,2,160000,1900,3,202201,1.0616,22010340,R,R,R,R,R,R,9,9,9,9,9
34.5786,1,2,9,2,9,3,9,9,9,2,190000,2500,3,202201,1.0616,22010341,I,I,I,I,I,I,9,9,9,9,9
34.5786,1,2,9,2,9,3,9,9,9,2,110000,1100,3,202201,1.0616,22010342,I,I,I,I,I,I,9,9,9,9,9
34.5786,1,2,9,2,9,3,9,9,9,2,160000,1800,3,202201,1.0616,22010343,I,I,I,I,I,I,9,9,9,9,9
34.5786,1,2,9,2,9,3,9,9,9,2,150000,1700,3,202201,1.0616,22010344,I,I,I,I,I,I,9,9,9,9,9
9.2895,2,2,9,2,9,4,9,9,9,2,140000,1100,3,202201,1.0616,22010345,R,R,R,R,R,R,9,9,9,9,9
9.2895,1,2,9,2,9,4,9,9,9,2,170000,1800,3,202201,1.0616,22010346,R,R,R,R,R,R,9,9,9,9,9
9.2895,1,2,9,2,9,4,9,9,9,2,160000,2000,3,202201,1.0616,22010347,R,I,R,R,R,R,9,9,9,9,9
9.2895,2,2,9,2,9,4,9,9,9,2,150000,1700,3,202201,1.0616,22010348,I,I,I,I,I,I,9,9,9,9,9
7.8727,1,2,9,2,9,2,9,9,9,2,130000,1300,3,202201,1.0616,22010349,I,I,I,I,I,I,9,9,9,9,9
7.8727,1,2,9,2,9,2,9,9,9,2,110000,1700,3,202201,1.0616,22010350,R,R,R,R,R,R,9,9,9,9,9
7.8727,1,2,9,2,9,2,9,9,9,2,140000,2000,3,202201,1.0616,22010351,R,R,R,R,R,R,9,9,9,9,9
34.5786,1,2,9,2,9,3,9,9,9,2,100000,1100,3,202201,1.0616,22010352,I,I,I,I,I,I,9,9,9,9,9
7.8727,1,2,9,1,9,2,9,9,9,2,9,1500,3,202201,1.0616,22010353,I,9,I,I,I,I,9,9,9,9,9
7.8727,1,2,9,2,9,2,9,9,9,2,110000,1600,3,202201,1.0616,22010354,R,R,R,R,R,R,9,9,9,9,9
34.5786,1,2,9,2,9,3,9,9,9,2,170000,2000,3,202201,1.0616,22010355,R,I,R,R,I,I,9,9,9,9,9
34.5786,1,2,9,2,9,3,9,9,9,2,160000,2500,3,202201,1.0616,22010356,R,R,R,R,R,R,9,9,9,9,9
5.725,1,2,9,2,9,1,9,9,9,2,110000,1300,3,202201,1.0616,22010357,R,R,R,R,R,R,9,9,9,9,9
5.725,1,2,9,2,9,1,9,9,9,2,140000,1700,3,202201,1.0616,22010358,R,R,R,R,R,R,9,9,9,9,9
34.5786,1,2,9,2,9,3,9,9,9,2,150000,2100,3,202201,1.0616,22010359,R,R,R,R,R,R,9,9,9,9,9
5.725,1,2,9,2,9,1,9,9,9,2,130000,1300,3,202201,1.0616,22010360,I,I,I,I,I,I,9,9,9,9,9
5.725,1,2,9,2,9,1,9,9,9,2,140000,1600,3,202201,1.0616,22010361,R,R,R,R,R,R,9,9,9,9,9
7.8727,1,2,9,2,9,2,9,9,9,2,250000,1900,3,202201,1.0616,22010362,R,R,R,R,R,R,9,9,9,9,9
9.2895,1,2,9,2,9,4,9,9,9,2,180000,1700,1,202201,1.0616,22010363,R,R,R,R,R,R,9,9,9,9,9
34.5786,1,2,9,2,9,3,9,9,9,2,140000,1600,3,202201,1.0616,22010364,R,R,R,R,R,R,9,9,9,9,9
34.5786,1,2,9,2,9,3,9,9,9,2,180000,2500,3,202201,1.0616,22010365,R,R,R,R,R,R,9,9,9,9,9
34.5786,1,2,9,2,9,3,9,9,9,2,140000,2100,3,202201,1.0616,22010366,R,R,R,R,R,R,9,9,9,9,9
9.2895,1,2,9,2,9,4,9,9,9,2,150000,1700,1,202201,1.0616,22010367,I,I,I,I,I,I,9,9,9,9,9
34.5786,2,2,9,2,9,3,9,9,9,2,120000,1600,3,202201,1.0616,22010368,R,R,R,R,R,R,9,9,9,9,9
34.5786,1,2,9,2,9,3,9,9,9,2,140000,1500,3,202201,1.0616,22010369,R,R,R,R,R,R,9,9,9,9,9
34.5786,1,2,9,2,9,3,9,9,9,2,140000,1600,3,202201,1.0616,22010370,I,I,I,I,I,I,9,9,9,9,9
34.5786,1,2,9,2,9,3,9,9,9,2,240000,2200,3,202201,1.0616,22010371,R,R,R,R,R,R,9,9,9,9,9
34.5786,1,2,9,2,9,3,9,9,9,2,180000,1800,3,202201,1.0616,22010372,R,R,R,R,R,R,9,9,9,9,9
34.5786,1,2,9,2,9,3,9,9,9,2,240000,1900,3,202201,1.0616,22010373,R,R,R,R,R,R,9,9,9,9,9
34.5786,1,2,9,2,9,3,9,9,9,2,160000,1900,3,202201,1.0616,22010374,R,R,R,R,R,R,9,9,9,9,9
34.5786,1,2,9,2,9,3,9,9,9,2,100000,1100,3,202201,1.0616,22010375,R,I,R,R,R,R,9,9,9,9,9
34.5786,1,2,9,2,9,3,9,9,9,2,87000,1500,3,202201,1.0616,22010376,R,R,R,R,R,R,9,9,9,9,9
7.8727,1,2,9,2,9,2,9,9,9,2,140000,1900,3,202201,1.0616,22010377,R,R,R,R,R,R,9,9,9,9,9
7.8727,1,2,9,2,9,2,9,9,9,2,140000,1900,3,202201,1.0616,22010378,R,R,R,R,R,R,9,9,9,9,9
34.5786,1,2,9,2,9,3,9,9,9,2,150000,2100,3,202201,1.0616,22010379,R,R,R,R,R,R,9,9,9,9,9
9.2895,1,2,9,1,9,4,9,9,9,2,9,1300,1,202201,1.0616,22010380,I,9,I,I,I,I,9,9,9,9,9
9.2895,1,2,9,2,9,4,9,9,9,2,240000,1600,3,202201,1.0616,22010381,R,R,R,R,R,R,9,9,9,9,9
9.2895,2,2,9,2,9,4,9,9,9,2,120000,910,1,202201,1.0616,22010382,I,I,I,I,I,I,9,9,9,9,9
7.8727,1,2,9,2,9,2,9,9,9,2,130000,1200,3,202201,1.0616,22010383,I,I,I,I,I,I,9,9,9,9,9
34.5786,1,2,9,2,9,3,9,9,9,2,160000,1900,3,202201,1.0616,22010384,I,I,I,I,I,I,9,9,9,9,9
5.725,1,2,9,2,9,1,9,9,9,2,100000,990,3,202201,1.0616,22010385,R,R,R,R,R,R,9,9,9,9,9
9.2895,1,2,9,2,9,4,9,9,9,2,220000,1600,3,202201,1.0616,22010386,R,R,R,R,R,R,9,9,9,9,9
34.5786,1,2,9,2,9,3,9,9,9,2,170000,2000,3,202201,1.0616,22010387,I,I,I,I,I,I,9,9,9,9,9
9.2895,1,2,9,2,9,4,9,9,9,2,300000,1800,3,202201,1.0616,22010388,R,R,R,R,R,R,9,9,9,9,9
34.5786,1,2,9,2,9,3,9,9,9,2,140000,1600,3,202201,1.0616,22010389,I,I,I,I,I,I,9,9,9,9,9
7.8727,1,2,9,2,9,2,9,9,9,2,120000,1500,3,202201,1.0616,22010390,R,R,R,R,R,R,9,9,9,9,9
34.5786,1,2,9,2,9,3,9,9,9,2,240000,2100,3,202201,1.0616,22010391,R,R,R,R,R,R,9,9,9,9,9
5.725,2,2,9,2,9,1,9,9,9,2,160000,1900,3,202201,1.0616,22010392,R,I,R,R,R,R,9,9,9,9,9
34.5786,1,2,9,2,9,3,9,9,9,2,190000,2500,3,202201,1.0616,22010393,R,R,R,R,R,R,9,9,9,9,9
9.2895,1,2,9,2,9,4,9,9,9,2,130000,1200,3,202201,1.0616,22010394,I,I,I,I,I,I,9,9,9,9,9
9.2895,2,2,9,2,9,4,9,9,9,2,160000,1300,1,202201,1.0616,22010395,R,R,R,R,R,R,9,9,9,9,9
9.2895,1,2,9,2,9,4,9,9,9,2,160000,1400,3,202201,1.0616,22010396,R,R,R,R,R,R,9,9,9,9,9
34.5786,1,2,9,2,9,3,9,9,9,2,200000,2500,3,202201,1.0616,22010397,R,R,R,R,R,R,9,9,9,9,9
7.8727,2,2,9,1,9,2,9,9,9,2,9,1500,3,202201,1.0616,22010398,R,9,R,R,R,R,9,9,9,9,9
34.5786,1,2,9,2,9,3,9,9,9,2,200000,2500,3,202201,1.0616,22010399,R,R,R,R,R,R,9,9,9,9,9
5.725,1,2,9,2,9,1,9,9,9,2,160000,1700,3,202201,1.0616,22010400,R,R,R,R,R,R,9,9,9,9,9
7.8727,1,2,9,2,9,2,9,9,9,2,89000,1300,3,202201,1.0616,22010401,R,R,R,R,R,R,9,9,9,9,9
7.8727,1,2,9,2,9,2,9,9,9,2,170000,2000,3,202201,1.0616,22010402,I,I,I,I,I,I,9,9,9,9,9
5.725,1,2,9,2,9,1,9,9,9,2,130000,1300,3,202201,1.0616,22010403,I,I,I,I,I,I,9,9,9,9,9
34.5786,1,2,9,2,9,3,9,9,9,2,120000,1500,3,202201,1.0616,22010404,R,R,R,R,R,R,9,9,9,9,9
34.5786,1,2,9,2,9,3,9,9,9,2,190000,2500,3,202201,1.0616,22010405,R,I,R,R,R,R,9,9,9,9,9
34.5786,1,2,9,2,9,3,9,9,9,2,180000,2200,3,202201,1.0616,22010406,I,I,I,I,I,I,9,9,9,9,9
7.8727,1,2,9,2,9,2,9,9,9,2,140000,1600,3,202201,1.0616,22010407,I,I,I,I,I,I,9,9,9,9,9
5.725,1,2,9,2,9,1,9,9,9,2,85000,1300,3,202201,1.0616,22010408,R,R,R,R,R,R,9,9,9,9,9
34.5786,1,2,9,2,9,3,9,9,9,2,240000,2500,3,202201,1.0616,22010409,R,R,R,R,R,R,9,9,9,9,9
7.8727,1,2,9,2,9,2,9,9,9,2,140000,1100,3,202201,1.0616,22010410,R,R,R,R,R,R,9,9,9,9,9
34.5786,1,2,9,2,9,3,9,9,9,2,140000,1600,3,202201,1.0616,22010411,R,R,R,R,R,R,9,9,9,9,9
5.725,1,2,9,2,9,1,9,9,9,2,100000,1300,3,202201,1.0616,22010412,R,R,R,R,R,R,9,9,9,9,9
5.725,1,2,9,2,9,1,9,9,9,2,170000,1700,3,202201,1.0616,22010413,R,R,R,R,R,R,9,9,9,9,9
7.8727,1,2,9,2,9,2,9,9,9,2,120000,1700,3,202201,1.0616,22010414,R,R,R,R,R,R,9,9,9,9,9
9.2895,1,2,9,2,9,4,9,9,9,2,130000,1300,3,202201,1.0616,22010415,I,I,I,I,I,I,9,9,9,9,9
34.5786,1,2,9,2,9,3,9,9,9,2,170000,1800,3,202201,1.0616,22010416,R,R,R,R,R,R,9,9,9,9,9
5.725,1,2,9,2,9,1,9,9,9,2,110000,1300,3,202201,1.0616,22010417,R,R,R,R,R,R,9,9,9,9,9
7.8727,1,2,9,2,9,2,9,9,9,2,160000,1900,3,202201,1.0616,22010418,R,I,I,I,I,I,9,9,9,9,9
5.725,1,2,9,2,9,1,9,9,9,2,130000,1300,3,202201,1.0616,22010419,R,I,R,R,R,R,9,9,9,9,9
5.725,2,2,9,2,9,1,9,9,9,2,170000,1900,3,202201,1.0616,22010420,I,I,I,I,I,I,9,9,9,9,9
9.2895,1,2,9,2,9,4,9,9,9,2,150000,1700,3,202201,1.0616,22010421,I,I,I,I,I,I,9,9,9,9,9
5.725,1,2,9,2,9,1,9,9,9,2,93000,990,1,202201,1.0616,22010422,R,R,R,R,R,R,9,9,9,9,9
34.5786,1,2,9,2,9,3,9,9,9,2,150000,2000,3,202201,1.0616,22010423,R,R,R,R,R,R,9,9,9,9,9
34.5786,2,2,9,2,9,3,9,9,9,2,140000,1600,3,202201,1.0616,22010424,R,R,R,R,R,R,9,9,9,9,9
7.8727,1,2,9,2,9,2,9,9,9,2,160000,1600,3,202201,1.0616,22010425,R,R,R,R,R,R,9,9,9,9,9
34.5786,1,2,9,2,9,3,9,9,9,2,140000,1600,3,202201,1.0616,22010426,R,R,R,R,R,R,9,9,9,9,9
34.5786,1,2,9,2,9,3,9,9,9,2,150000,1700,3,202201,1.0616,22010427,I,I,I,I,I,I,9,9,9,9,9
34.5786,1,2,9,2,9,3,9,9,9,2,87000,1900,3,202201,1.0616,22010428,R,R,R,R,R,R,9,9,9,9,9
34.5786,1,2,9,2,9,3,9,9,9,2,170000,2000,3,202201,1.0616,22010429,I,I,I,I,I,I,9,9,9,9,9
34.5786,1,2,9,2,9,3,9,9,9,2,150000,1800,3,202201,1.0616,22010430,R,R,R,R,R,R,9,9,9,9,9
7.8727,1,2,9,2,9,2,9,9,9,2,140000,2100,3,202201,1.0616,22010431,R,R,R,R,R,R,9,9,9,9,9
34.5786,1,2,9,2,9,3,9,9,9,2,110000,2200,3,202201,1.0616,22010432,R,R,R,R,R,R,9,9,9,9,9
7.8727,1,2,9,2,9,2,9,9,9,2,140000,1600,3,202201,1.0616,22010433,I,I,I,I,I,I,9,9,9,9,9
34.5786,3,9,9,9,9,5,9,9,9,2,9,9,9,202201,1.0616,22010434,R,9,9,9,9,9,9,9,9,9,9
5.725,3,9,9,9,9,5,9,9,9,2,9,9,9,202201,1.0616,22010435,R,9,9,9,9,9,9,9,9,9,9
5.725,3,9,9,9,9,5,9,9,9,2,9,9,9,202201,1.0616,22010436,R,9,9,9,9,9,9,9,9,9,9
34.5786,3,9,9,9,9,5,9,9,9,2,9,9,9,202201,1.0616,22010437,R,9,9,9,9,9,9,9,9,9,9
70.25,2,1,5,2,2,3,1,1,2,1,53000,900,1,202202,0.9875,22020001,R,R,R,R,R,R,R,R,R,R,R
70.25,2,1,5,2,1,3,1,1,2,1,85000,1300,1,202202,0.9875,22020002,R,R,R,R,R,R,R,R,R,R,R
70.25,2,1,4,2,3,3,1,1,2,1,99000,1200,3,202202,0.9875,22020003,R,R,R,R,R,R,R,R,R,R,R
21.1474,2,1,3,2,2,4,1,1,2,1,75000,900,3,202202,0.9875,22020004,R,R,R,R,R,R,R,R,R,R,R
15.354500000000002,2,1,3,2,1,4,1,1,2,1,84000,1100,3,202202,0.9875,22020005,R,I,I,I,R,R,I,I,R,I,I
21.1474,2,1,3,2,1,4,1,1,2,1,84000,1100,3,202202,0.9875,22020006,I,I,I,I,I,I,I,I,I,I,I
21.1474,2,1,3,2,1,4,1,1,2,1,84000,1100,3,202202,0.9875,22020007,I,I,I,I,I,I,I,I,I,I,I
12.3167,2,1,3,2,1,3,1,1,2,1,69000,840,1,202202,0.9875,22020008,R,R,R,R,R,R,R,R,R,R,R
70.25,2,1,5,2,3,3,1,1,2,1,100000,1100,3,202202,0.9875,22020009,R,R,R,R,R,R,R,R,R,R,R
70.25,2,1,3,2,3,3,1,1,2,1,95000,1300,3,202202,0.9875,22020010,I,I,I,I,I,I,I,I,I,I,I
15.354500000000002,2,1,3,1,1,2,1,1,1,1,9,1100,3,202202,0.9875,22020011,R,9,R,R,R,R,R,R,R,R,R
15.354500000000002,2,1,3,1,1,2,1,1,2,1,9,1100,3,202202,0.9875,22020012,R,9,I,I,R,R,I,I,R,I,I
21.1474,2,1,3,1,1,2,1,1,1,1,9,1100,3,202202,0.9875,22020013,R,9,R,R,R,R,R,R,R,R,R
15.354500000000002,1,1,3,2,1,2,1,1,2,1,86000,1100,3,202202,0.9875,22020014,I,I,I,I,I,I,I,I,I,I,I
15.354500000000002,2,1,3,2,1,2,1,1,2,1,86000,1100,3,202202,0.9875,22020015,I,I,I,I,I,I,I,I,I,I,I
15.354500000000002,2,1,4,2,1,2,1,1,2,1,84000,1100,3,202202,0.9875,22020016,I,I,I,I,I,I,I,I,I,I,I
15.354500000000002,2,1,3,2,3,2,1,1,2,1,92000,1200,3,202202,0.9875,22020017,I,I,I,I,I,I,I,I,I,I,I
15.354500000000002,2,1,3,2,1,2,1,1,2,1,69000,740,1,202202,0.9875,22020018,R,I,R,R,R,R,R,R,R,R,R
21.1474,2,1,3,1,1,2,1,1,1,1,9,1100,1,202202,0.9875,22020019,R,9,R,R,R,R,R,R,R,R,R
15.354500000000002,2,1,3,2,2,2,1,1,1,1,120000,1200,3,202202,0.9875,22020020,R,R,R,R,R,R,R,R,R,R,R
15.354500000000002,2,1,3,2,1,2,1,1,2,1,120000,1100,3,202202,0.9875,22020021,R,R,R,R,R,R,R,R,R,R,R
15.354500000000002,2,1,3,2,1,2,1,1,2,1,56000,1100,3,202202,0.9875,22020022,R,R,R,R,R,R,I,I,R,I,I
15.354500000000002,2,1,3,2,1,2,1,1,2,1,84000,1100,1,202202,0.9875,22020023,R,I,I,I,I,R,I,I,R,I,I
15.354500000000002,2,1,3,2,1,2,1,1,2,1,88000,1100,3,202202,0.9875,22020024,I,I,I,I,I,I,I,I,I,I,I
15.354500000000002,2,1,3,2,1,2,1,1,2,1,80000,990,1,202202,0.9875,22020025,R,I,I,I,R,R,I,I,R,I,I
70.25,2,1,3,2,3,3,1,1,1,1,92000,1200,3,202202,0.9875,22020026,I,I,I,I,I,I,I,I,I,I,I
70.25,2,1,3,2,3,3,1,1,2,1,72000,840,1,202202,0.9875,22020027,I,I,I,I,I,I,I,I,I,I,I
70.25,2,1,4,2,3,3,1,2,2,1,92000,1200,3,202202,0.9875,22020028,I,I,I,I,I,I,I,I,I,I,I
15.354500000000002,2,1,3,2,1,2,1,1,2,1,86000,1100,3,202202,0.9875,22020029,I,I,I,I,I,I,I,I,I,I,I
15.354500000000002,2,1,3,2,1,2,1,1,2,1,89000,1100,1,202202,0.9875,22020030,R,R,R,R,R,R,R,I,I,I,I
15.354500000000002,2,1,3,2,1,2,1,1,3,1,86000,1100,3,202202,0.9875,22020031,I,I,I,I,I,I,I,I,I,I,I
15.354500000000002,2,1,3,2,1,2,1,1,1,1,86000,1100,3,202202,0.9875,22020032,I,I,I,I,I,I,I,I,I,I,I
15.354500000000002,2,1,3,2,1,2,1,1,2,1,86000,1100,3,202202,0.9875,22020033,I,I,I,I,I,I,I,I,I,I,I
70.25,2,1,4,2,3,3,1,1,2,1,65000,1300,3,202202,0.9875,22020034,R,R,R,R,R,R,R,R,R,R,R
70.25,2,1,5,2,3,3,1,1,2,1,75000,900,1,202202,0.9875,22020035,I,I,I,I,I,I,I,I,I,I,I
15.354500000000002,2,1,3,2,1,2,1,1,2,1,87000,1100,3,202202,0.9875,22020036,I,I,I,I,I,I,I,I,I,I,I
15.354500000000002,2,1,3,2,3,2,1,1,2,1,70000,1100,3,202202,0.9875,22020037,R,R,R,R,R,R,R,R,R,R,R
15.354500000000002,2,1,3,2,1,2,1,1,2,1,62000,840,1,202202,0.9875,22020038,R,R,R,R,R,R,R,R,R,R,R
21.1474,2,1,5,2,2,4,1,1,2,1,110000,1200,3,202202,0.9875,22020039,R,R,R,R,R,R,R,R,R,R,R
15.354500000000002,2,1,3,1,2,2,1,1,1,1,9,740,1,202202,0.9875,22020040,I,9,I,I,I,I,I,I,I,I,I
15.354500000000002,2,1,3,2,2,2,1,1,2,1,84000,1100,3,202202,0.9875,22020041,I,I,I,I,I,I,I,I,I,I,I
21.1474,2,1,4,2,2,4,1,1,2,1,75000,900,3,202202,0.9875,22020042,I,I,I,I,I,I,I,I,I,I,I
12.3167,2,1,3,2,1,1,1,1,2,1,86000,810,3,202202,0.9875,22020043,R,R,R,R,I,I,R,I,I,I,I
70.25,1,1,3,1,1,3,1,1,1,1,9,1200,3,202202,0.9875,22020044,R,9,R,R,R,R,R,R,R,R,R
15.354500000000002,2,1,3,2,1,2,1,1,2,1,86000,1100,3,202202,0.9875,22020045,I,I,I,I,I,I,I,I,I,I,I
21.1474,2,1,3,2,3,3,1,1,2,1,77000,920,3,202202,0.9875,22020046,I,I,I,I,I,I,I,I,I,I,I
70.25,1,1,3,2,3,3,1,1,2,1,92000,1200,3,202202,0.9875,22020047,I,I,I,I,I,I,I,I,I,I,I
70.25,2,1,3,2,2,3,1,1,2,1,84000,1100,3,202202,0.9875,22020048,I,I,I,I,I,I,I,I,I,I,I
70.25,2,1,5,2,3,3,1,1,2,1,99000,1200,3,202202,0.9875,22020049,R,R,R,R,R,R,R,R,R,R,R
70.25,2,1,5,2,3,3,1,1,2,1,72000,840,1,202202,0.9875,22020050,I,I,I,I,I,I,I,I,I,I,I
70.25,2,1,5,2,3,3,1,1,1,1,92000,1200,3,202202,0.9875,22020051,I,I,I,I,I,I,I,I,I,I,I
70.25,2,1,5,2,3,3,4,1,2,1,66000,840,1,202202,0.9875,22020052,R,R,R,R,R,R,R,R,R,R,R
70.25,2,1,5,2,1,3,1,1,1,1,75000,920,3,202202,0.9875,22020053,R,R,R,R,R,R,R,R,R,R,R
70.25,2,1,5,2,3,3,1,1,2,1,110000,1200,3,202202,0.9875,22020054,R,R,R,R,R,R,R,R,R,R,R
70.25,2,1,3,2,2,3,1,1,1,1,96000,1300,3,202202,0.9875,22020055,R,R,R,R,R,R,R,R,R,R,R
70.25,2,1,3,2,2,3,1,1,1,1,72000,840,3,202202,0.9875,22020056,R,I,R,R,I,I,R,I,I,I,I
15.354500000000002,2,1,5,2,1,2,1,1,3,1,56000,840,1,202202,0.9875,22020057,R,R,R,R,R,R,R,R,R,R,R
21.1474,2,1,1,2,1,4,0,0,2,1,84000,1100,3,202202,0.9875,22020058,I,I,I,I,I,I,I,R,I,I,R
21.1474,2,1,1,2,3,4,0,0,1,1,78000,920,1,202202,0.9875,22020059,R,R,R,R,R,R,R,R,R,R,R
12.3167,2,1,1,2,1,1,0,0,3,1,97000,1200,3,202202,0.9875,22020060,R,R,R,R,R,R,R,R,R,R,R
15.354500000000002,2,1,1,2,1,1,0,0,1,1,150000,630,1,202202,0.9875,22020061,R,R,R,R,I,R,R,R,R,I,R
12.3167,2,1,1,2,1,1,0,0,1,1,92000,1200,3,202202,0.9875,22020062,I,I,I,I,I,I,I,R,I,I,R
15.354500000000002,2,1,1,2,1,2,0,0,3,1,75000,1200,3,202202,0.9875,22020063,R,R,R,R,R,R,R,R,R,R,R
15.354500000000002,1,1,1,2,2,2,0,0,2,1,84000,1100,1,202202,0.9875,22020064,I,I,I,I,I,I,I,R,I,I,R
70.25,1,1,1,1,3,3,0,0,2,1,9,1200,1,202202,0.9875,22020065,I,9,I,I,I,I,I,R,I,I,R
70.25,1,2,9,2,9,3,9,9,9,1,95000,1300,3,202202,0.9875,22020066,R,I,R,R,R,R,9,9,9,9,9
21.1474,2,2,9,2,9,4,9,9,9,1,92000,1200,3,202202,0.9875,22020067,I,I,I,I,I,I,9,9,9,9,9
15.354500000000002,2,2,9,2,9,2,9,9,9,1,90000,1200,3,202202,0.9875,22020068,R,R,R,R,R,R,9,9,9,9,9
15.354500000000002,1,2,9,2,9,2,9,9,9,1,67000,1100,1,202202,0.9875,22020069,R,R,R,R,R,R,9,9,9,9,9
12.3167,1,2,9,2,9,1,9,9,9,1,88000,1100,3,202202,0.9875,22020070,I,I,I,I,I,I,9,9,9,9,9
70.25,1,2,9,2,9,3,9,9,9,1,130000,1200,3,202202,0.9875,22020071,R,R,R,R,R,R,9,9,9,9,9
70.25,1,2,9,2,9,3,9,9,9,1,97000,1200,3,202202,0.9875,22020072,R,R,R,R,R,R,9,9,9,9,9
15.354500000000002,2,2,9,2,9,2,9,9,9,1,80000,840,3,202202,0.9875,22020073,R,R,R,R,I,I,9,9,9,9,9
15.354500000000002,2,2,9,2,9,2,9,9,9,1,86000,1100,3,202202,0.9875,22020074,I,I,I,I,I,I,9,9,9,9,9
15.354500000000002,1,2,9,2,9,2,9,9,9,1,72000,840,1,202202,0.9875,22020075,I,I,I,I,I,I,9,9,9,9,9
70.25,1,2,9,2,9,3,9,9,9,1,53000,840,1,202202,0.9875,22020076,R,R,R,R,R,R,9,9,9,9,9
15.354500000000002,1,2,9,2,9,2,9,9,9,1,86000,1100,3,202202,0.9875,22020077,I,I,I,I,I,I,9,9,9,9,9
70.25,1,2,9,2,9,3,9,9,9,1,92000,1200,3,202202,0.9875,22020078,R,I,R,R,R,R,9,9,9,9,9
70.25,1,2,9,2,9,3,9,9,9,1,77000,920,1,202202,0.9875,22020079,R,I,R,R,R,R,9,9,9,9,9
70.25,2,2,9,2,9,3,9,9,9,1,92000,1200,3,202202,0.9875,22020080,R,I,I,I,I,I,9,9,9,9,9
70.25,2,2,9,2,9,3,9,9,9,1,130000,1200,3,202202,0.9875,22020081,R,R,R,R,R,R,9,9,9,9,9
70.25,2,2,9,2,9,3,9,9,9,1,95000,1300,3,202202,0.9875,22020082,I,I,I,I,I,I,9,9,9,9,9
70.25,1,2,9,2,9,3,9,9,9,1,97000,1200,3,202202,0.9875,22020083,R,R,R,R,R,R,9,9,9,9,9
70.25,1,2,9,2,9,3,9,9,9,1,92000,1200,3,202202,0.9875,22020084,I,I,I,I,I,I,9,9,9,9,9
70.25,1,2,9,2,9,3,9,9,9,1,88000,1100,3,202202,0.9875,22020085,I,I,I,I,I,I,9,9,9,9,9
15.354500000000002,2,2,9,2,9,2,9,9,9,1,92000,1200,3,202202,0.9875,22020086,I,I,I,I,I,I,9,9,9,9,9
15.354500000000002,1,2,9,2,9,2,9,9,9,1,95000,1100,3,202202,0.9875,22020087,R,R,R,R,R,R,9,9,9,9,9
12.3167,1,2,9,2,9,1,9,9,9,1,98000,1200,3,202202,0.9875,22020088,R,R,R,R,R,R,9,9,9,9,9
12.3167,1,2,9,2,9,1,9,9,9,1,71000,810,1,202202,0.9875,22020089,R,I,R,R,R,I,9,9,9,9,9
15.354500000000002,2,2,9,2,9,2,9,9,9,1,86000,1100,3,202202,0.9875,22020090,I,I,I,I,I,I,9,9,9,9,9
15.354500000000002,1,2,9,2,9,2,9,9,9,1,84000,1100,3,202202,0.9875,22020091,I,I,I,I,I,I,9,9,9,9,9
70.25,1,2,9,2,9,3,9,9,9,1,90000,1300,3,202202,0.9875,22020092,R,R,R,R,R,R,9,9,9,9,9
70.25,1,2,9,2,9,3,9,9,9,1,81000,1200,1,202202,0.9875,22020093,R,R,R,R,R,R,9,9,9,9,9
12.3167,1,2,9,2,9,1,9,9,9,1,79000,1100,3,202202,0.9875,22020094,R,R,R,R,R,R,9,9,9,9,9
12.3167,2,2,9,2,9,1,9,9,9,1,71000,920,3,202202,0.9875,22020095,R,R,R,R,R,R,9,9,9,9,9
15.354500000000002,2,2,9,2,9,2,9,9,9,1,73000,860,1,202202,0.9875,22020096,R,I,R,R,R,R,9,9,9,9,9
12.3167,1,2,9,2,9,1,9,9,9,1,55000,630,1,202202,0.9875,22020097,R,R,R,R,R,R,9,9,9,9,9
15.354500000000002,1,2,9,2,9,2,9,9,9,1,92000,1200,3,202202,0.9875,22020098,I,I,I,I,I,I,9,9,9,9,9
70.25,1,2,9,2,9,3,9,9,9,1,92000,1200,3,202202,0.9875,22020099,I,I,I,I,I,I,9,9,9,9,9
70.25,2,2,9,2,9,3,9,9,9,1,97000,1300,3,202202,0.9875,22020100,R,I,I,I,I,I,9,9,9,9,9
70.25,1,2,9,2,9,3,9,9,9,1,84000,1100,3,202202,0.9875,22020101,R,R,R,R,R,R,9,9,9,9,9
70.25,1,2,9,2,9,3,9,9,9,1,89000,1200,3,202202,0.9875,22020102,I,I,I,I,I,I,9,9,9,9,9
70.25,3,9,9,9,9,5,9,9,9,1,9,9,9,202202,0.9875,22020103,R,9,9,9,9,9,9,9,9,9,9
12.3167,3,9,9,9,9,5,9,9,9,1,9,9,9,202202,0.9875,22020104,R,9,9,9,9,9,9,9,9,9,9
15.354500000000002,3,9,9,9,9,5,9,9,9,1,9,9,9,202202,0.9875,22020105,R,9,9,9,9,9,9,9,9,9,9
70.25,3,9,9,9,9,5,9,9,9,1,9,9,9,202202,0.9875,22020106,I,9,9,9,9,9,9,9,9,9,9
1.0,3,9,9,9,9,5,9,9,9,1,9,9,9,202202,0.9875,22020107,R,9,9,9,9,9,9,9,9,9,9
1.0,3,9,9,9,9,5,9,9,9,1,9,9,9,202202,0.9875,22020108,R,9,9,9,9,9,9,9,9,9,9
1.0,3,9,9,9,9,5,9,9,9,1,9,9,9,202202,0.9875,22020109,R,9,9,9,9,9,9,9,9,9,9
1.0,3,9,9,9,9,5,9,9,9,1,9,9,9,202202,0.9875,22020110,R,9,9,9,9,9,9,9,9,9,9
1.0,3,9,9,9,9,5,9,9,9,1,9,9,9,202202,0.9875,22020111,R,9,9,9,9,9,9,9,9,9,9
1.0,3,9,9,9,9,5,9,9,9,1,9,9,9,202202,0.9875,22020112,R,9,9,9,9,9,9,9,9,9,9
1.0,3,9,9,9,9,5,9,9,9,1,9,9,9,202202,0.9875,22020113,R,9,9,9,9,9,9,9,9,9,9
1.0,3,9,9,9,9,5,9,9,9,1,9,9,9,202202,0.9875,22020114,R,9,9,9,9,9,9,9,9,9,9
1.0,3,9,9,9,9,5,9,9,9,1,9,9,9,202202,0.9875,22020115,R,9,9,9,9,9,9,9,9,9,9
15.354500000000002,3,9,9,9,9,5,9,9,9,1,9,9,9,202202,0.9875,22020116,I,9,9,9,9,9,9,9,9,9,9
21.1474,3,9,9,9,9,5,9,9,9,1,9,9,9,202202,0.9875,22020117,R,9,9,9,9,9,9,9,9,9,9
1.0,3,9,9,9,9,5,9,9,9,1,9,9,9,202202,0.9875,22020118,R,9,9,9,9,9,9,9,9,9,9
1.0,3,9,9,9,9,5,9,9,9,1,9,9,9,202202,0.9875,22020119,R,9,9,9,9,9,9,9,9,9,9
1.0,3,9,9,9,9,5,9,9,9,1,9,9,9,202202,0.9875,22020120,R,9,9,9,9,9,9,9,9,9,9
1.0,3,9,9,9,9,5,9,9,9,1,9,9,9,202202,0.9875,22020121,R,9,9,9,9,9,9,9,9,9,9
35.125,2,1,3,2,2,3,1,1,1,2,150000,2500,3,202202,1.0442,22020122,R,R,R,R,R,R,R,R,R,R,R
35.125,2,1,4,2,3,3,1,1,2,2,160000,1800,3,202202,1.0442,22020123,R,R,R,R,R,R,R,R,R,R,R
10.5737,2,1,3,2,3,4,1,1,2,2,160000,1700,3,202202,1.0442,22020124,I,I,I,I,I,I,I,I,I,I,I
7.0491,2,1,3,2,4,5,1,1,2,3,210000,2800,3,202202,1.0442,22020125,R,R,R,R,R,R,R,R,R,R,R
7.0491,2,1,3,2,3,5,1,1,1,3,250000,2400,1,202202,1.0442,22020126,R,R,R,R,R,R,R,R,R,R,R
10.5737,1,1,4,2,1,4,1,1,3,2,120000,1400,1,202202,1.0442,22020127,R,R,R,R,R,R,R,R,R,R,R
10.5737,2,1,3,2,3,4,1,1,1,2,130000,1300,3,202202,1.0442,22020128,R,R,R,R,R,R,R,R,R,R,R
10.5737,2,1,3,2,2,4,1,1,2,2,140000,1300,3,202202,1.0442,22020129,R,R,R,R,R,R,R,R,R,R,R
10.5737,2,1,5,2,1,4,3,3,3,2,220000,1200,1,202202,1.0442,22020130,R,R,R,R,R,R,I,I,R,I,I
10.5737,2,1,5,2,1,4,3,1,2,2,150000,1500,3,202202,1.0442,22020131,I,I,I,I,I,I,I,I,I,I,I
10.5737,2,1,3,2,3,4,3,1,2,2,150000,1600,3,202202,1.0442,22020132,R,R,R,R,R,R,I,I,R,I,I
10.5737,1,1,3,2,1,4,3,1,2,2,130000,1200,1,202202,1.0442,22020133,R,I,R,R,R,R,I,I,R,I,I
10.5737,2,1,4,2,3,4,3,1,2,2,190000,1600,3,202202,1.0442,22020134,R,R,R,R,R,R,R,R,R,R,R
10.5737,2,1,4,2,2,4,3,2,1,2,260000,1100,1,202202,1.0442,22020135,R,R,R,R,R,R,R,R,R,R,R
10.5737,2,1,3,2,3,4,3,1,1,2,220000,1600,3,202202,1.0442,22020136,R,R,R,R,R,R,R,R,R,R,R
10.5737,2,1,3,2,3,4,3,1,2,2,96000,2000,3,202202,1.0442,22020137,R,R,R,R,R,R,R,I,R,I,I
10.5737,2,1,4,2,1,4,3,1,2,2,180000,1400,3,202202,1.0442,22020138,R,R,R,R,R,R,R,R,R,R,R
10.5737,2,1,3,2,1,4,3,1,2,2,130000,1100,1,202202,1.0442,22020139,I,I,I,I,I,I,I,I,I,I,I
35.125,2,1,4,1,4,3,1,1,2,2,9,2000,3,202202,1.0442,22020140,I,9,I,I,I,I,I,I,I,I,I
35.125,2,1,5,2,3,3,1,3,2,2,110000,1800,3,202202,1.0442,22020141,R,R,R,R,R,R,R,R,R,R,R
10.5737,2,1,4,2,1,4,3,1,2,2,130000,1200,3,202202,1.0442,22020142,R,I,R,R,R,R,R,R,R,R,R
10.5737,1,1,4,2,1,4,3,1,2,2,150000,1500,3,202202,1.0442,22020143,I,I,I,I,I,I,I,I,I,I,I
7.0491,2,1,3,2,2,5,1,1,1,3,190000,2600,3,202202,1.0442,22020144,R,R,R,R,R,R,R,R,R,R,R
10.5737,2,1,4,2,1,4,2,1,2,2,300000,1600,3,202202,1.0442,22020145,R,R,R,R,R,R,R,R,R,R,R
10.5737,1,1,4,2,1,4,3,1,1,2,150000,1500,3,202202,1.0442,22020146,R,I,R,R,R,R,I,I,R,I,I
10.5737,2,1,4,2,1,4,3,2,2,2,160000,1600,3,202202,1.0442,22020147,I,I,I,I,I,I,I,I,I,I,I
10.5737,2,1,5,2,1,4,3,1,2,2,300000,1600,3,202202,1.0442,22020148,R,R,R,R,R,R,R,R,R,R,R
10.5737,2,1,3,2,1,4,3,1,3,2,96000,910,1,202202,1.0442,22020149,I,I,I,I,I,I,I,I,I,I,I
10.5737,2,1,4,2,1,4,3,1,2,2,170000,1800,3,202202,1.0442,22020150,I,I,I,I,I,I,I,I,I,I,I
10.5737,2,1,4,2,3,4,3,1,2,2,96000,910,1,202202,1.0442,22020151,R,R,R,R,R,R,I,I,R,I,I
10.5737,2,1,3,2,2,4,1,1,2,2,96000,910,1,202202,1.0442,22020152,R,R,R,R,R,R,R,R,R,R,R
10.5737,2,1,4,2,1,4,3,2,2,2,220000,1200,3,202202,1.0442,22020153,R,R,R,R,R,R,R,R,R,R,R
10.5737,2,1,4,2,1,4,3,1,2,2,140000,1400,1,202202,1.0442,22020154,I,I,I,I,I,I,I,I,I,I,I
10.5737,2,1,4,2,1,4,3,1,2,2,170000,1800,3,202202,1.0442,22020155,I,I,I,I,I,I,I,I,I,I,I
10.5737,2,1,3,2,3,4,3,1,1,2,300000,1800,3,202202,1.0442,22020156,R,R,R,R,R,R,R,R,R,R,R
6.1583000000000006,2,1,3,2,3,3,1,1,2,2,120000,1100,3,202202,1.0442,22020157,R,R,R,R,R,R,R,R,R,R,R
6.1583000000000006,2,1,3,2,2,3,1,2,2,2,160000,1900,3,202202,1.0442,22020158,R,R,R,R,R,R,R,R,R,R,R
35.125,2,1,3,2,3,3,1,1,2,2,170000,1800,3,202202,1.0442,22020159,R,R,R,R,R,R,I,R,R,R,R
35.125,2,1,3,2,3,3,1,1,1,2,130000,1500,3,202202,1.0442,22020160,R,R,R,R,R,R,R,R,R,R,R
35.125,2,1,3,2,3,3,1,1,2,2,210000,2500,3,202202,1.0442,22020161,I,I,I,I,I,I,I,I,I,I,I
35.125,1,1,3,2,1,3,1,1,2,2,150000,1100,1,202202,1.0442,22020162,R,R,R,R,R,R,R,R,R,R,R
35.125,2,1,4,2,3,3,1,1,2,2,180000,2000,3,202202,1.0442,22020163,I,I,I,I,I,I,I,I,I,I,I
35.125,2,1,3,2,2,3,1,1,2,2,150000,1500,3,202202,1.0442,22020164,I,I,I,I,I,I,I,I,I,I,I
35.125,2,1,3,2,2,3,1,1,2,2,140000,1900,3,202202,1.0442,22020165,R,R,R,R,R,R,R,R,R,R,R
35.125,2,1,3,2,2,3,1,2,1,2,160000,1700,3,202202,1.0442,22020166,I,I,I,I,I,I,I,I,I,I,I
35.125,1,1,3,1,2,3,1,1,2,2,9,1100,3,202202,1.0442,22020167,I,9,I,I,I,I,I,I,I,I,I
10.5737,2,1,3,2,1,4,3,2,2,2,140000,1200,1,202202,1.0442,22020168,I,I,I,I,I,I,I,I,I,I,I
10.5737,2,1,3,2,1,4,3,1,1,2,140000,1400,3,202202,1.0442,22020169,I,I,I,I,I,I,I,I,I,I,I
7.677300000000001,2,1,3,2,2,2,1,1,2,2,160000,1800,3,202202,1.0442,22020170,R,I,R,R,R,R,R,R,R,R,R
7.677300000000001,2,1,3,2,2,2,1,1,2,2,170000,1900,3,202202,1.0442,22020171,R,I,R,R,R,R,R,R,R,R,R
7.677300000000001,2,1,3,2,1,2,1,1,2,2,200000,2400,3,202202,1.0442,22020172,I,I,I,I,I,I,I,I,I,I,I
7.677300000000001,2,1,3,2,2,2,1,1,2,2,130000,1100,3,202202,1.0442,22020173,R,I,R,R,R,R,R,R,R,R,R
7.677300000000001,2,1,5,2,1,2,1,1,1,2,150000,1600,3,202202,1.0442,22020174,I,I,I,I,I,I,I,I,I,I,I
7.677300000000001,2,1,3,2,1,2,1,3,1,2,130000,1100,3,202202,1.0442,22020175,I,I,I,I,I,I,I,I,I,I,I
7.677300000000001,2,1,3,2,1,2,1,1,1,2,150000,1500,3,202202,1.0442,22020176,I,I,I,I,I,I,I,I,I,I,I
7.677300000000001,1,1,3,2,1,2,1,1,2,2,150000,1500,3,202202,1.0442,22020177,R,R,R,R,R,R,I,I,R,I,I
7.677300000000001,1,1,3,2,1,2,1,1,2,2,140000,1300,3,202202,1.0442,22020178,I,I,I,I,I,I,I,I,I,I,I
35.125,2,1,3,2,3,3,1,1,2,2,180000,2000,3,202202,1.0442,22020179,I,I,I,I,I,I,I,I,I,I,I
35.125,2,1,3,2,3,3,1,1,2,2,130000,1600,3,202202,1.0442,22020180,R,R,R,R,R,R,R,R,R,R,R
35.125,2,1,3,2,2,3,1,1,2,2,100000,2000,3,202202,1.0442,22020181,R,R,R,R,R,R,R,R,R,R,R
35.125,2,1,3,2,3,3,1,1,2,2,170000,1900,3,202202,1.0442,22020182,I,I,I,I,I,I,I,I,I,I,I
35.125,1,1,5,2,3,3,1,1,2,2,170000,2500,3,202202,1.0442,22020183,R,R,R,R,R,R,R,R,R,R,R
7.677300000000001,2,1,3,2,1,2,1,1,1,2,150000,1600,3,202202,1.0442,22020184,I,I,I,I,I,I,I,I,I,I,I
7.677300000000001,1,1,3,2,1,2,1,2,2,2,89000,1100,3,202202,1.0442,22020185,R,R,R,R,R,R,I,I,R,I,I
7.677300000000001,2,1,3,2,3,2,1,2,1,2,120000,1800,3,202202,1.0442,22020186,R,R,R,R,R,R,R,R,R,R,R
7.677300000000001,2,1,3,2,1,2,1,1,2,2,150000,1600,3,202202,1.0442,22020187,I,I,I,I,I,I,I,I,I,I,I
7.677300000000001,2,1,3,2,1,2,1,1,2,2,250000,2400,3,202202,1.0442,22020188,I,I,I,I,I,I,I,I,I,I,I
7.677300000000001,2,1,3,2,2,2,1,1,2,2,140000,1800,3,202202,1.0442,22020189,R,R,R,R,R,R,R,R,R,R,R
7.677300000000001,1,1,3,1,1,2,1,1,2,2,9,1600,3,202202,1.0442,22020190,I,9,I,I,I,I,I,I,I,I,I
10.5737,2,1,3,1,1,2,1,1,1,2,9,1600,3,202202,1.0442,22020191,R,9,R,R,R,R,R,R,R,R,R
7.677300000000001,2,1,3,2,1,2,1,1,2,2,150000,1600,3,202202,1.0442,22020192,I,I,I,I,I,I,I,I,I,I,I
7.677300000000001,2,1,3,2,1,2,1,1,2,2,160000,1600,3,202202,1.0442,22020193,I,I,I,I,I,I,I,I,I,I,I
7.677300000000001,2,1,3,2,1,2,1,1,1,2,120000,1800,3,202202,1.0442,22020194,R,R,R,R,I,I,R,I,I,I,I
7.677300000000001,1,1,3,1,1,2,1,1,2,2,9,1600,3,202202,1.0442,22020195,I,9,I,I,I,I,I,I,I,I,I
35.125,1,1,3,2,3,3,1,2,2,2,150000,1600,3,202202,1.0442,22020196,I,I,I,I,I,I,I,I,I,I,I
35.125,2,1,5,2,3,3,1,3,1,2,150000,1900,3,202202,1.0442,22020197,R,R,R,R,R,R,R,R,I,R,I
35.125,2,1,5,2,3,3,1,1,2,2,150000,2500,3,202202,1.0442,22020198,R,R,R,R,R,R,R,R,R,R,R
35.125,2,1,3,2,2,3,1,1,2,2,190000,2100,1,202202,1.0442,22020199,R,R,R,R,R,R,R,R,R,R,R
10.5737,2,1,3,1,1,2,1,1,1,2,9,1100,3,202202,1.0442,22020200,R,9,R,R,R,R,R,R,R,R,R
7.677300000000001,1,1,3,2,1,2,1,2,1,2,140000,1700,3,202202,1.0442,22020201,R,R,R,R,R,R,R,R,R,R,R
7.677300000000001,2,1,3,2,3,2,1,1,2,2,110000,1300,3,202202,1.0442,22020202,R,R,R,R,R,R,R,R,R,R,R
7.677300000000001,2,1,3,2,2,2,1,1,2,2,150000,2000,3,202202,1.0442,22020203,R,R,R,R,R,R,R,R,R,R,R
7.677300000000001,2,1,3,2,3,2,1,1,2,2,150000,1900,3,202202,1.0442,22020204,R,R,R,R,R,R,R,R,R,R,R
10.5737,2,1,3,2,3,4,1,1,1,2,180000,2000,3,202202,1.0442,22020205,R,I,R,R,R,R,R,R,R,R,R
10.5737,2,1,4,2,3,4,1,2,2,2,130000,1200,3,202202,1.0442,22020206,R,I,R,R,R,R,R,R,R,R,R
7.677300000000001,2,1,3,2,3,2,1,1,2,2,140000,1300,3,202202,1.0442,22020207,I,I,I,I,I,I,I,I,I,I,I
7.677300000000001,2,1,3,2,1,2,1,1,2,2,150000,1700,3,202202,1.0442,22020208,R,R,R,R,R,R,R,R,R,R,R
7.677300000000001,2,1,3,2,2,2,1,1,1,2,250000,2400,3,202202,1.0442,22020209,R,R,R,R,R,R,R,R,R,R,R
10.5737,2,1,5,2,2,4,1,2,2,2,96000,1500,3,202202,1.0442,22020210,R,R,R,R,R,R,R,R,R,R,R
10.5737,2,1,3,2,2,4,1,1,2,2,140000,2000,3,202202,1.0442,22020211,R,R,R,R,R,R,R,R,R,R,R
6.1583000000000006,2,1,3,2,3,1,3,1,2,2,130000,1300,3,202202,1.0442,22020212,R,R,R,R,R,R,R,R,R,R,R
6.1583000000000006,1,1,3,2,1,1,1,1,2,2,150000,1600,3,202202,1.0442,22020213,I,I,I,I,I,I,I,I,I,I,I
35.125,2,1,3,2,2,3,1,1,2,2,160000,1900,3,202202,1.0442,22020214,R,R,R,R,R,R,R,R,R,R,R
35.125,1,1,3,2,3,3,1,3,2,2,120000,1900,3,202202,1.0442,22020215,R,R,R,R,I,I,I,I,I,I,I
7.677300000000001,2,1,3,2,3,2,1,1,2,2,170000,2400,3,202202,1.0442,22020216,R,R,R,R,R,R,R,R,R,R,R
7.677300000000001,2,1,3,2,1,2,1,1,2,2,89000,1300,3,202202,1.0442,22020217,R,R,R,R,R,R,R,R,R,R,R
35.125,2,1,3,2,2,3,1,1,2,2,240000,1900,3,202202,1.0442,22020218,R,R,R,R,R,R,R,R,R,R,R
10.5737,2,1,3,2,2,4,1,1,1,2,96000,2000,1,202202,1.0442,22020219,R,R,R,R,I,I,R,I,I,I,I
10.5737,2,1,3,2,3,4,1,1,1,2,180000,1700,3,202202,1.0442,22020220,R,R,R,R,R,R,R,R,R,R,R
10.5737,2,1,3,2,2,4,1,1,2,2,96000,1800,3,202202,1.0442,22020221,R,R,R,R,R,R,R,R,R,R,R
10.5737,2,1,3,2,2,4,1,2,2,2,160000,1800,3,202202,1.0442,22020222,I,I,I,I,I,I,I,I,I,I,I
10.5737,2,1,3,2,2,4,1,1,2,2,110000,1800,3,202202,1.0442,22020223,R,R,R,R,R,R,R,R,R,R,R
10.5737,2,1,3,2,3,4,1,1,2,2,120000,2000,3,202202,1.0442,22020224,R,R,R,R,R,R,R,R,R,R,R
10.5737,2,1,3,2,2,4,1,1,2,2,170000,1800,3,202202,1.0442,22020225,I,I,I,I,I,I,I,I,I,I,I
10.5737,2,1,3,2,2,4,1,1,2,2,170000,1900,1,202202,1.0442,22020226,I,I,I,I,I,I,I,I,I,I,I
6.1583000000000006,2,1,3,2,3,1,1,1,2,2,96000,1700,3,202202,1.0442,22020227,R,R,R,R,R,R,R,R,R,R,R
6.1583000000000006,2,1,3,2,1,1,1,1,2,2,150000,1700,3,202202,1.0442,22020228,R,R,R,R,R,R,R,R,R,R,R
6.1583000000000006,2,1,3,2,3,1,1,1,1,2,130000,1900,3,202202,1.0442,22020229,R,R,R,R,R,R,R,R,R,R,R
4.1056,2,1,9,9,9,5,9,9,9,3,9,9,9,202202,1.0442,22020230,R,9,9,9,9,R,9,9,9,9,9
6.1583000000000006,2,1,3,2,3,1,1,1,2,2,85000,990,3,202202,1.0442,22020231,R,R,R,R,R,R,R,R,R,R,R
6.1583000000000006,2,1,3,2,1,1,1,1,2,2,280000,1700,1,202202,1.0442,22020232,R,R,R,R,R,R,R,R,R,R,R
6.1583000000000006,2,1,3,2,1,1,1,1,2,2,160000,1900,3,202202,1.0442,22020233,R,I,R,R,I,I,R,I,I,I,I
6.1583000000000006,2,1,3,2,3,1,1,1,1,2,85000,1700,3,202202,1.0442,22020234,R,R,R,R,R,R,R,R,R,R,R
35.125,2,1,3,2,2,3,1,1,2,2,130000,1600,3,202202,1.0442,22020235,R,R,R,R,R,R,R,R,R,R,R
35.125,2,1,3,2,3,3,1,1,2,2,120000,1900,3,202202,1.0442,22020236,R,R,R,R,R,R,R,R,R,R,R
35.125,2,1,5,2,3,3,1,1,2,2,170000,1900,3,202202,1.0442,22020237,I,I,I,I,I,I,I,I,I,I,I
35.125,2,1,3,2,3,3,1,1,2,2,130000,1600,3,202202,1.0442,22020238,R,R,R,R,R,R,R,R,R,R,R
35.125,2,1,5,2,3,3,1,2,2,2,120000,1600,3,202202,1.0442,22020239,R,R,R,R,R,R,R,R,R,R,R
35.125,2,1,3,2,2,3,1,2,2,2,140000,1700,3,202202,1.0442,22020240,R,R,R,R,R,R,R,R,R,R,R
35.125,2,1,3,2,2,3,1,1,2,2,200000,2500,3,202202,1.0442,22020241,I,I,I,I,I,I,I,I,I,I,I
35.125,2,1,3,2,3,3,1,1,3,2,130000,2500,3,202202,1.0442,22020242,R,R,I,I,R,R,R,R,R,R,R
35.125,2,1,3,2,2,3,1,1,2,2,100000,1600,3,202202,1.0442,22020243,R,R,R,R,R,R,R,R,R,R,R
35.125,2,1,5,2,3,3,1,1,2,2,170000,1900,3,202202,1.0442,22020244,I,I,I,I,I,I,I,I,I,I,I
35.125,2,1,5,2,3,3,1,2,2,2,160000,1700,3,202202,1.0442,22020245,I,I,I,I,I,I,I,I,I,I,I
35.125,2,1,5,2,3,3,1,1,2,2,150000,1500,3,202202,1.0442,22020246,R,R,R,R,R,R,R,R,R,R,R
35.125,2,1,3,2,2,3,1,1,2,2,190000,2300,3,202202,1.0442,22020247,R,I,R,R,R,R,R,R,R,R,R
35.125,2,1,3,2,3,3,1,1,2,2,180000,2100,3,202202,1.0442,22020248,I,I,I,I,I,I,I,I,I,I,I
35.125,2,1,3,2,3,3,1,1,2,2,110000,1400,3,202202,1.0442,22020249,R,R,R,R,R,R,I,R,R,R,R
35.125,2,1,3,2,3,3,1,1,2,2,190000,2500,3,202202,1.0442,22020250,R,R,R,R,R,R,R,R,R,R,R
35.125,2,1,3,2,3,3,1,1,2,2,160000,1700,3,202202,1.0442,22020251,I,I,I,I,I,I,I,I,I,I,I
35.125,2,1,5,1,3,3,1,1,2,2,9,2000,3,202202,1.0442,22020252,R,9,R,R,R,R,R,R,R,R,R
35.125,2,1,5,2,3,3,1,1,2,2,110000,1100,3,202202,1.0442,22020253,R,R,R,R,R,R,R,I,I,I,I
35.125,2,1,3,2,2,3,1,1,2,2,110000,1700,3,202202,1.0442,22020254,R,R,R,R,R,R,R,R,R,R,R
35.125,2,1,5,2,3,3,1,1,2,2,120000,1900,3,202202,1.0442,22020255,R,R,R,R,R,R,R,R,I,R,I
35.125,2,1,5,2,3,3,1,1,2,2,140000,1400,3,202202,1.0442,22020256,I,I,I,I,I,I,I,I,I,I,I
35.125,2,1,3,2,2,3,2,2,2,2,170000,1700,3,202202,1.0442,22020257,R,R,R,R,R,R,R,R,R,R,R
35.125,2,1,3,2,3,3,1,2,2,2,140000,1100,3,202202,1.0442,22020258,I,I,I,I,I,I,I,I,I,I,I
35.125,2,1,3,2,2,3,1,1,2,2,150000,1600,3,202202,1.0442,22020259,R,I,R,R,R,R,R,R,R,R,R
35.125,2,1,3,2,3,3,1,1,1,2,190000,2000,3,202202,1.0442,22020260,R,R,R,R,R,R,R,R,R,R,R
35.125,2,1,3,2,3,3,1,1,1,2,190000,2000,3,202202,1.0442,22020261,R,R,R,R,R,R,R,R,R,R,R
7.677300000000001,2,1,3,2,3,3,1,1,1,2,210000,2200,3,202202,1.0442,22020262,R,R,R,R,R,R,R,R,R,R,R
10.5737,2,1,1,1,3,4,0,0,1,2,9,910,1,202202,1.0442,22020263,I,9,I,I,I,I,I,R,I,I,R
10.5737,2,1,1,2,3,4,0,0,2,2,140000,910,1,202202,1.0442,22020264,R,R,R,R,R,R,R,R,R,R,R
7.0491,2,1,1,2,3,5,0,0,3,3,230000,2600,3,202202,1.0442,22020265,R,R,R,R,R,R,R,R,R,R,R
10.5737,2,1,1,2,3,4,0,0,3,2,170000,1800,3,202202,1.0442,22020266,R,R,R,R,R,R,R,R,R,R,R
10.5737,2,1,2,2,1,4,0,0,1,2,140000,1400,3,202202,1.0442,22020267,I,I,I,I,I,I,I,R,I,I,R
10.5737,2,1,1,2,1,4,0,0,2,2,150000,1600,3,202202,1.0442,22020268,R,I,I,I,I,R,I,R,I,I,R
10.5737,2,1,2,2,3,4,0,0,1,2,200000,1400,3,202202,1.0442,22020269,R,R,R,R,R,R,R,R,R,R,R
10.5737,2,1,2,2,1,4,0,0,1,2,130000,1200,1,202202,1.0442,22020270,I,I,I,I,I,I,I,R,I,I,R
7.677300000000001,2,1,2,2,4,4,0,0,2,2,160000,1700,3,202202,1.0442,22020271,R,R,R,R,R,R,R,R,R,R,R
6.1583000000000006,2,1,1,2,1,1,0,0,1,2,140000,1700,3,202202,1.0442,22020272,R,R,R,R,R,R,R,R,R,R,R
6.1583000000000006,1,1,1,2,3,1,0,0,2,2,130000,1500,1,202202,1.0442,22020273,R,R,R,R,R,R,R,R,R,R,R
6.1583000000000006,2,1,1,2,3,1,0,0,1,2,180000,1900,3,202202,1.0442,22020274,R,R,R,R,R,R,R,R,R,R,R
6.1583000000000006,2,1,2,2,1,1,0,0,2,2,280000,1600,1,202202,1.0442,22020275,R,R,R,R,R,R,R,R,R,R,R
6.1583000000000006,2,1,1,2,1,1,0,0,2,2,180000,1900,3,202202,1.0442,22020276,I,I,I,I,I,I,I,R,I,I,R
6.1583000000000006,2,1,1,2,3,1,0,0,1,2,150000,1600,3,202202,1.0442,22020277,R,R,R,R,R,R,R,R,R,R,R
6.1583000000000006,2,1,1,2,3,1,0,0,2,2,190000,1900,3,202202,1.0442,22020278,R,R,R,R,R,R,R,R,R,R,R
35.125,2,1,1,2,2,3,0,0,1,2,140000,1100,1,202202,1.0442,22020279,R,R,R,R,R,R,R,R,R,R,R
35.125,2,1,1,2,3,3,0,0,2,2,140000,1700,3,202202,1.0442,22020280,R,R,R,R,R,R,I,R,R,R,R
7.677300000000001,2,1,1,1,1,2,0,0,2,2,9,1600,1,202202,1.0442,22020281,I,9,I,I,I,I,I,R,I,I,R
7.677300000000001,2,1,2,2,1,2,0,0,1,2,170000,1900,3,202202,1.0442,22020282,I,I,I,I,I,I,I,R,I,I,R
7.677300000000001,2,1,2,2,2,2,0,0,1,2,250000,2400,3,202202,1.0442,22020283,R,R,R,R,R,R,R,R,R,R,R
7.677300000000001,2,1,1,2,3,2,0,0,2,2,160000,1500,3,202202,1.0442,22020284,R,R,R,R,R,R,R,R,R,R,R
7.677300000000001,2,1,1,2,1,2,0,0,1,2,160000,1800,3,202202,1.0442,22020285,I,I,I,I,I,I,I,R,I,I,R
7.677300000000001,2,1,1,2,1,2,0,0,2,2,150000,1600,1,202202,1.0442,22020286,R,I,R,R,I,R,R,R,R,R,R
7.677300000000001,2,1,1,2,1,2,0,0,3,2,130000,1200,1,202202,1.0442,22020287,R,R,R,R,R,R,R,R,R,R,R
7.677300000000001,2,1,1,2,1,2,0,0,3,2,170000,1800,3,202202,1.0442,22020288,R,R,R,R,R,R,R,R,R,R,R
35.125,2,1,1,2,3,3,0,0,3,2,170000,1800,3,202202,1.0442,22020289,I,I,I,I,I,I,I,R,I,I,R
10.5737,2,1,1,2,3,4,0,0,2,2,220000,2200,3,202202,1.0442,22020290,R,R,R,R,R,R,R,R,R,R,R
6.1583000000000006,2,1,1,2,1,1,0,0,2,2,150000,1600,3,202202,1.0442,22020291,I,I,I,I,I,I,I,R,I,I,R
6.1583000000000006,2,1,1,2,3,1,0,0,2,2,150000,1600,3,202202,1.0442,22020292,R,I,R,R,R,R,R,R,R,R,R
6.1583000000000006,2,1,1,2,1,1,0,0,2,2,160000,1700,3,202202,1.0442,22020293,I,I,I,I,I,I,I,R,I,I,R
6.1583000000000006,2,1,1,2,1,1,0,0,2,2,150000,1600,3,202202,1.0442,22020294,I,I,I,I,I,I,I,R,I,I,R
6.1583000000000006,2,1,1,2,3,1,0,0,1,2,140000,1400,3,202202,1.0442,22020295,R,R,R,R,R,R,R,R,R,R,R
6.1583000000000006,2,1,1,2,1,1,0,0,2,2,160000,1700,3,202202,1.0442,22020296,I,I,I,I,I,I,I,R,I,I,R
6.1583000000000006,2,1,1,2,1,1,0,0,1,2,140000,1400,3,202202,1.0442,22020297,I,I,I,I,I,I,I,R,I,I,R
6.1583000000000006,2,1,1,2,1,1,0,0,2,2,160000,1900,3,202202,1.0442,22020298,I,I,I,I,I,I,I,R,I,I,R
6.1583000000000006,2,1,1,2,1,1,0,0,2,2,110000,1600,3,202202,1.0442,22020299,R,R,R,R,R,R,R,R,R,R,R
6.1583000000000006,2,1,1,2,1,1,0,0,2,2,140000,1300,3,202202,1.0442,22020300,I,I,I,I,I,I,I,R,I,I,R
35.125,2,1,2,2,3,3,0,0,1,2,170000,1900,3,202202,1.0442,22020301,R,I,R,R,R,R,R,R,R,R,R
7.677300000000001,2,1,2,2,3,2,0,0,2,2,250000,1600,3,202202,1.0442,22020302,R,R,R,R,R,R,R,R,R,R,R
10.5737,2,1,1,2,2,4,0,0,2,2,160000,1800,1,202202,1.0442,22020303,R,R,R,R,R,R,R,R,R,R,R
6.1583000000000006,2,1,1,2,1,1,0,0,2,2,280000,1900,3,202202,1.0442,22020304,R,R,R,R,R,R,R,R,R,R,R
6.1583000000000006,2,1,1,2,3,1,0,0,1,2,110000,1700,3,202202,1.0442,22020305,R,R,R,R,R,R,R,R,R,R,R
6.1583000000000006,2,1,2,2,2,1,0,0,1,2,100000,1600,3,202202,1.0442,22020306,R,R,R,R,R,R,R,R,R,R,R
6.1583000000000006,2,1,1,2,1,1,0,0,2,2,85000,1300,3,202202,1.0442,22020307,R,R,R,R,R,R,R,R,R,R,R
6.1583000000000006,2,1,1,2,1,1,0,0,2,2,190000,1300,1,202202,1.0442,22020308,R,R,R,R,R,R,R,R,R,R,R
35.125,1,1,1,2,3,3,0,0,2,2,170000,1900,3,202202,1.0442,22020309,I,I,I,I,I,I,I,R,I,I,R
35.125,1,1,2,2,3,3,0,0,1,2,87000,2100,3,202202,1.0442,22020310,R,R,R,R,R,R,R,R,R,R,R
7.677300000000001,2,1,1,2,3,2,0,0,2,2,150000,1700,3,202202,1.0442,22020311,R,R,R,R,R,R,R,R,R,R,R
7.677300000000001,2,1,1,2,2,2,0,0,1,2,140000,1600,3,202202,1.0442,22020312,R,R,R,R,R,R,R,R,R,R,R
10.5737,2,2,9,2,9,4,9,9,9,2,160000,1200,1,202202,1.0442,22020313,R,R,R,R,R,R,9,9,9,9,9
10.5737,1,2,9,2,9,4,9,9,9,2,150000,1600,3,202202,1.0442,22020314,I,I,I,I,I,I,9,9,9,9,9
10.5737,2,2,9,2,9,4,9,9,9,2,96000,910,3,202202,1.0442,22020315,R,R,R,R,R,R,9,9,9,9,9
10.5737,2,2,9,2,9,4,9,9,9,2,170000,1500,3,202202,1.0442,22020316,R,R,R,R,R,R,9,9,9,9,9
10.5737,1,2,9,2,9,4,9,9,9,2,180000,1600,3,202202,1.0442,22020317,R,R,R,R,R,R,9,9,9,9,9
35.125,1,2,9,2,9,3,9,9,9,2,170000,1900,3,202202,1.0442,22020318,I,I,I,I,I,I,9,9,9,9,9
35.125,1,2,9,2,9,3,9,9,9,2,110000,1100,1,202202,1.0442,22020319,I,I,I,I,I,I,9,9,9,9,9
35.125,1,2,9,2,9,3,9,9,9,2,110000,1900,3,202202,1.0442,22020320,R,R,R,R,R,R,9,9,9,9,9
35.125,1,2,9,2,9,3,9,9,9,2,240000,1400,3,202202,1.0442,22020321,R,R,R,R,R,R,9,9,9,9,9
35.125,1,2,9,2,9,3,9,9,9,2,130000,1100,1,202202,1.0442,22020322,I,I,I,I,I,I,9,9,9,9,9
35.125,1,2,9,2,9,3,9,9,9,2,150000,1500,1,202202,1.0442,22020323,I,I,I,I,I,I,9,9,9,9,9
35.125,1,2,9,2,9,3,9,9,9,2,150000,1600,1,202202,1.0442,22020324,R,I,R,R,R,R,9,9,9,9,9
35.125,1,2,9,2,9,3,9,9,9,2,150000,1600,1,202202,1.0442,22020325,I,I,I,I,I,I,9,9,9,9,9
35.125,1,2,9,2,9,3,9,9,9,2,160000,2000,3,202202,1.0442,22020326,R,R,R,R,R,R,9,9,9,9,9
35.125,1,2,9,2,9,3,9,9,9,2,170000,1900,3,202202,1.0442,22020327,I,I,I,I,I,I,9,9,9,9,9
35.125,1,2,9,2,9,3,9,9,9,2,130000,1300,3,202202,1.0442,22020328,R,R,R,R,R,R,9,9,9,9,9
35.125,1,2,9,2,9,3,9,9,9,2,150000,1100,3,202202,1.0442,22020329,R,R,R,R,R,R,9,9,9,9,9
10.5737,1,2,9,2,9,4,9,9,9,2,220000,1500,3,202202,1.0442,22020330,R,R,R,R,R,R,9,9,9,9,9
10.5737,1,2,9,2,9,4,9,9,9,2,250000,1500,3,202202,1.0442,22020331,R,R,R,R,R,R,9,9,9,9,9
10.5737,1,2,9,2,9,4,9,9,9,2,200000,1600,3,202202,1.0442,22020332,R,R,R,R,R,R,9,9,9,9,9
7.677300000000001,1,2,9,2,9,2,9,9,9,2,180000,2000,3,202202,1.0442,22020333,I,I,I,I,I,I,9,9,9,9,9
35.125,1,2,9,2,9,3,9,9,9,2,87000,1600,3,202202,1.0442,22020334,R,R,R,R,R,R,9,9,9,9,9
10.5737,1,2,9,2,9,4,9,9,9,2,150000,1300,3,202202,1.0442,22020335,R,R,R,R,R,R,9,9,9,9,9
10.5737,1,2,9,2,9,4,9,9,9,2,140000,1300,3,202202,1.0442,22020336,I,I,I,I,I,I,9,9,9,9,9
35.125,1,2,9,2,9,3,9,9,9,2,150000,1600,3,202202,1.0442,22020337,I,I,I,I,I,I,9,9,9,9,9
35.125,1,2,9,2,9,3,9,9,9,2,130000,1600,3,202202,1.0442,22020338,R,R,R,R,R,R,9,9,9,9,9
7.677300000000001,1,2,9,2,9,2,9,9,9,2,130000,1600,3,202202,1.0442,22020339,R,R,R,R,R,R,9,9,9,9,9
10.5737,1,2,9,2,9,4,9,9,9,2,120000,1600,3,202202,1.0442,22020340,R,R,R,R,R,R,9,9,9,9,9
10.5737,1,2,9,2,9,4,9,9,9,2,140000,1300,3,202202,1.0442,22020341,I,I,I,I,I,I,9,9,9,9,9
10.5737,2,2,9,2,9,4,9,9,9,2,220000,1800,3,202202,1.0442,22020342,R,R,R,R,R,R,9,9,9,9,9
7.677300000000001,1,2,9,2,9,2,9,9,9,2,170000,1800,3,202202,1.0442,22020343,I,I,I,I,I,I,9,9,9,9,9
7.677300000000001,1,2,9,2,9,2,9,9,9,2,180000,2000,3,202202,1.0442,22020344,I,I,I,I,I,I,9,9,9,9,9
7.677300000000001,1,2,9,2,9,2,9,9,9,2,130000,1800,3,202202,1.0442,22020345,R,R,R,R,R,R,9,9,9,9,9
7.677300000000001,2,2,9,2,9,2,9,9,9,2,120000,1600,3,202202,1.0442,22020346,R,R,R,R,R,R,9,9,9,9,9
35.125,2,2,9,2,9,3,9,9,9,2,190000,2000,3,202202,1.0442,22020347,R,R,R,R,R,R,9,9,9,9,9
6.1583000000000006,2,2,9,2,9,1,9,9,9,2,160000,1900,3,202202,1.0442,22020348,R,I,R,R,R,R,9,9,9,9,9
6.1583000000000006,2,2,9,2,9,1,9,9,9,2,170000,1200,3,202202,1.0442,22020349,R,R,R,R,R,R,9,9,9,9,9
10.5737,1,2,9,2,9,4,9,9,9,2,210000,1900,1,202202,1.0442,22020350,R,R,R,R,R,R,9,9,9,9,9
10.5737,1,2,9,2,9,4,9,9,9,2,140000,1500,3,202202,1.0442,22020351,R,R,R,R,R,R,9,9,9,9,9
6.1583000000000006,1,2,9,2,9,1,9,9,9,2,280000,1500,1,202202,1.0442,22020352,R,R,R,R,R,R,9,9,9,9,9
35.125,1,2,9,2,9,3,9,9,9,2,160000,1700,3,202202,1.0442,22020353,R,R,R,R,R,R,9,9,9,9,9
35.125,2,2,9,2,9,3,9,9,9,2,180000,2100,3,202202,1.0442,22020354,R,R,R,R,R,R,9,9,9,9,9
10.5737,1,2,9,2,9,4,9,9,9,2,200000,1400,3,202202,1.0442,22020355,R,R,R,R,R,R,9,9,9,9,9
10.5737,1,2,9,2,9,4,9,9,9,2,240000,2200,3,202202,1.0442,22020356,R,R,R,R,R,R,9,9,9,9,9
7.677300000000001,1,2,9,2,9,2,9,9,9,2,150000,1600,3,202202,1.0442,22020357,R,I,R,R,R,R,9,9,9,9,9
35.125,1,2,9,2,9,3,9,9,9,2,87000,1100,3,202202,1.0442,22020358,R,R,R,R,R,R,9,9,9,9,9
35.125,1,2,9,2,9,3,9,9,9,2,120000,1500,1,202202,1.0442,22020359,R,R,R,R,R,R,9,9,9,9,9
7.677300000000001,1,2,9,2,9,3,9,9,9,2,150000,1400,3,202202,1.0442,22020360,I,I,I,I,I,I,9,9,9,9,9
35.125,1,2,9,2,9,3,9,9,9,2,160000,1700,3,202202,1.0442,22020361,I,I,I,I,I,I,9,9,9,9,9
35.125,1,2,9,2,9,3,9,9,9,2,240000,2500,3,202202,1.0442,22020362,R,R,R,R,R,R,9,9,9,9,9
35.125,1,2,9,2,9,3,9,9,9,2,180000,2500,3,202202,1.0442,22020363,R,R,R,R,R,R,9,9,9,9,9
35.125,1,2,9,2,9,3,9,9,9,2,130000,1600,3,202202,1.0442,22020364,R,R,R,R,R,R,9,9,9,9,9
6.1583000000000006,2,2,9,2,9,1,9,9,9,2,160000,1600,3,202202,1.0442,22020365,I,I,I,I,I,I,9,9,9,9,9
35.125,1,2,9,2,9,3,9,9,9,2,160000,1800,3,202202,1.0442,22020366,I,I,I,I,I,I,9,9,9,9,9
35.125,1,2,9,2,9,3,9,9,9,2,170000,1900,3,202202,1.0442,22020367,R,R,R,R,R,R,9,9,9,9,9
7.677300000000001,1,2,9,2,9,2,9,9,9,2,140000,1600,3,202202,1.0442,22020368,R,R,R,R,R,R,9,9,9,9,9
10.5737,1,2,9,2,9,3,9,9,9,2,160000,1700,3,202202,1.0442,22020369,I,I,I,I,I,I,9,9,9,9,9
35.125,1,2,9,2,9,3,9,9,9,2,210000,2500,3,202202,1.0442,22020370,R,I,I,I,I,I,9,9,9,9,9
10.5737,1,2,9,2,9,4,9,9,9,2,120000,910,1,202202,1.0442,22020371,I,I,I,I,I,I,9,9,9,9,9
6.1583000000000006,2,2,9,2,9,1,9,9,9,2,150000,1600,3,202202,1.0442,22020372,R,R,R,R,R,R,9,9,9,9,9
7.677300000000001,1,2,9,2,9,2,9,9,9,2,160000,2000,3,202202,1.0442,22020373,R,R,R,R,R,R,9,9,9,9,9
35.125,1,2,9,2,9,3,9,9,9,2,210000,2500,3,202202,1.0442,22020374,R,R,R,R,R,R,9,9,9,9,9
23.416700000000002,1,2,9,2,9,5,9,9,9,3,350000,3100,3,202202,1.0442,22020375,R,R,R,R,R,R,9,9,9,9,9
7.677300000000001,1,2,9,2,9,2,9,9,9,2,120000,1500,3,202202,1.0442,22020376,R,R,R,R,R,R,9,9,9,9,9
7.677300000000001,1,2,9,2,9,2,9,9,9,2,140000,1600,3,202202,1.0442,22020377,R,R,R,R,R,R,9,9,9,9,9
7.677300000000001,1,2,9,2,9,2,9,9,9,2,130000,1100,3,202202,1.0442,22020378,I,I,I,I,I,I,9,9,9,9,9
10.5737,2,2,9,2,9,4,9,9,9,2,150000,1500,3,202202,1.0442,22020379,I,I,I,I,I,I,9,9,9,9,9
7.677300000000001,1,2,9,2,9,2,9,9,9,2,150000,1600,3,202202,1.0442,22020380,R,R,R,R,R,R,9,9,9,9,9
7.677300000000001,1,2,9,2,9,2,9,9,9,2,150000,1600,3,202202,1.0442,22020381,R,I,R,R,R,R,9,9,9,9,9
7.677300000000001,1,2,9,2,9,2,9,9,9,2,180000,2000,3,202202,1.0442,22020382,I,I,I,I,I,I,9,9,9,9,9
23.416700000000002,1,2,9,2,9,5,9,9,9,3,250000,1900,1,202202,1.0442,22020383,R,R,R,R,R,R,9,9,9,9,9
6.1583000000000006,1,2,9,2,9,1,9,9,9,2,140000,1900,3,202202,1.0442,22020384,R,R,R,R,R,R,9,9,9,9,9
6.1583000000000006,1,2,9,2,9,1,9,9,9,2,100000,1500,3,202202,1.0442,22020385,R,R,R,R,R,R,9,9,9,9,9
6.1583000000000006,1,2,9,2,9,1,9,9,9,2,110000,1600,3,202202,1.0442,22020386,R,R,R,R,R,R,9,9,9,9,9
7.677300000000001,2,2,9,2,9,2,9,9,9,2,190000,1800,1,202202,1.0442,22020387,R,R,R,R,R,R,9,9,9,9,9
7.677300000000001,1,2,9,2,9,2,9,9,9,2,160000,1800,3,202202,1.0442,22020388,I,I,I,I,I,I,9,9,9,9,9
35.125,1,2,9,2,9,3,9,9,9,2,130000,1600,3,202202,1.0442,22020389,R,R,R,R,R,R,9,9,9,9,9
6.1583000000000006,1,2,9,2,9,1,9,9,9,2,130000,1300,3,202202,1.0442,22020390,R,R,R,R,R,R,9,9,9,9,9
6.1583000000000006,1,2,9,2,9,1,9,9,9,2,120000,1200,3,202202,1.0442,22020391,R,R,R,R,R,R,9,9,9,9,9
6.1583000000000006,1,2,9,2,9,1,9,9,9,2,160000,1700,3,202202,1.0442,22020392,I,I,I,I,I,I,9,9,9,9,9
6.1583000000000006,1,2,9,2,9,1,9,9,9,2,140000,1300,3,202202,1.0442,22020393,I,I,I,I,I,I,9,9,9,9,9
6.1583000000000006,1,2,9,2,9,1,9,9,9,2,180000,1900,3,202202,1.0442,22020394,R,R,R,R,R,R,9,9,9,9,9
7.677300000000001,1,2,9,2,9,2,9,9,9,2,200000,1800,3,202202,1.0442,22020395,R,R,R,R,R,R,9,9,9,9,9
35.125,1,2,9,2,9,3,9,9,9,2,170000,1900,3,202202,1.0442,22020396,I,I,I,I,I,I,9,9,9,9,9
6.1583000000000006,2,2,9,2,9,1,9,9,9,2,170000,1900,3,202202,1.0442,22020397,R,R,R,R,I,I,9,9,9,9,9
10.5737,2,2,9,2,9,4,9,9,9,2,140000,1400,3,202202,1.0442,22020398,I,I,I,I,I,I,9,9,9,9,9
7.677300000000001,1,2,9,2,9,2,9,9,9,2,140000,1200,3,202202,1.0442,22020399,R,I,R,R,R,R,9,9,9,9,9
6.1583000000000006,1,2,9,2,9,1,9,9,9,2,150000,1500,1,202202,1.0442,22020400,I,I,I,I,I,I,9,9,9,9,9
7.677300000000001,1,2,9,2,9,2,9,9,9,2,130000,1500,3,202202,1.0442,22020401,R,R,R,R,R,R,9,9,9,9,9
35.125,1,2,9,2,9,3,9,9,9,2,180000,1700,3,202202,1.0442,22020402,R,R,R,R,R,R,9,9,9,9,9
7.677300000000001,1,2,9,2,9,2,9,9,9,2,150000,1500,3,202202,1.0442,22020403,R,I,I,I,I,I,9,9,9,9,9
35.125,1,2,9,2,9,3,9,9,9,2,180000,2100,3,202202,1.0442,22020404,I,I,I,I,I,I,9,9,9,9,9
7.677300000000001,1,2,9,2,9,2,9,9,9,2,160000,2000,3,202202,1.0442,22020405,R,R,R,R,R,R,9,9,9,9,9
35.125,1,2,9,2,9,3,9,9,9,2,170000,2000,3,202202,1.0442,22020406,R,R,R,R,R,R,9,9,9,9,9
35.125,2,2,9,2,9,3,9,9,9,2,200000,2500,3,202202,1.0442,22020407,R,R,R,R,R,R,9,9,9,9,9
7.677300000000001,1,2,9,2,9,2,9,9,9,2,150000,1500,3,202202,1.0442,22020408,I,I,I,I,I,I,9,9,9,9,9
35.125,1,2,9,2,9,3,9,9,9,2,120000,1600,3,202202,1.0442,22020409,R,R,R,R,R,R,9,9,9,9,9
35.125,1,2,9,2,9,3,9,9,9,2,120000,1100,3,202202,1.0442,22020410,R,R,R,R,R,R,9,9,9,9,9
7.677300000000001,1,2,9,2,9,2,9,9,9,2,120000,1300,3,202202,1.0442,22020411,R,R,R,R,R,R,9,9,9,9,9
10.5737,3,9,9,9,9,5,9,9,9,2,9,9,9,202202,1.0442,22020412,R,9,9,9,9,9,9,9,9,9,9
10.5737,3,9,9,9,9,5,9,9,9,2,9,9,9,202202,1.0442,22020413,R,9,9,9,9,9,9,9,9,9,9
35.125,3,9,9,9,9,5,9,9,9,2,9,9,9,202202,1.0442,22020414,R,9,9,9,9,9,9,9,9,9,9
10.5737,3,9,9,9,9,5,9,9,9,2,9,9,9,202202,1.0442,22020415,I,9,9,9,9,9,9,9,9,9,9
10.5737,3,9,9,9,9,5,9,9,9,2,9,9,9,202202,1.0442,22020416,R,9,9,9,9,9,9,9,9,9,9
7.0491,3,9,9,9,9,5,9,9,9,3,9,9,9,202202,1.0442,22020417,R,9,9,9,9,9,9,9,9,9,9
35.125,3,9,9,9,9,5,9,9,9,2,9,9,9,202202,1.0442,22020418,R,9,9,9,9,9,9,9,9,9,9
86.6571,2,1,5,2,3,3,1,2,2,1,53000,980,3,202203,0.9732,22030001,R,R,R,R,R,R,R,R,R,R,R
86.6571,2,1,4,2,2,3,1,1,3,1,99000,1200,3,202203,0.9732,22030002,I,I,I,I,I,I,I,I,I,I,I
25.4316,1,1,4,2,1,4,3,1,2,1,150000,900,3,202203,0.9732,22030003,R,R,R,R,R,R,R,R,R,R,R
25.4316,2,1,3,2,1,4,3,1,2,1,63000,590,1,202203,0.9732,22030004,I,I,I,I,I,I,I,I,I,I,I
25.4316,2,1,3,1,1,4,1,1,2,1,9,1100,3,202203,0.9732,22030005,I,9,I,I,I,I,I,I,I,I,I
25.4316,1,1,3,2,1,4,1,1,2,1,92000,1100,3,202203,0.9732,22030006,I,I,I,I,I,I,I,I,I,I,I
25.4316,2,1,4,2,1,4,3,1,2,1,78000,1100,3,202203,0.9732,22030007,R,R,R,R,R,R,R,R,R,R,R
25.4316,1,1,3,2,1,4,1,1,2,1,92000,1100,3,202203,0.9732,22030008,I,I,I,I,I,I,I,I,I,I,I
16.2333,1,1,3,1,1,1,1,1,3,1,9,900,1,202203,0.9732,22030009,R,9,R,R,R,R,R,R,R,R,R
16.2333,1,1,3,1,1,1,1,1,3,1,9,1100,3,202203,0.9732,22030010,R,9,R,R,R,R,R,R,R,R,R
16.2333,1,1,3,1,1,1,1,1,3,1,9,900,1,202203,0.9732,22030011,R,9,R,R,R,R,R,R,R,R,R
16.2333,1,1,3,2,1,1,1,1,3,1,120000,630,1,202203,0.9732,22030012,R,R,R,R,R,R,R,R,R,R,R
16.2333,2,1,3,2,1,1,1,1,3,1,73000,750,1,202203,0.9732,22030013,I,I,I,I,I,I,I,I,I,I,I
86.6571,2,1,4,2,2,3,1,2,2,1,83000,920,3,202203,0.9732,22030014,I,I,I,I,I,I,I,I,I,I,I
18.4727,1,1,3,2,1,2,1,1,1,1,65000,1100,1,202203,0.9732,22030015,R,R,R,R,I,I,R,I,I,I,I
18.4727,1,1,3,2,1,2,1,1,2,1,90000,1100,3,202203,0.9732,22030016,I,I,I,I,I,I,I,I,I,I,I
18.4727,2,1,3,2,1,2,1,1,2,1,95000,960,1,202203,0.9732,22030017,R,R,R,R,R,R,R,R,I,R,R
18.4727,2,1,3,2,1,2,1,1,1,1,90000,1100,3,202203,0.9732,22030018,R,R,R,R,R,R,I,I,R,I,I
25.4316,2,1,3,1,1,2,1,1,1,1,9,1200,3,202203,0.9732,22030019,R,9,R,R,R,R,R,R,R,R,R
18.4727,1,1,3,2,1,2,1,1,2,1,100000,1300,3,202203,0.9732,22030020,R,I,R,R,R,R,I,I,R,I,I
18.4727,2,1,3,1,1,2,1,1,1,1,9,920,1,202203,0.9732,22030021,R,9,R,R,R,R,R,R,R,I,R
18.4727,2,1,4,2,1,2,1,1,2,1,83000,920,1,202203,0.9732,22030022,I,I,I,I,I,I,I,I,I,I,I
18.4727,2,1,3,2,1,2,1,1,2,1,99000,1200,3,202203,0.9732,22030023,R,I,I,I,R,R,I,I,R,I,I
18.4727,2,1,4,2,3,2,1,1,2,1,89000,1200,3,202203,0.9732,22030024,R,R,R,R,R,R,R,R,R,R,R
18.4727,2,1,3,2,1,2,1,1,2,1,99000,1200,3,202203,0.9732,22030025,R,I,I,I,R,R,I,I,R,I,I
86.6571,2,1,3,2,3,3,1,1,3,1,99000,1200,3,202203,0.9732,22030026,I,I,I,I,I,I,I,I,I,I,I
86.6571,2,1,3,2,3,3,1,1,2,1,85000,960,1,202203,0.9732,22030027,I,I,I,I,I,I,I,I,I,I,I
86.6571,1,1,3,1,1,3,1,1,1,1,9,960,1,202203,0.9732,22030028,R,9,R,R,R,R,R,R,R,R,R
86.6571,2,1,3,2,1,3,1,1,1,1,63000,1200,3,202203,0.9732,22030029,R,R,R,R,R,R,R,R,R,I,I
18.4727,2,1,3,2,1,2,1,1,1,1,78000,840,1,202203,0.9732,22030030,I,I,I,I,I,I,I,I,I,I,I
18.4727,1,1,3,2,1,2,1,1,3,1,56000,920,3,202203,0.9732,22030031,R,R,R,R,R,R,I,I,R,I,I
18.4727,1,1,3,2,1,2,1,1,2,1,81000,740,1,202203,0.9732,22030032,R,R,R,R,R,R,R,I,R,I,I
18.4727,2,1,3,1,1,2,1,1,2,1,9,1100,3,202203,0.9732,22030033,R,9,I,I,R,R,I,I,I,I,I
86.6571,1,1,4,1,3,3,1,1,2,1,9,1300,3,202203,0.9732,22030034,I,9,I,I,I,I,I,I,I,I,I
18.4727,2,1,3,2,1,2,1,1,2,1,120000,1200,3,202203,0.9732,22030035,R,R,R,R,R,R,R,R,R,R,R
18.4727,2,1,3,2,3,2,1,1,2,1,100000,1300,3,202203,0.9732,22030036,R,I,I,I,R,R,I,I,I,I,I
18.4727,2,1,3,2,3,2,1,2,2,1,120000,1300,3,202203,0.9732,22030037,R,R,R,R,R,R,R,R,R,R,R
18.4727,2,1,3,2,1,2,1,1,2,1,100000,1100,1,202203,0.9732,22030038,R,R,R,R,R,R,I,I,R,I,I
25.4316,2,1,3,2,2,4,1,2,2,1,92000,1100,3,202203,0.9732,22030039,I,I,I,I,I,I,I,I,I,I,I
86.6571,2,1,3,2,3,3,1,1,2,1,99000,1200,3,202203,0.9732,22030040,I,I,I,I,I,I,I,I,I,I,I
18.4727,2,1,3,2,1,2,1,2,2,1,90000,1100,3,202203,0.9732,22030041,R,I,I,I,I,R,I,I,R,I,I
18.4727,2,1,3,2,1,2,1,2,2,1,79000,1100,1,202203,0.9732,22030042,R,R,R,R,R,R,R,R,R,R,R
18.4727,2,1,3,2,1,2,1,1,2,1,85000,960,1,202203,0.9732,22030043,I,I,I,I,I,I,I,I,I,I,I
86.6571,2,1,3,2,1,3,1,1,2,1,53000,900,1,202203,0.9732,22030044,R,R,R,R,R,R,I,I,R,I,I
16.2333,2,1,3,2,1,1,1,1,2,1,55000,980,1,202203,0.9732,22030045,R,R,R,R,R,R,I,R,R,R,R
16.2333,1,1,3,1,1,1,1,1,2,1,9,980,1,202203,0.9732,22030046,I,9,I,I,I,I,I,I,I,I,I
16.2333,1,1,3,1,1,1,1,1,1,1,9,1100,3,202203,0.9732,22030047,R,9,R,R,R,R,R,R,R,R,R
16.2333,2,1,3,2,1,1,1,1,2,1,150000,1100,3,202203,0.9732,22030048,R,R,R,R,R,R,R,R,R,R,R
86.6571,2,1,3,2,3,3,1,1,1,1,99000,1200,3,202203,0.9732,22030049,I,I,I,I,I,I,I,I,I,I,I
86.6571,2,1,3,2,3,3,1,1,2,1,78000,840,1,202203,0.9732,22030050,I,I,I,I,I,I,I,I,I,I,I
86.6571,2,1,5,2,3,3,1,1,2,1,86000,980,3,202203,0.9732,22030051,I,I,I,I,I,I,I,I,I,I,I
86.6571,2,1,4,2,3,3,1,1,2,1,59000,1100,3,202203,0.9732,22030052,R,R,R,R,R,R,R,R,R,R,R
86.6571,2,1,3,2,3,3,1,1,2,1,100000,1200,3,202203,0.9732,22030053,R,R,R,R,R,R,R,R,R,R,R
25.4316,2,1,1,2,1,4,0,0,2,1,79000,860,1,202203,0.9732,22030054,I,I,I,I,I,I,I,R,I,I,R
16.2333,1,1,1,1,1,1,0,0,1,1,9,900,1,202203,0.9732,22030055,I,9,I,I,I,I,I,R,I,I,R
16.2333,1,1,1,2,1,1,0,0,1,1,150000,750,1,202203,0.9732,22030056,R,R,R,R,R,R,I,R,R,I,R
18.4727,1,1,1,2,1,2,0,0,1,1,84000,960,1,202203,0.9732,22030057,R,R,R,R,R,R,I,R,I,I,R
18.4727,1,1,1,2,3,2,0,0,2,1,99000,1200,3,202203,0.9732,22030058,R,I,I,I,I,I,I,R,I,I,R
18.4727,2,1,1,2,3,2,0,0,2,1,120000,1200,3,202203,0.9732,22030059,R,R,R,R,R,R,R,R,R,R,R
16.2333,2,1,1,2,1,1,0,0,1,1,94000,1100,3,202203,0.9732,22030060,I,I,I,I,I,I,I,R,I,I,R
16.2333,2,1,2,2,1,1,0,0,2,1,85000,960,1,202203,0.9732,22030061,I,I,I,I,I,I,I,R,I,I,R
16.2333,2,1,1,2,2,1,0,0,2,1,93000,960,1,202203,0.9732,22030062,R,R,R,R,R,R,R,R,R,R,R
18.4727,2,1,1,2,1,2,0,0,3,1,85000,960,1,202203,0.9732,22030063,I,I,I,I,I,I,I,R,I,I,R
16.2333,2,1,2,2,1,1,0,0,1,1,85000,950,1,202203,0.9732,22030064,R,I,I,I,R,R,I,R,R,I,R
16.2333,2,1,1,2,1,1,0,0,2,1,90000,1100,1,202203,0.9732,22030065,R,I,R,R,R,R,R,R,R,R,R
16.2333,1,1,1,2,1,1,0,0,2,1,90000,1100,1,202203,0.9732,22030066,I,I,I,I,I,I,I,R,I,I,R
86.6571,2,1,2,2,1,3,0,0,2,1,130000,1300,3,202203,0.9732,22030067,R,R,R,R,R,R,R,R,R,R,R
18.4727,2,1,1,2,1,2,0,0,2,1,88000,1300,3,202203,0.9732,22030068,R,R,R,R,R,R,R,R,R,R,R
86.6571,1,2,9,2,9,3,9,9,9,1,85000,1200,3,202203,0.9732,22030069,R,R,R,R,R,R,9,9,9,9,9
16.2333,1,2,9,2,9,1,9,9,9,1,85000,950,1,202203,0.9732,22030070,R,I,I,I,I,I,9,9,9,9,9
18.4727,1,2,9,2,9,2,9,9,9,1,99000,1200,3,202203,0.9732,22030071,I,I,I,I,I,I,9,9,9,9,9
25.4316,1,2,9,2,9,4,9,9,9,1,64000,590,1,202203,0.9732,22030072,R,R,R,R,R,R,9,9,9,9,9
25.4316,1,2,9,2,9,4,9,9,9,1,94000,1100,3,202203,0.9732,22030073,R,R,R,R,R,R,9,9,9,9,9
86.6571,1,2,9,2,9,3,9,9,9,1,100000,1200,3,202203,0.9732,22030074,R,R,R,R,R,R,9,9,9,9,9
86.6571,1,2,9,2,9,3,9,9,9,1,90000,1200,3,202203,0.9732,22030075,R,R,R,R,R,R,9,9,9,9,9
86.6571,1,2,9,2,9,3,9,9,9,1,85000,960,1,202203,0.9732,22030076,I,I,I,I,I,I,9,9,9,9,9
86.6571,1,2,9,2,9,3,9,9,9,1,99000,1200,3,202203,0.9732,22030077,R,I,R,R,R,R,9,9,9,9,9
86.6571,1,2,9,2,9,3,9,9,9,1,78000,840,1,202203,0.9732,22030078,I,I,I,I,I,I,9,9,9,9,9
86.6571,1,2,9,2,9,3,9,9,9,1,96000,1200,3,202203,0.9732,22030079,I,I,I,I,I,I,9,9,9,9,9
18.4727,1,2,9,2,9,2,9,9,9,1,100000,1300,3,202203,0.9732,22030080,I,I,I,I,I,I,9,9,9,9,9
18.4727,1,2,9,2,9,2,9,9,9,1,86000,1100,3,202203,0.9732,22030081,R,R,R,R,R,R,9,9,9,9,9
86.6571,1,2,9,2,9,3,9,9,9,1,85000,960,1,202203,0.9732,22030082,R,I,R,R,R,R,9,9,9,9,9
25.4316,1,2,9,2,9,4,9,9,9,1,110000,860,1,202203,0.9732,22030083,R,R,R,R,R,R,9,9,9,9,9
86.6571,1,2,9,2,9,3,9,9,9,1,100000,1300,3,202203,0.9732,22030084,R,I,R,R,R,R,9,9,9,9,9
18.4727,1,2,9,2,9,3,9,9,9,1,99000,1200,3,202203,0.9732,22030085,I,I,I,I,I,I,9,9,9,9,9
86.6571,1,2,9,2,9,3,9,9,9,1,96000,1200,3,202203,0.9732,22030086,R,I,R,R,R,R,9,9,9,9,9
16.2333,1,2,9,2,9,1,9,9,9,1,88000,1000,3,202203,0.9732,22030087,I,I,I,I,I,I,9,9,9,9,9
16.2333,1,2,9,2,9,1,9,9,9,1,110000,1000,3,202203,0.9732,22030088,R,R,R,R,R,R,9,9,9,9,9
16.2333,1,2,9,2,9,1,9,9,9,1,110000,1200,3,202203,0.9732,22030089,R,R,R,R,R,R,9,9,9,9,9
16.2333,1,2,9,2,9,1,9,9,9,1,150000,860,1,202203,0.9732,22030090,R,R,R,R,R,R,9,9,9,9,9
86.6571,1,2,9,2,9,3,9,9,9,1,78000,840,1,202203,0.9732,22030091,R,I,R,R,R,R,9,9,9,9,9
18.4727,1,2,9,2,9,2,9,9,9,1,83000,920,1,202203,0.9732,22030092,I,I,I,I,I,I,9,9,9,9,9
18.4727,1,2,9,2,9,2,9,9,9,1,100000,1300,3,202203,0.9732,22030093,R,I,R,R,R,R,9,9,9,9,9
18.4727,1,2,9,1,9,2,9,9,9,1,9,920,3,202203,0.9732,22030094,I,9,I,I,I,I,9,9,9,9,9
25.4316,1,2,9,2,9,4,9,9,9,1,92000,1100,3,202203,0.9732,22030095,I,I,I,I,I,I,9,9,9,9,9
18.4727,1,2,9,2,9,2,9,9,9,1,94000,1100,1,202203,0.9732,22030096,I,I,I,I,I,I,9,9,9,9,9
86.6571,1,2,9,2,9,3,9,9,9,1,60000,920,3,202203,0.9732,22030097,R,R,R,R,R,R,9,9,9,9,9
18.4727,1,2,9,2,9,2,9,9,9,1,99000,1200,3,202203,0.9732,22030098,I,I,I,I,I,I,9,9,9,9,9
16.2333,2,2,9,2,9,1,9,9,9,1,110000,980,1,202203,0.9732,22030099,R,R,R,R,R,R,9,9,9,9,9
86.6571,1,2,9,2,9,3,9,9,9,1,80000,1200,3,202203,0.9732,22030100,R,R,R,R,R,R,9,9,9,9,9
86.6571,2,2,9,2,9,3,9,9,9,1,100000,1300,3,202203,0.9732,22030101,R,I,I,I,I,I,9,9,9,9,9
18.4727,1,2,9,2,9,2,9,9,9,1,70000,1100,3,202203,0.9732,22030102,R,R,R,R,R,R,9,9,9,9,9
18.4727,1,2,9,2,9,2,9,9,9,1,91000,1100,3,202203,0.9732,22030103,I,I,I,I,I,I,9,9,9,9,9
18.4727,1,2,9,2,9,2,9,9,9,1,75000,740,1,202203,0.9732,22030104,I,I,I,I,I,I,9,9,9,9,9
18.4727,1,2,9,2,9,2,9,9,9,1,83000,920,1,202203,0.9732,22030105,R,I,R,R,R,R,9,9,9,9,9
86.6571,1,2,9,2,9,3,9,9,9,1,78000,840,1,202203,0.9732,22030106,I,I,I,I,I,I,9,9,9,9,9
18.4727,1,2,9,2,9,2,9,9,9,1,99000,1200,3,202203,0.9732,22030107,I,I,I,I,I,I,9,9,9,9,9
18.4727,1,2,9,2,9,2,9,9,9,1,63000,840,1,202203,0.9732,22030108,R,R,R,R,R,R,9,9,9,9,9
86.6571,1,2,9,2,9,3,9,9,9,1,72000,1200,3,202203,0.9732,22030109,R,R,R,R,R,R,9,9,9,9,9
16.2333,1,2,9,2,9,1,9,9,9,1,85000,950,1,202203,0.9732,22030110,R,I,R,R,R,R,9,9,9,9,9
16.2333,1,2,9,2,9,1,9,9,9,1,71000,1000,3,202203,0.9732,22030111,R,R,R,R,R,R,9,9,9,9,9
16.2333,1,2,9,2,9,1,9,9,9,1,87000,950,1,202203,0.9732,22030112,R,R,R,R,R,R,9,9,9,9,9
18.4727,1,2,9,2,9,2,9,9,9,1,80000,1200,3,202203,0.9732,22030113,R,R,R,R,R,R,9,9,9,9,9
86.6571,1,2,9,2,9,3,9,9,9,1,58000,840,1,202203,0.9732,22030114,R,R,R,R,R,R,9,9,9,9,9
18.4727,1,2,9,2,9,2,9,9,9,1,82000,1200,3,202203,0.9732,22030115,R,R,R,R,R,R,9,9,9,9,9
86.6571,1,2,9,2,9,3,9,9,9,1,130000,1300,3,202203,0.9732,22030116,R,R,R,R,R,R,9,9,9,9,9
86.6571,2,2,9,2,9,3,9,9,9,1,53000,840,1,202203,0.9732,22030117,R,R,R,R,R,R,9,9,9,9,9
86.6571,3,9,9,9,9,5,9,9,9,1,9,9,9,202203,0.9732,22030118,R,9,9,9,9,9,9,9,9,9,9
86.6571,3,9,9,9,9,5,9,9,9,1,9,9,9,202203,0.9732,22030119,R,9,9,9,9,9,9,9,9,9,9
12.7158,1,1,3,2,3,4,1,2,1,2,140000,1500,3,202203,1.0465,22030120,R,R,R,R,R,R,R,R,R,R,R
12.7158,2,1,3,2,2,4,1,1,1,2,210000,2100,3,202203,1.0465,22030121,R,R,R,R,R,R,R,R,R,R,R
12.7158,2,1,3,2,2,4,1,1,2,2,220000,1800,3,202203,1.0465,22030122,R,R,R,R,R,R,R,R,R,R,R
12.7158,2,1,5,2,3,4,1,3,1,2,96000,1300,3,202203,1.0465,22030123,R,R,R,R,R,R,R,R,R,R,R
12.7158,2,1,3,2,3,4,1,1,1,2,170000,1900,3,202203,1.0465,22030124,I,I,I,I,I,I,I,I,I,I,I
12.7158,2,1,3,2,2,4,1,1,1,2,130000,1600,3,202203,1.0465,22030125,R,R,R,R,R,R,R,R,R,R,R
12.7158,2,1,3,2,3,4,3,1,2,2,120000,1300,1,202203,1.0465,22030126,R,R,R,R,R,R,R,R,R,R,R
12.7158,1,1,3,2,1,4,3,1,2,2,150000,1500,3,202203,1.0465,22030127,I,I,I,I,I,I,I,I,I,I,I
12.7158,2,1,3,2,3,4,3,2,3,2,180000,1700,3,202203,1.0465,22030128,R,R,R,R,R,R,R,R,R,R,R
12.7158,2,1,3,2,1,4,3,1,2,2,180000,1700,3,202203,1.0465,22030129,R,R,R,R,R,R,R,I,I,I,I
12.7158,1,1,3,2,2,4,1,1,1,2,300000,1500,3,202203,1.0465,22030130,R,R,R,R,R,R,R,R,R,R,R
8.4772,2,1,3,2,3,5,3,2,1,3,290000,3100,3,202203,1.0465,22030131,R,R,R,R,R,R,R,R,R,R,R
12.7158,1,1,4,2,1,4,1,1,2,2,210000,1600,3,202203,1.0465,22030132,R,R,R,R,R,R,R,R,R,R,R
12.7158,2,1,3,2,3,4,3,2,3,2,190000,1700,1,202203,1.0465,22030133,R,R,R,R,R,R,R,R,R,R,R
12.7158,2,1,3,2,3,4,1,1,2,2,170000,1700,3,202203,1.0465,22030134,R,R,R,R,R,R,R,R,R,R,R
43.3286,2,1,3,2,3,3,1,1,2,2,140000,2500,3,202203,1.0465,22030135,R,R,R,R,R,R,R,R,R,R,R
9.2364,2,1,3,2,3,3,1,1,2,2,130000,1700,3,202203,1.0465,22030136,R,R,R,R,R,R,R,R,R,R,R
43.3286,2,1,3,2,3,3,1,1,2,2,150000,1600,3,202203,1.0465,22030137,I,I,I,I,I,I,I,I,I,I,I
12.7158,1,1,4,2,1,4,3,1,2,2,150000,910,3,202203,1.0465,22030138,R,R,R,R,R,R,R,R,R,R,R
12.7158,2,1,4,2,1,4,2,1,2,2,300000,1600,3,202203,1.0465,22030139,R,R,R,R,R,R,R,R,R,R,R
12.7158,2,1,4,2,1,4,3,1,1,2,120000,910,3,202203,1.0465,22030140,I,I,I,I,I,I,I,I,I,I,I
12.7158,2,1,4,2,1,4,3,1,1,2,300000,1600,3,202203,1.0465,22030141,R,R,R,R,R,R,R,R,R,I,R
12.7158,1,1,4,2,1,4,3,1,2,2,300000,1500,3,202203,1.0465,22030142,R,R,R,R,R,R,R,R,R,R,R
12.7158,2,1,3,2,1,4,3,2,3,2,150000,1600,3,202203,1.0465,22030143,I,I,I,I,I,I,I,I,I,I,I
12.7158,2,1,3,2,2,4,1,1,2,2,140000,1200,3,202203,1.0465,22030144,R,R,R,R,R,R,R,R,R,R,R
12.7158,2,1,4,2,1,4,3,1,2,2,96000,1800,3,202203,1.0465,22030145,R,R,R,R,R,R,R,I,I,I,I
12.7158,2,1,4,2,1,4,3,1,2,2,170000,1800,1,202203,1.0465,22030146,I,I,I,I,I,I,I,I,I,I,I
12.7158,2,1,4,2,1,4,3,1,2,2,200000,1200,3,202203,1.0465,22030147,R,R,R,R,R,R,R,R,R,R,R
8.4772,2,1,3,2,1,5,1,1,2,3,260000,2000,3,202203,1.0465,22030148,R,R,R,R,R,R,R,R,R,R,R
12.7158,2,1,4,2,1,4,3,1,2,2,180000,2000,3,202203,1.0465,22030149,I,I,I,I,I,I,I,I,I,I,I
12.7158,1,1,3,1,1,4,1,1,2,2,9,1500,3,202203,1.0465,22030150,I,9,I,I,I,I,I,I,I,I,I
12.7158,2,1,3,2,1,4,1,1,2,2,180000,2200,3,202203,1.0465,22030151,R,I,I,I,R,R,I,I,I,I,I
12.7158,1,1,5,2,3,4,1,1,2,2,180000,1500,3,202203,1.0465,22030152,R,R,R,R,R,R,I,R,R,R,R
12.7158,2,1,3,2,1,4,1,1,2,2,180000,2100,3,202203,1.0465,22030153,I,I,I,I,I,I,I,I,I,I,I
9.2364,2,1,3,2,1,3,1,1,3,2,150000,2000,3,202203,1.0465,22030154,R,R,R,R,R,R,I,I,R,I,I
43.3286,2,1,3,2,1,3,1,1,2,2,170000,1900,3,202203,1.0465,22030155,I,I,I,I,I,I,I,I,I,I,I
43.3286,2,1,4,2,3,3,1,2,2,2,110000,1100,1,202203,1.0465,22030156,R,R,R,R,R,R,R,R,R,R,R
43.3286,2,1,4,2,3,3,1,1,2,2,240000,2400,3,202203,1.0465,22030157,R,R,R,R,R,R,R,R,R,R,R
43.3286,2,1,3,2,2,3,1,1,2,2,130000,1100,1,202203,1.0465,22030158,R,I,I,I,R,R,I,I,R,I,I
43.3286,2,1,4,2,3,3,1,1,2,2,87000,1100,3,202203,1.0465,22030159,R,R,R,R,R,R,R,R,R,R,R
43.3286,2,1,4,2,3,3,1,1,1,2,170000,2100,3,202203,1.0465,22030160,R,R,R,R,R,R,R,R,R,R,R
43.3286,2,1,4,2,3,3,1,1,1,2,140000,1600,3,202203,1.0465,22030161,R,R,R,R,R,R,R,R,R,R,R
43.3286,1,1,5,2,3,3,1,1,1,2,120000,1700,1,202203,1.0465,22030162,R,R,R,R,R,R,R,R,R,R,R
43.3286,2,1,3,2,1,3,1,1,2,2,120000,1100,1,202203,1.0465,22030163,R,R,R,R,R,R,R,R,R,R,R
43.3286,2,1,5,2,3,3,1,1,2,2,160000,1700,1,202203,1.0465,22030164,I,I,I,I,I,I,I,I,I,I,I
43.3286,2,1,3,2,1,3,1,1,3,2,180000,2100,3,202203,1.0465,22030165,R,I,I,I,R,R,I,I,I,I,I
43.3286,2,1,3,2,2,3,1,1,2,2,160000,1700,3,202203,1.0465,22030166,R,I,I,I,I,I,I,I,I,I,I
43.3286,2,1,3,2,2,3,1,1,1,2,120000,1800,3,202203,1.0465,22030167,R,R,R,R,R,R,R,R,R,R,R
12.7158,2,1,3,2,1,4,3,1,1,2,150000,1600,3,202203,1.0465,22030168,I,I,I,I,I,I,I,I,I,I,I
9.2364,2,1,3,2,3,2,1,1,2,2,160000,1800,3,202203,1.0465,22030169,R,I,R,R,R,R,R,R,R,R,R
9.2364,2,1,3,2,1,2,1,1,2,2,250000,1600,1,202203,1.0465,22030170,R,R,R,R,R,R,R,R,R,R,R
9.2364,1,1,3,2,1,2,1,1,2,2,130000,1200,3,202203,1.0465,22030171,I,I,I,I,I,I,I,I,I,I,I
6.1576,2,1,3,2,1,5,1,1,1,3,230000,3100,3,202203,1.0465,22030172,I,I,I,I,I,I,I,I,I,I,I
9.2364,2,1,5,2,2,2,4,1,2,2,130000,1200,3,202203,1.0465,22030173,R,I,R,R,R,R,R,R,R,R,R
9.2364,2,1,3,2,1,2,1,1,2,2,160000,1800,3,202203,1.0465,22030174,I,I,I,I,I,I,I,I,I,I,I
9.2364,2,1,3,2,1,2,1,1,2,2,160000,1700,3,202203,1.0465,22030175,I,I,I,I,I,I,I,I,I,I,I
9.2364,1,1,3,2,1,2,1,1,1,2,100000,1700,3,202203,1.0465,22030176,R,R,R,R,R,R,I,R,R,R,R
9.2364,2,1,3,2,1,2,1,1,2,2,130000,1500,3,202203,1.0465,22030177,R,R,R,R,R,R,R,R,R,R,R
9.2364,1,1,3,2,1,2,1,1,2,2,150000,1600,3,202203,1.0465,22030178,I,I,I,I,I,I,I,I,I,I,I
9.2364,2,1,4,2,3,2,1,1,2,2,150000,2000,3,202203,1.0465,22030179,R,R,R,R,R,R,R,R,R,R,R
43.3286,2,1,3,2,3,3,1,1,2,2,160000,1700,3,202203,1.0465,22030180,I,I,I,I,I,I,I,I,I,I,I
43.3286,2,1,5,2,3,3,1,1,2,2,140000,1900,3,202203,1.0465,22030181,R,R,R,R,R,R,R,R,R,R,R
9.2364,2,1,3,2,1,2,1,1,2,2,130000,1800,3,202203,1.0465,22030182,R,R,R,R,R,R,R,I,R,I,I
9.2364,2,1,3,2,1,2,1,3,1,2,160000,1700,3,202203,1.0465,22030183,I,I,I,I,I,I,I,I,I,I,I
12.7158,2,1,3,1,1,2,1,1,1,2,9,1200,3,202203,1.0465,22030184,R,9,R,R,R,R,R,R,R,R,R
9.2364,1,1,3,2,1,2,1,1,2,2,170000,1900,3,202203,1.0465,22030185,R,R,R,R,R,R,R,R,R,R,R
9.2364,2,1,3,2,3,2,1,1,2,2,120000,1300,3,202203,1.0465,22030186,R,R,R,R,R,R,R,I,R,I,I
9.2364,2,1,3,2,1,2,1,1,2,2,150000,1600,3,202203,1.0465,22030187,I,I,I,I,I,I,I,I,I,I,I
9.2364,2,1,3,2,1,2,1,1,2,2,180000,2100,3,202203,1.0465,22030188,R,I,I,I,R,R,I,I,R,I,I
12.7158,2,1,3,1,1,2,1,1,1,2,9,1600,3,202203,1.0465,22030189,R,9,R,R,R,R,R,R,R,R,R
9.2364,2,1,3,2,1,2,1,1,2,2,160000,1700,3,202203,1.0465,22030190,I,I,I,I,I,I,I,I,I,I,I
9.2364,2,1,3,2,1,2,1,1,2,2,150000,1600,1,202203,1.0465,22030191,R,I,I,I,I,R,I,I,R,I,I
9.2364,2,1,3,1,1,2,1,1,2,2,9,1600,3,202203,1.0465,22030192,I,9,I,I,I,I,I,I,I,I,I
43.3286,2,1,3,2,2,3,1,2,2,2,110000,1500,3,202203,1.0465,22030193,R,R,R,R,R,R,R,R,R,R,R
43.3286,2,1,5,2,3,3,1,1,2,2,170000,2000,3,202203,1.0465,22030194,R,R,R,R,R,R,R,R,R,R,R
9.2364,2,1,5,2,3,2,1,1,2,2,110000,2000,3,202203,1.0465,22030195,R,R,R,R,R,R,R,R,R,R,R
9.2364,2,1,3,2,3,2,1,1,2,2,150000,1800,3,202203,1.0465,22030196,R,R,R,R,R,R,R,R,R,R,R
9.2364,1,1,3,2,3,2,1,2,3,2,160000,1700,3,202203,1.0465,22030197,R,I,I,I,I,I,I,I,I,I,I
9.2364,2,1,3,2,3,2,1,1,2,2,160000,1800,3,202203,1.0465,22030198,I,I,I,I,I,I,I,I,I,I,I
9.2364,2,1,3,2,3,2,1,1,2,2,110000,1600,3,202203,1.0465,22030199,R,R,R,R,R,R,R,R,R,R,R
12.7158,1,1,3,2,3,4,1,1,1,2,140000,1400,1,202203,1.0465,22030200,I,I,I,I,I,I,I,I,I,I,I
9.2364,2,1,3,1,2,2,1,1,2,2,9,1600,3,202203,1.0465,22030201,R,9,I,I,R,R,I,I,I,I,I
9.2364,1,1,3,2,2,2,1,1,2,2,150000,1600,3,202203,1.0465,22030202,I,I,I,I,I,I,I,I,I,I,I
9.2364,2,1,5,2,3,2,4,1,2,2,160000,1700,3,202203,1.0465,22030203,R,I,R,R,R,R,R,R,R,R,R
9.2364,2,1,3,2,2,2,1,1,2,2,190000,2400,3,202203,1.0465,22030204,I,I,I,I,I,I,I,I,I,I,I
9.2364,2,1,3,1,2,2,1,2,2,2,9,1500,3,202203,1.0465,22030205,I,9,I,I,I,I,I,I,I,I,I
12.7158,2,1,4,2,1,4,3,1,3,2,140000,1300,1,202203,1.0465,22030206,I,I,I,I,I,I,I,I,I,I,I
12.7158,2,1,4,2,1,4,3,2,2,2,170000,1600,3,202203,1.0465,22030207,R,R,R,R,R,R,R,R,R,R,R
12.7158,1,1,4,2,1,4,3,1,3,2,130000,1100,3,202203,1.0465,22030208,R,R,R,R,R,R,I,I,R,I,I
9.2364,2,1,4,2,2,4,3,1,3,2,130000,1100,3,202203,1.0465,22030209,R,I,I,I,R,R,I,I,R,I,I
12.7158,1,1,4,2,1,4,3,1,3,2,150000,1500,3,202203,1.0465,22030210,I,I,I,I,I,I,I,I,I,I,I
12.7158,2,1,3,2,2,4,1,1,2,2,160000,1700,3,202203,1.0465,22030211,I,I,I,I,I,I,I,I,I,I,I
12.7158,1,1,3,2,2,4,1,1,2,2,150000,1600,3,202203,1.0465,22030212,I,I,I,I,I,I,I,I,I,I,I
12.7158,2,1,3,2,2,4,1,1,2,2,96000,2100,3,202203,1.0465,22030213,R,R,R,R,R,R,R,R,R,R,R
8.1167,2,1,5,2,1,1,1,1,2,2,170000,1200,1,202203,1.0465,22030214,R,R,R,R,I,I,R,I,I,I,I
43.3286,2,1,5,2,3,3,1,1,2,2,170000,1800,3,202203,1.0465,22030215,R,R,I,I,R,I,I,I,I,I,I
43.3286,2,1,3,2,3,3,1,1,1,2,120000,1600,3,202203,1.0465,22030216,R,R,I,I,R,I,I,I,I,I,I
43.3286,2,1,3,2,3,3,1,1,1,2,180000,2000,3,202203,1.0465,22030217,R,I,I,I,I,I,I,I,I,I,I
43.3286,2,1,3,2,3,3,1,1,2,2,200000,2500,3,202203,1.0465,22030218,R,R,R,R,R,R,R,R,R,R,R
9.2364,1,1,3,2,1,2,1,1,1,2,120000,1600,3,202203,1.0465,22030219,R,R,R,R,R,R,R,R,R,R,R
43.3286,2,1,3,2,2,3,1,1,2,2,170000,2000,3,202203,1.0465,22030220,R,R,R,R,R,R,R,R,R,R,R
12.7158,2,1,3,2,3,3,1,1,2,2,180000,2000,3,202203,1.0465,22030221,I,I,I,I,I,I,I,I,I,I,I
43.3286,2,1,3,2,2,3,1,2,2,2,140000,1600,3,202203,1.0465,22030222,R,R,R,R,R,R,R,R,R,R,R
12.7158,2,1,3,2,2,4,1,1,2,2,150000,1600,3,202203,1.0465,22030223,I,I,I,I,I,I,I,I,I,I,I
12.7158,2,1,5,2,4,4,2,1,2,2,160000,1900,3,202203,1.0465,22030224,R,R,R,R,R,R,R,R,R,R,R
12.7158,2,1,3,2,2,4,1,3,2,2,150000,1500,3,202203,1.0465,22030225,I,I,I,I,I,I,I,I,I,I,I
12.7158,2,1,3,2,1,4,1,1,2,2,150000,1500,3,202203,1.0465,22030226,R,I,I,I,R,R,I,I,R,I,I
8.4772,1,1,3,2,2,5,1,1,2,3,180000,2600,3,202203,1.0465,22030227,R,R,R,R,I,I,R,I,I,I,I
12.7158,1,1,3,2,2,4,1,1,2,2,170000,1900,1,202203,1.0465,22030228,I,I,I,I,I,I,I,I,I,I,I
8.4772,2,1,3,2,2,5,1,1,1,3,280000,1800,3,202203,1.0465,22030229,R,R,R,R,R,R,R,R,R,R,R
12.7158,1,1,3,2,2,4,1,1,1,2,140000,1300,3,202203,1.0465,22030230,I,I,I,I,I,I,I,I,I,I,I
8.1167,2,1,3,2,1,1,1,1,1,2,85000,1100,1,202203,1.0465,22030231,R,R,R,R,R,R,R,R,R,R,R
8.1167,1,1,3,2,1,1,1,1,1,2,100000,1700,3,202203,1.0465,22030232,R,R,R,R,R,R,R,R,R,R,R
8.1167,2,1,3,2,2,1,1,1,2,2,120000,1900,3,202203,1.0465,22030233,R,R,R,R,R,R,R,R,R,R,R
8.1167,1,1,3,2,1,1,1,1,2,2,150000,1500,3,202203,1.0465,22030234,R,I,R,R,R,R,R,R,R,R,R
8.1167,1,1,3,2,1,1,1,1,2,2,160000,1500,1,202203,1.0465,22030235,R,R,R,R,R,R,R,R,R,R,R
8.1167,2,1,3,2,3,1,1,1,2,2,160000,1700,3,202203,1.0465,22030236,R,R,R,R,R,R,R,R,R,R,R
8.1167,2,1,3,2,1,1,1,2,2,2,130000,1100,1,202203,1.0465,22030237,I,I,I,I,I,I,I,I,I,I,I
43.3286,2,1,3,2,2,3,1,1,2,2,100000,1600,3,202203,1.0465,22030238,R,R,R,R,R,R,R,R,R,R,R
43.3286,2,1,5,2,3,3,1,1,2,2,130000,1100,1,202203,1.0465,22030239,I,I,I,I,I,I,I,I,I,I,I
43.3286,2,1,4,2,3,3,1,2,2,2,160000,1600,3,202203,1.0465,22030240,R,R,R,R,R,R,R,R,R,R,R
43.3286,2,1,3,2,3,3,1,1,2,2,200000,2500,3,202203,1.0465,22030241,R,R,R,R,R,R,R,R,R,R,R
43.3286,2,1,5,2,3,3,1,1,2,2,150000,1600,3,202203,1.0465,22030242,I,I,I,I,I,I,I,I,I,I,I
43.3286,2,1,3,2,3,3,1,1,2,2,150000,1600,3,202203,1.0465,22030243,R,R,R,R,R,R,R,R,R,R,R
43.3286,2,1,3,2,3,3,1,1,2,2,240000,2500,3,202203,1.0465,22030244,R,R,R,R,R,R,R,R,R,R,R
43.3286,2,1,3,2,3,3,1,1,1,2,240000,2500,3,202203,1.0465,22030245,R,R,R,R,R,R,R,R,R,R,R
43.3286,2,1,3,2,3,3,1,2,2,2,87000,1600,3,202203,1.0465,22030246,R,R,R,R,R,R,R,R,R,R,R
43.3286,2,1,3,2,3,3,1,1,1,2,180000,2000,3,202203,1.0465,22030247,R,I,R,R,R,R,R,R,R,R,R
43.3286,2,1,3,2,3,3,1,1,2,2,140000,1900,3,202203,1.0465,22030248,R,R,R,R,R,R,R,R,R,R,R
43.3286,2,1,3,2,2,3,1,1,2,2,99000,1600,3,202203,1.0465,22030249,R,R,R,R,R,R,R,R,R,R,R
43.3286,2,1,3,2,3,3,1,1,1,2,150000,1600,3,202203,1.0465,22030250,I,I,I,I,I,I,I,I,I,I,I
43.3286,2,1,3,2,3,3,1,1,2,2,120000,1600,3,202203,1.0465,22030251,R,R,R,R,R,R,R,R,R,R,R
43.3286,2,1,3,2,3,3,1,1,2,2,150000,1800,3,202203,1.0465,22030252,R,R,R,R,R,R,R,R,R,R,R
43.3286,2,1,3,2,3,3,1,1,2,2,120000,1500,3,202203,1.0465,22030253,R,R,R,R,R,R,R,R,R,R,R
43.3286,2,1,3,2,2,3,1,1,2,2,100000,1600,3,202203,1.0465,22030254,R,R,R,R,R,R,R,R,R,R,R
43.3286,2,1,5,2,3,3,1,2,2,2,200000,2500,3,202203,1.0465,22030255,I,I,I,I,I,I,I,I,I,I,I
43.3286,2,1,5,2,3,3,1,2,2,2,170000,1900,3,202203,1.0465,22030256,I,I,I,I,I,I,I,I,I,I,I
43.3286,2,1,5,2,3,3,1,1,2,2,87000,1100,1,202203,1.0465,22030257,R,R,R,R,R,R,R,R,R,R,R
43.3286,2,1,3,2,3,3,1,1,2,2,200000,2500,3,202203,1.0465,22030258,R,R,R,R,R,R,R,R,R,R,R
43.3286,2,1,5,2,3,3,1,1,2,2,210000,2500,3,202203,1.0465,22030259,I,I,I,I,I,I,I,I,I,I,I
43.3286,2,1,3,2,3,3,1,1,2,2,150000,1600,3,202203,1.0465,22030260,I,I,I,I,I,I,I,I,I,I,I
43.3286,2,1,3,2,2,3,1,1,2,2,120000,1900,3,202203,1.0465,22030261,R,R,R,R,R,R,R,R,R,R,R
12.7158,2,1,1,2,2,4,0,0,1,2,240000,1900,3,202203,1.0465,22030262,R,R,R,R,R,R,R,R,R,R,R
8.4772,2,1,1,2,3,5,0,0,2,3,220000,2600,3,202203,1.0465,22030263,R,R,R,R,R,R,R,R,R,R,R
12.7158,2,1,1,2,3,4,0,0,1,2,130000,1200,3,202203,1.0465,22030264,I,I,I,I,I,I,I,R,I,I,R
12.7158,1,1,2,2,1,4,0,0,2,2,240000,1400,1,202203,1.0465,22030265,R,R,R,R,R,R,R,R,R,R,R
12.7158,2,1,2,2,1,4,0,0,2,2,180000,1800,3,202203,1.0465,22030266,R,R,R,R,R,R,R,R,I,I,R
12.7158,2,1,1,2,3,4,0,0,2,2,160000,1600,3,202203,1.0465,22030267,R,R,R,R,R,R,R,R,R,R,R
12.7158,1,1,2,1,2,4,0,0,1,2,9,1600,3,202203,1.0465,22030268,R,9,R,R,I,R,R,R,R,R,R
12.7158,2,1,1,2,1,4,0,0,1,2,150000,1600,3,202203,1.0465,22030269,I,I,I,I,I,I,I,R,I,I,R
12.7158,2,1,1,2,3,4,0,0,2,2,160000,1800,1,202203,1.0465,22030270,R,R,R,R,R,R,R,R,R,R,R
8.1167,2,1,1,2,3,1,0,0,2,2,120000,1500,3,202203,1.0465,22030271,R,R,R,R,R,R,R,R,R,R,R
8.1167,2,1,2,2,1,1,0,0,1,2,280000,1500,1,202203,1.0465,22030272,R,R,R,R,R,R,R,R,R,R,R
8.1167,2,1,1,2,3,1,0,0,2,2,94000,990,3,202203,1.0465,22030273,R,R,R,R,R,R,R,R,R,R,R
8.1167,2,1,1,2,3,1,0,0,2,2,85000,1100,3,202203,1.0465,22030274,R,R,R,R,R,R,R,R,R,R,R
8.1167,1,1,1,1,1,1,0,0,1,2,9,1100,3,202203,1.0465,22030275,R,9,R,R,R,R,R,R,R,R,R
8.1167,2,1,1,2,1,1,0,0,2,2,130000,1200,1,202203,1.0465,22030276,I,I,I,I,I,I,I,R,I,I,R
8.1167,1,1,1,1,1,1,0,0,1,2,9,1100,1,202203,1.0465,22030277,R,9,R,R,R,R,R,R,R,R,R
8.1167,2,1,1,2,1,1,0,0,2,2,280000,1600,1,202203,1.0465,22030278,R,R,R,R,R,R,R,R,R,R,R
8.1167,2,1,1,2,3,1,0,0,1,2,85000,1200,1,202203,1.0465,22030279,R,R,R,R,R,R,R,R,R,R,R
43.3286,2,1,2,2,2,3,0,0,1,2,200000,2500,3,202203,1.0465,22030280,I,I,I,I,I,I,I,R,I,I,R
12.7158,2,1,1,2,2,4,0,0,1,2,170000,2000,1,202203,1.0465,22030281,R,R,R,R,R,R,R,R,R,R,R
9.2364,1,1,1,2,1,2,0,0,2,2,140000,1300,3,202203,1.0465,22030282,I,I,I,I,I,I,I,R,I,I,R
9.2364,2,1,2,2,1,2,0,0,1,2,130000,1100,3,202203,1.0465,22030283,I,I,I,I,I,I,I,R,I,I,R
9.2364,2,1,1,2,3,2,0,0,1,2,160000,1800,3,202203,1.0465,22030284,R,R,R,R,R,R,R,R,R,R,R
43.3286,2,1,2,2,3,3,0,0,2,2,87000,1900,3,202203,1.0465,22030285,R,R,R,R,R,R,R,R,R,R,R
9.2364,1,1,1,2,1,2,0,0,1,2,110000,1500,3,202203,1.0465,22030286,R,R,R,R,R,R,R,R,R,R,R
9.2364,1,1,1,2,1,2,0,0,1,2,110000,1100,3,202203,1.0465,22030287,R,R,R,R,R,R,R,R,R,R,R
8.1167,2,1,1,2,1,1,0,0,3,2,130000,1200,3,202203,1.0465,22030288,R,I,I,I,I,R,I,R,R,I,R
8.1167,2,1,1,2,1,1,0,0,2,2,160000,1700,3,202203,1.0465,22030289,I,I,I,I,I,I,I,R,I,I,R
8.1167,2,1,1,2,1,1,0,0,2,2,160000,1700,1,202203,1.0465,22030290,I,I,I,I,I,I,I,R,I,I,R
8.1167,1,1,2,2,1,1,0,0,2,2,280000,1700,1,202203,1.0465,22030291,R,R,R,R,R,R,R,R,R,R,R
8.1167,2,1,1,2,1,1,0,0,2,2,150000,1500,3,202203,1.0465,22030292,R,I,I,I,R,R,R,R,R,R,R
8.1167,2,1,2,2,2,1,0,0,2,2,99000,1200,3,202203,1.0465,22030293,R,R,R,R,R,R,R,R,R,R,R
8.1167,2,1,2,2,3,1,0,0,1,2,100000,1200,3,202203,1.0465,22030294,R,R,R,R,R,R,R,R,R,R,R
43.3286,2,1,2,2,3,3,0,0,3,2,100000,1700,3,202203,1.0465,22030295,R,R,R,R,R,R,R,R,R,R,R
9.2364,2,1,1,2,1,2,0,0,2,2,170000,1500,3,202203,1.0465,22030296,R,R,R,R,R,R,R,R,R,R,R
9.2364,2,1,1,2,1,2,0,0,1,2,170000,1900,3,202203,1.0465,22030297,I,I,I,I,I,I,I,R,I,I,R
12.7158,1,2,9,2,9,4,9,9,9,2,150000,2200,3,202203,1.0465,22030298,R,R,R,R,R,R,9,9,9,9,9
12.7158,1,2,9,2,9,4,9,9,9,2,120000,910,3,202203,1.0465,22030299,R,I,I,I,I,I,9,9,9,9,9
12.7158,1,2,9,2,9,4,9,9,9,2,300000,1700,3,202203,1.0465,22030300,R,R,R,R,R,R,9,9,9,9,9
12.7158,1,2,9,2,9,4,9,9,9,2,170000,1900,3,202203,1.0465,22030301,R,I,I,I,I,I,9,9,9,9,9
43.3286,1,2,9,2,9,3,9,9,9,2,160000,1600,3,202203,1.0465,22030302,I,I,I,I,I,I,9,9,9,9,9
43.3286,1,2,9,2,9,3,9,9,9,2,150000,2000,3,202203,1.0465,22030303,R,R,R,R,R,R,9,9,9,9,9
43.3286,1,2,9,2,9,3,9,9,9,2,200000,2200,3,202203,1.0465,22030304,R,R,R,R,R,R,9,9,9,9,9
43.3286,1,2,9,2,9,3,9,9,9,2,160000,1600,3,202203,1.0465,22030305,R,R,R,R,R,R,9,9,9,9,9
43.3286,1,2,9,2,9,3,9,9,9,2,200000,2400,3,202203,1.0465,22030306,I,I,I,I,I,I,9,9,9,9,9
43.3286,1,2,9,2,9,3,9,9,9,2,170000,1900,3,202203,1.0465,22030307,I,I,I,I,I,I,9,9,9,9,9
43.3286,1,2,9,2,9,3,9,9,9,2,200000,2000,3,202203,1.0465,22030308,R,R,R,R,R,R,9,9,9,9,9
43.3286,1,2,9,2,9,3,9,9,9,2,160000,1700,3,202203,1.0465,22030309,I,I,I,I,I,I,9,9,9,9,9
12.7158,1,2,9,2,9,4,9,9,9,2,170000,1500,3,202203,1.0465,22030310,R,R,R,R,R,R,9,9,9,9,9
12.7158,1,2,9,2,9,4,9,9,9,2,160000,1700,3,202203,1.0465,22030311,I,I,I,I,I,I,9,9,9,9,9
12.7158,1,2,9,2,9,4,9,9,9,2,200000,1600,3,202203,1.0465,22030312,R,R,R,R,R,R,9,9,9,9,9
12.7158,1,2,9,2,9,4,9,9,9,2,160000,1800,3,202203,1.0465,22030313,I,I,I,I,I,I,9,9,9,9,9
9.2364,1,2,9,2,9,2,9,9,9,2,160000,1600,1,202203,1.0465,22030314,I,I,I,I,I,I,9,9,9,9,9
9.2364,1,2,9,2,9,2,9,9,9,2,200000,2400,3,202203,1.0465,22030315,R,R,R,R,R,R,9,9,9,9,9
12.7158,1,2,9,2,9,4,9,9,9,2,180000,2200,3,202203,1.0465,22030316,I,I,I,I,I,I,9,9,9,9,9
43.3286,1,2,9,2,9,3,9,9,9,2,160000,1700,3,202203,1.0465,22030317,I,I,I,I,I,I,9,9,9,9,9
9.2364,1,2,9,2,9,2,9,9,9,2,150000,2100,3,202203,1.0465,22030318,R,R,R,R,R,R,9,9,9,9,9
43.3286,1,2,9,2,9,3,9,9,9,2,170000,1900,3,202203,1.0465,22030319,I,I,I,I,I,I,9,9,9,9,9
43.3286,1,2,9,2,9,3,9,9,9,2,180000,2000,3,202203,1.0465,22030320,I,I,I,I,I,I,9,9,9,9,9
43.3286,1,2,9,2,9,3,9,9,9,2,120000,1600,3,202203,1.0465,22030321,R,R,R,R,R,R,9,9,9,9,9
43.3286,2,2,9,2,9,3,9,9,9,2,160000,2500,3,202203,1.0465,22030322,R,R,R,R,R,R,9,9,9,9,9
43.3286,1,2,9,2,9,3,9,9,9,2,170000,1900,3,202203,1.0465,22030323,R,I,R,R,R,R,9,9,9,9,9
9.2364,1,2,9,2,9,2,9,9,9,2,160000,1700,3,202203,1.0465,22030324,I,I,I,I,I,I,9,9,9,9,9
8.1167,1,2,9,2,9,1,9,9,9,2,150000,1300,3,202203,1.0465,22030325,R,R,R,R,R,R,9,9,9,9,9
9.2364,1,2,9,2,9,2,9,9,9,2,150000,1400,3,202203,1.0465,22030326,R,R,R,R,R,R,9,9,9,9,9
43.3286,1,2,9,2,9,3,9,9,9,2,160000,1900,3,202203,1.0465,22030327,R,R,R,R,R,R,9,9,9,9,9
43.3286,1,2,9,2,9,3,9,9,9,2,170000,1900,3,202203,1.0465,22030328,I,I,I,I,I,I,9,9,9,9,9
43.3286,1,2,9,2,9,3,9,9,9,2,87000,1600,3,202203,1.0465,22030329,R,R,R,R,R,R,9,9,9,9,9
43.3286,1,2,9,2,9,3,9,9,9,2,120000,1600,3,202203,1.0465,22030330,R,R,R,R,R,R,9,9,9,9,9
12.7158,1,2,9,2,9,4,9,9,9,2,180000,2200,3,202203,1.0465,22030331,R,R,R,R,R,R,9,9,9,9,9
12.7158,1,2,9,2,9,4,9,9,9,2,180000,2100,3,202203,1.0465,22030332,I,I,I,I,I,I,9,9,9,9,9
12.7158,2,2,9,2,9,4,9,9,9,2,200000,2000,3,202203,1.0465,22030333,R,R,R,R,R,R,9,9,9,9,9
9.2364,1,2,9,2,9,2,9,9,9,2,150000,1600,3,202203,1.0465,22030334,R,I,R,R,R,R,9,9,9,9,9
43.3286,1,2,9,2,9,3,9,9,9,2,150000,1600,3,202203,1.0465,22030335,R,R,R,R,R,R,9,9,9,9,9
43.3286,1,2,9,2,9,3,9,9,9,2,150000,1600,3,202203,1.0465,22030336,I,I,I,I,I,I,9,9,9,9,9
43.3286,1,2,9,2,9,3,9,9,9,2,150000,1500,3,202203,1.0465,22030337,R,R,R,R,R,R,9,9,9,9,9
9.2364,1,2,9,2,9,2,9,9,9,2,180000,1700,3,202203,1.0465,22030338,R,R,R,R,R,R,9,9,9,9,9
9.2364,1,2,9,2,9,2,9,9,9,2,200000,2400,3,202203,1.0465,22030339,R,R,R,R,R,R,9,9,9,9,9
43.3286,1,2,9,2,9,3,9,9,9,2,150000,1100,3,202203,1.0465,22030340,R,R,R,R,I,I,9,9,9,9,9
9.2364,1,2,9,2,9,2,9,9,9,2,190000,1800,3,202203,1.0465,22030341,R,R,R,R,R,R,9,9,9,9,9
43.3286,1,2,9,2,9,3,9,9,9,2,160000,1800,3,202203,1.0465,22030342,I,I,I,I,I,I,9,9,9,9,9
43.3286,1,2,9,2,9,3,9,9,9,2,120000,2100,3,202203,1.0465,22030343,R,R,R,R,R,R,9,9,9,9,9
43.3286,1,2,9,2,9,3,9,9,9,2,170000,1900,3,202203,1.0465,22030344,R,R,R,R,R,R,9,9,9,9,9
43.3286,1,2,9,2,9,3,9,9,9,2,160000,1800,3,202203,1.0465,22030345,I,I,I,I,I,I,9,9,9,9,9
43.3286,1,2,9,2,9,3,9,9,9,2,160000,2000,3,202203,1.0465,22030346,R,R,R,R,R,I,9,9,9,9,9
43.3286,1,2,9,2,9,3,9,9,9,2,150000,2000,3,202203,1.0465,22030347,R,R,R,R,R,R,9,9,9,9,9
9.2364,1,2,9,2,9,2,9,9,9,2,160000,2100,3,202203,1.0465,22030348,R,R,R,R,R,R,9,9,9,9,9
43.3286,1,2,9,2,9,3,9,9,9,2,150000,2100,3,202203,1.0465,22030349,R,R,R,R,R,R,9,9,9,9,9
43.3286,1,2,9,2,9,3,9,9,9,2,170000,1900,3,202203,1.0465,22030350,R,R,R,R,R,R,9,9,9,9,9
43.3286,1,2,9,2,9,3,9,9,9,2,160000,1800,3,202203,1.0465,22030351,I,I,I,I,I,I,9,9,9,9,9
12.7158,1,2,9,2,9,4,9,9,9,2,150000,1600,3,202203,1.0465,22030352,I,I,I,I,I,I,9,9,9,9,9
43.3286,1,2,9,2,9,3,9,9,9,2,150000,1600,3,202203,1.0465,22030353,I,I,I,I,I,I,9,9,9,9,9
43.3286,1,2,9,2,9,3,9,9,9,2,110000,1600,3,202203,1.0465,22030354,R,R,R,R,R,R,9,9,9,9,9
8.4772,1,2,9,2,9,5,9,9,9,3,230000,3100,3,202203,1.0465,22030355,I,I,I,I,I,I,9,9,9,9,9
12.7158,2,2,9,2,9,4,9,9,9,2,160000,1800,3,202203,1.0465,22030356,I,I,I,I,I,I,9,9,9,9,9
12.7158,1,2,9,2,9,4,9,9,9,2,220000,1900,1,202203,1.0465,22030357,R,R,R,R,R,R,9,9,9,9,9
12.7158,2,2,9,2,9,4,9,9,9,2,120000,910,3,202203,1.0465,22030358,R,R,R,R,R,R,9,9,9,9,9
12.7158,2,2,9,2,9,4,9,9,9,2,150000,1600,3,202203,1.0465,22030359,I,I,I,I,I,I,9,9,9,9,9
12.7158,1,2,9,2,9,4,9,9,9,2,220000,1800,3,202203,1.0465,22030360,R,R,R,R,R,R,9,9,9,9,9
12.7158,2,2,9,2,9,4,9,9,9,2,150000,1600,3,202203,1.0465,22030361,I,I,I,I,I,I,9,9,9,9,9
43.3286,1,2,9,2,9,3,9,9,9,2,160000,1800,3,202203,1.0465,22030362,R,R,R,R,R,R,9,9,9,9,9
8.1167,1,2,9,2,9,1,9,9,9,2,180000,1900,3,202203,1.0465,22030363,R,R,R,R,R,R,9,9,9,9,9
43.3286,1,2,9,2,9,3,9,9,9,2,190000,2200,3,202203,1.0465,22030364,R,I,R,R,R,R,9,9,9,9,9
43.3286,1,2,9,2,9,3,9,9,9,2,110000,1700,3,202203,1.0465,22030365,R,R,R,R,R,R,9,9,9,9,9
8.1167,1,2,9,2,9,1,9,9,9,2,120000,1700,3,202203,1.0465,22030366,R,R,R,R,R,R,9,9,9,9,9
43.3286,1,2,9,2,9,3,9,9,9,2,160000,2000,3,202203,1.0465,22030367,R,R,R,R,R,R,9,9,9,9,9
43.3286,1,2,9,2,9,3,9,9,9,2,150000,1500,3,202203,1.0465,22030368,I,I,I,I,I,I,9,9,9,9,9
28.8857,1,2,9,2,9,5,9,9,9,3,200000,1800,1,202203,1.0465,22030369,R,R,R,R,R,R,9,9,9,9,9
9.2364,1,2,9,2,9,2,9,9,9,2,89000,1100,1,202203,1.0465,22030370,R,R,R,R,R,R,9,9,9,9,9
9.2364,1,2,9,2,9,2,9,9,9,2,120000,1100,1,202203,1.0465,22030371,I,I,I,I,I,I,9,9,9,9,9
43.3286,1,2,9,2,9,3,9,9,9,2,190000,2200,3,202203,1.0465,22030372,I,I,I,I,I,I,9,9,9,9,9
9.2364,1,2,9,2,9,2,9,9,9,2,170000,1800,3,202203,1.0465,22030373,I,I,I,I,I,I,9,9,9,9,9
9.2364,1,2,9,2,9,2,9,9,9,2,140000,1700,3,202203,1.0465,22030374,R,R,R,R,R,R,9,9,9,9,9
9.2364,1,2,9,2,9,2,9,9,9,2,130000,1200,3,202203,1.0465,22030375,I,I,I,I,I,I,9,9,9,9,9
8.1167,1,2,9,2,9,1,9,9,9,2,140000,1300,3,202203,1.0465,22030376,R,I,R,R,R,R,9,9,9,9,9
8.1167,1,2,9,2,9,1,9,9,9,2,120000,1200,3,202203,1.0465,22030377,R,R,R,R,R,R,9,9,9,9,9
9.2364,2,2,9,2,9,2,9,9,9,2,140000,1600,3,202203,1.0465,22030378,R,R,R,R,R,R,9,9,9,9,9
43.3286,1,2,9,2,9,3,9,9,9,2,140000,1600,3,202203,1.0465,22030379,R,R,R,R,R,R,9,9,9,9,9
8.1167,1,2,9,2,9,1,9,9,9,2,170000,1500,3,202203,1.0465,22030380,R,R,R,R,R,R,9,9,9,9,9
8.1167,1,2,9,2,9,1,9,9,9,2,110000,1400,3,202203,1.0465,22030381,R,R,R,R,R,R,9,9,9,9,9
9.2364,1,2,9,2,9,2,9,9,9,2,89000,1100,1,202203,1.0465,22030382,R,R,R,R,R,R,9,9,9,9,9
9.2364,1,2,9,2,9,2,9,9,9,2,160000,1700,3,202203,1.0465,22030383,R,I,R,R,R,R,9,9,9,9,9
9.2364,1,2,9,2,9,2,9,9,9,2,180000,1600,1,202203,1.0465,22030384,R,R,R,R,R,R,9,9,9,9,9
8.1167,1,2,9,2,9,1,9,9,9,2,140000,1300,3,202203,1.0465,22030385,R,R,R,R,R,R,9,9,9,9,9
12.7158,1,2,9,2,9,4,9,9,9,2,130000,1200,3,202203,1.0465,22030386,I,I,I,I,I,I,9,9,9,9,9
9.2364,1,2,9,2,9,2,9,9,9,2,160000,1700,3,202203,1.0465,22030387,R,R,R,R,R,R,9,9,9,9,9
43.3286,1,2,9,2,9,3,9,9,9,2,170000,1900,3,202203,1.0465,22030388,I,I,I,I,I,I,9,9,9,9,9
43.3286,2,2,9,2,9,3,9,9,9,2,150000,1800,3,202203,1.0465,22030389,R,R,R,R,R,R,9,9,9,9,9
43.3286,1,2,9,2,9,3,9,9,9,2,160000,1800,3,202203,1.0465,22030390,R,R,R,R,R,R,9,9,9,9,9
43.3286,1,2,9,2,9,3,9,9,9,2,150000,1600,3,202203,1.0465,22030391,R,R,R,R,R,R,9,9,9,9,9
43.3286,1,2,9,2,9,3,9,9,9,2,160000,1700,3,202203,1.0465,22030392,R,I,R,R,R,R,9,9,9,9,9
43.3286,1,2,9,2,9,3,9,9,9,2,200000,2500,3,202203,1.0465,22030393,I,I,I,I,I,I,9,9,9,9,9
43.3286,1,2,9,2,9,3,9,9,9,2,170000,1900,3,202203,1.0465,22030394,R,I,R,R,R,R,9,9,9,9,9
43.3286,1,2,9,2,9,3,9,9,9,2,170000,2100,3,202203,1.0465,22030395,R,R,R,R,R,R,9,9,9,9,9
43.3286,1,2,9,2,9,3,9,9,9,2,140000,1700,3,202203,1.0465,22030396,R,R,R,R,R,R,9,9,9,9,9
9.2364,2,2,9,2,9,2,9,9,9,2,250000,2000,3,202203,1.0465,22030397,R,R,R,R,R,R,9,9,9,9,9
9.2364,1,2,9,2,9,2,9,9,9,2,130000,1200,3,202203,1.0465,22030398,R,R,R,R,R,R,9,9,9,9,9
9.2364,2,2,9,2,9,2,9,9,9,2,190000,2400,3,202203,1.0465,22030399,I,I,I,I,I,I,9,9,9,9,9
9.2364,1,2,9,2,9,2,9,9,9,2,180000,2000,3,202203,1.0465,22030400,I,I,I,I,I,I,9,9,9,9,9
9.2364,2,2,9,2,9,2,9,9,9,2,180000,2000,3,202203,1.0465,22030401,I,I,I,I,I,I,9,9,9,9,9
9.2364,1,2,9,2,9,2,9,9,9,2,180000,2100,3,202203,1.0465,22030402,I,I,I,I,I,I,9,9,9,9,9
43.3286,3,9,9,9,9,5,9,9,9,2,9,9,9,202203,1.0465,22030403,I,9,9,9,9,9,9,9,9,9,9
8.1167,3,9,9,9,9,5,9,9,9,2,9,9,9,202203,1.0465,22030404,R,9,9,9,9,9,9,9,9,9,9
8.1167,3,9,9,9,9,5,9,9,9,2,9,9,9,202203,1.0465,22030405,I,9,9,9,9,9,9,9,9,9,9
22.3474,2,1,5,2,2,4,3,1,2,1,95000,1200,3,202204,1.0389,22040001,R,I,R,R,R,R,R,I,R,I,I
22.3474,2,1,3,2,2,4,3,1,3,1,72000,590,1,202204,1.0389,22040002,R,R,R,R,R,R,R,R,R,R,R
22.3474,1,1,4,2,1,4,3,1,2,1,65000,780,1,202204,1.0389,22040003,I,I,I,I,I,I,I,I,I,I,I
22.3474,2,1,3,2,1,4,1,1,2,1,84000,1100,3,202204,1.0389,22040004,I,I,I,I,I,I,I,I,I,I,I
22.3474,1,1,3,2,1,4,1,1,2,1,81000,1100,3,202204,1.0389,22040005,R,R,R,R,R,R,I,I,R,I,I
16.154500000000002,2,1,3,2,1,4,1,1,2,1,75000,920,3,202204,1.0389,22040006,R,I,I,I,I,R,I,I,I,I,I
22.3474,1,1,5,1,1,4,1,1,2,1,9,1100,3,202204,1.0389,22040007,R,9,R,R,R,R,R,R,R,R,R
76.2786,1,1,3,2,1,3,1,1,1,1,78000,830,1,202204,1.0389,22040008,R,R,R,R,R,R,I,I,R,I,I
76.2786,2,1,4,2,1,3,1,1,2,1,63000,1200,3,202204,1.0389,22040009,R,R,R,R,R,R,R,R,R,R,R
16.154500000000002,2,1,3,2,1,2,1,1,2,1,84000,1100,1,202204,1.0389,22040010,I,I,I,I,I,I,I,I,I,I,I
16.154500000000002,2,1,3,2,1,2,1,1,2,1,84000,1100,3,202204,1.0389,22040011,I,I,I,I,I,I,I,I,I,I,I
16.154500000000002,2,1,3,2,1,2,1,1,2,1,83000,1100,3,202204,1.0389,22040012,R,R,R,R,R,R,R,R,R,R,R
16.154500000000002,2,1,3,2,1,2,1,1,2,1,100000,1200,3,202204,1.0389,22040013,R,R,R,R,R,R,R,R,R,R,R
16.154500000000002,2,1,3,2,3,2,1,1,2,1,91000,740,1,202204,1.0389,22040014,R,R,R,R,R,R,R,R,R,R,R
22.3474,2,1,3,2,1,2,1,1,1,1,66000,800,1,202204,1.0389,22040015,R,I,I,I,I,R,I,I,R,I,I
16.154500000000002,2,1,3,2,3,2,1,1,2,1,120000,1300,1,202204,1.0389,22040016,R,R,R,R,R,R,R,R,R,R,R
16.154500000000002,2,1,3,2,1,2,1,1,2,1,66000,800,1,202204,1.0389,22040017,I,I,I,I,I,I,I,I,I,I,I
16.154500000000002,1,1,3,2,1,2,1,1,2,1,66000,800,1,202204,1.0389,22040018,I,I,I,I,I,I,I,I,I,I,I
76.2786,2,1,4,2,2,3,1,1,2,1,92000,1300,3,202204,1.0389,22040019,R,R,R,R,R,R,R,R,R,R,R
16.154500000000002,1,1,3,2,1,2,1,1,2,1,85000,960,3,202204,1.0389,22040020,R,R,R,R,R,R,I,I,R,I,I
16.154500000000002,2,1,5,2,1,2,1,1,2,1,95000,1200,3,202204,1.0389,22040021,I,I,I,I,I,I,I,I,I,I,I
16.154500000000002,2,1,3,2,1,2,1,1,2,1,73000,900,1,202204,1.0389,22040022,I,I,I,I,I,I,I,I,I,I,I
16.154500000000002,1,1,3,2,1,2,1,1,2,1,65000,740,1,202204,1.0389,22040023,R,R,R,R,R,R,I,I,R,I,I
16.154500000000002,1,1,3,2,1,2,1,1,2,1,89000,1200,3,202204,1.0389,22040024,R,R,R,R,R,R,R,I,R,I,I
16.154500000000002,2,1,5,1,1,2,1,1,2,1,9,1100,1,202204,1.0389,22040025,R,9,R,R,R,R,R,R,R,R,R
16.154500000000002,1,1,3,1,1,2,1,1,2,1,9,1100,3,202204,1.0389,22040026,I,9,I,I,I,I,I,I,I,I,I
16.154500000000002,1,1,3,2,2,2,1,1,2,1,75000,900,1,202204,1.0389,22040027,R,R,R,R,R,R,R,R,R,R,R
16.154500000000002,2,1,3,1,1,2,1,1,2,1,9,1100,1,202204,1.0389,22040028,R,9,R,R,R,R,R,R,R,R,R
22.3474,2,1,3,2,1,2,1,1,2,1,56000,1300,3,202204,1.0389,22040029,R,R,R,R,R,R,I,I,R,I,I
16.154500000000002,2,1,3,2,1,2,1,1,2,1,70000,1100,3,202204,1.0389,22040030,R,R,R,R,R,R,R,R,R,R,R
16.154500000000002,1,1,3,2,1,2,1,1,2,1,84000,1100,3,202204,1.0389,22040031,R,I,I,I,R,R,I,I,R,I,I
76.2786,2,1,5,2,3,3,1,1,2,1,71000,1300,3,202204,1.0389,22040032,R,R,R,R,R,R,R,R,R,R,R
16.154500000000002,1,1,3,2,3,2,1,1,2,1,66000,800,1,202204,1.0389,22040033,I,I,I,I,I,I,I,I,I,I,I
16.154500000000002,2,1,3,2,2,2,1,1,2,1,79000,990,1,202204,1.0389,22040034,I,I,I,I,I,I,I,I,I,I,I
16.154500000000002,2,1,3,1,1,2,1,1,2,1,9,1200,1,202204,1.0389,22040035,R,9,R,R,R,R,R,I,R,I,I
22.3474,2,1,3,2,2,4,1,2,2,1,57000,590,1,202204,1.0389,22040036,I,I,I,I,I,I,I,I,I,I,I
76.2786,2,1,3,2,3,3,1,1,2,1,53000,660,1,202204,1.0389,22040037,R,I,R,R,R,R,I,I,I,I,I
76.2786,2,1,3,1,3,3,1,1,2,1,9,1200,3,202204,1.0389,22040038,I,9,I,I,I,I,I,I,I,I,I
16.154500000000002,2,1,3,2,1,2,1,1,3,1,84000,1100,1,202204,1.0389,22040039,I,I,I,I,I,I,I,I,I,I,I
16.154500000000002,2,1,3,2,1,2,1,1,2,1,72000,1100,3,202204,1.0389,22040040,R,R,R,R,R,R,R,R,R,R,R
16.154500000000002,2,1,3,2,1,2,1,1,2,1,99000,1300,3,202204,1.0389,22040041,R,I,I,I,R,R,I,I,R,I,I
76.2786,2,1,5,2,3,3,1,1,2,1,88000,1200,3,202204,1.0389,22040042,R,R,R,R,R,R,R,R,R,R,R
11.95,2,1,3,2,1,1,1,1,1,1,75000,920,1,202204,1.0389,22040043,I,I,I,I,I,I,I,I,I,I,I
11.95,2,1,3,2,1,1,1,1,2,1,120000,1200,1,202204,1.0389,22040044,R,R,R,R,R,R,R,R,R,R,R
11.95,2,1,3,2,1,1,1,1,2,1,99000,1200,1,202204,1.0389,22040045,R,I,I,I,I,I,I,I,I,I,I
11.95,2,1,5,2,3,1,1,1,2,1,73000,920,1,202204,1.0389,22040046,R,R,R,R,R,R,R,R,R,R,R
11.95,1,1,3,2,1,1,1,1,1,1,70000,1200,3,202204,1.0389,22040047,R,R,R,R,R,R,I,I,R,I,I
11.95,1,1,3,2,1,1,1,1,2,1,67000,1100,3,202204,1.0389,22040048,R,R,R,R,R,R,I,I,R,I,I
76.2786,2,1,3,2,3,3,1,1,3,1,90000,1200,3,202204,1.0389,22040049,I,I,I,I,I,I,I,I,I,I,I
76.2786,2,1,5,2,3,3,1,1,2,1,75000,920,3,202204,1.0389,22040050,I,I,I,I,I,I,I,I,I,I,I
76.2786,1,1,3,2,3,3,1,1,2,1,95000,1200,3,202204,1.0389,22040051,I,I,I,I,I,I,I,I,I,I,I
76.2786,2,1,3,2,2,3,1,2,2,1,53000,840,1,202204,1.0389,22040052,R,R,R,R,R,R,R,R,R,R,R
76.2786,2,1,1,1,1,3,0,0,2,1,9,1200,3,202204,1.0389,22040053,R,9,I,I,R,R,I,R,R,I,R
22.3474,1,1,2,2,3,4,0,0,2,1,65000,780,1,202204,1.0389,22040054,I,I,I,I,I,I,I,R,I,I,R
11.95,2,1,1,2,3,1,0,0,3,1,78000,870,1,202204,1.0389,22040055,R,R,R,R,R,R,R,R,R,R,R
11.95,2,1,1,2,1,1,0,0,1,1,84000,950,1,202204,1.0389,22040056,R,R,R,R,R,R,R,R,R,R,R
76.2786,2,1,1,1,1,3,0,0,1,1,9,1200,3,202204,1.0389,22040057,R,9,R,R,R,R,R,R,R,R,R
16.154500000000002,2,1,1,2,3,2,0,0,2,1,65000,740,1,202204,1.0389,22040058,R,R,R,R,R,R,R,R,R,R,R
16.154500000000002,1,1,1,2,1,2,0,0,2,1,73000,900,1,202204,1.0389,22040059,I,I,I,I,I,I,I,R,I,I,R
16.154500000000002,1,1,1,2,1,2,0,0,2,1,95000,1200,3,202204,1.0389,22040060,R,R,R,R,R,R,I,R,R,I,R
16.154500000000002,1,1,1,1,1,2,0,0,2,1,9,1200,3,202204,1.0389,22040061,R,9,R,R,R,R,R,R,R,R,R
16.154500000000002,2,1,1,2,1,2,0,0,2,1,77000,960,3,202204,1.0389,22040062,I,I,I,I,I,I,I,R,I,I,R
16.154500000000002,2,1,1,1,1,2,0,0,2,1,9,740,1,202204,1.0389,22040063,I,9,I,I,I,I,I,R,I,I,R
76.2786,2,1,2,2,3,3,0,0,2,1,95000,1200,3,202204,1.0389,22040064,R,I,I,I,I,I,I,R,I,I,R
76.2786,2,1,2,2,2,3,0,0,2,1,90000,1100,3,202204,1.0389,22040065,R,R,R,R,R,R,R,R,R,R,R
16.154500000000002,2,1,1,2,1,2,0,0,1,1,99000,1300,3,202204,1.0389,22040066,I,I,I,I,I,I,I,R,I,I,R
16.154500000000002,2,1,1,2,1,2,0,0,2,1,120000,1300,3,202204,1.0389,22040067,R,R,R,R,R,R,R,R,R,R,R
76.2786,1,2,9,2,9,3,9,9,9,1,64000,990,1,202204,1.0389,22040068,R,R,R,R,R,R,9,9,9,9,9
22.3474,1,2,9,2,9,4,9,9,9,1,86000,1100,3,202204,1.0389,22040069,I,I,I,I,I,I,9,9,9,9,9
16.154500000000002,1,2,9,2,9,2,9,9,9,1,56000,740,1,202204,1.0389,22040070,I,I,I,I,I,I,9,9,9,9,9
16.154500000000002,1,2,9,2,9,2,9,9,9,1,73000,900,1,202204,1.0389,22040071,R,I,R,R,R,R,9,9,9,9,9
16.154500000000002,1,2,9,2,9,2,9,9,9,1,56000,740,1,202204,1.0389,22040072,I,I,I,I,I,I,9,9,9,9,9
76.2786,1,2,9,2,9,3,9,9,9,1,99000,1300,3,202204,1.0389,22040073,I,I,I,I,I,I,9,9,9,9,9
11.95,1,2,9,2,9,1,9,9,9,1,110000,860,1,202204,1.0389,22040074,R,R,R,R,R,R,9,9,9,9,9
16.154500000000002,1,2,9,2,9,2,9,9,9,1,66000,800,1,202204,1.0389,22040075,R,R,R,R,R,R,9,9,9,9,9
76.2786,1,2,9,2,9,3,9,9,9,1,79000,1100,3,202204,1.0389,22040076,R,R,R,R,R,R,9,9,9,9,9
76.2786,1,2,9,2,9,3,9,9,9,1,70000,1200,3,202204,1.0389,22040077,R,R,R,R,R,R,9,9,9,9,9
76.2786,1,2,9,2,9,3,9,9,9,1,88000,1200,3,202204,1.0389,22040078,R,R,R,R,R,R,9,9,9,9,9
76.2786,1,2,9,2,9,3,9,9,9,1,84000,1100,3,202204,1.0389,22040079,I,I,I,I,I,I,9,9,9,9,9
76.2786,2,2,9,2,9,3,9,9,9,1,69000,840,1,202204,1.0389,22040080,I,I,I,I,I,I,9,9,9,9,9
16.154500000000002,1,2,9,2,9,2,9,9,9,1,120000,990,1,202204,1.0389,22040081,R,R,R,R,R,R,9,9,9,9,9
76.2786,1,2,9,2,9,3,9,9,9,1,100000,1300,3,202204,1.0389,22040082,I,I,I,I,I,I,9,9,9,9,9
76.2786,1,2,9,2,9,3,9,9,9,1,93000,1200,3,202204,1.0389,22040083,R,R,R,R,R,R,9,9,9,9,9
76.2786,1,2,9,2,9,3,9,9,9,1,100000,1300,3,202204,1.0389,22040084,I,I,I,I,I,I,9,9,9,9,9
22.3474,1,2,9,2,9,4,9,9,9,1,95000,1200,3,202204,1.0389,22040085,I,I,I,I,I,I,9,9,9,9,9
76.2786,1,2,9,2,9,3,9,9,9,1,95000,1200,3,202204,1.0389,22040086,I,I,I,I,I,I,9,9,9,9,9
76.2786,1,2,9,2,9,3,9,9,9,1,130000,1200,3,202204,1.0389,22040087,R,R,R,R,R,R,9,9,9,9,9
76.2786,1,2,9,2,9,3,9,9,9,1,60000,840,1,202204,1.0389,22040088,R,R,R,R,R,R,9,9,9,9,9
11.95,1,2,9,2,9,1,9,9,9,1,100000,860,1,202204,1.0389,22040089,R,R,R,R,R,R,9,9,9,9,9
11.95,1,2,9,2,9,1,9,9,9,1,100000,830,1,202204,1.0389,22040090,R,R,R,R,R,R,9,9,9,9,9
22.3474,1,2,9,2,9,4,9,9,9,1,83000,920,3,202204,1.0389,22040091,R,R,R,R,R,R,9,9,9,9,9
76.2786,2,2,9,2,9,3,9,9,9,1,95000,1200,3,202204,1.0389,22040092,R,R,R,R,R,R,9,9,9,9,9
76.2786,1,2,9,2,9,3,9,9,9,1,75000,920,3,202204,1.0389,22040093,R,I,R,R,R,R,9,9,9,9,9
22.3474,1,2,9,2,9,4,9,9,9,1,150000,1100,3,202204,1.0389,22040094,R,R,R,R,R,R,9,9,9,9,9
76.2786,1,2,9,2,9,3,9,9,9,1,99000,1200,3,202204,1.0389,22040095,R,R,R,R,R,R,9,9,9,9,9
16.154500000000002,1,2,9,2,9,2,9,9,9,1,95000,1200,3,202204,1.0389,22040096,I,I,I,I,I,I,9,9,9,9,9
16.154500000000002,1,2,9,2,9,2,9,9,9,1,56000,740,1,202204,1.0389,22040097,R,R,R,R,R,R,9,9,9,9,9
16.154500000000002,1,2,9,2,9,2,9,9,9,1,93000,1300,3,202204,1.0389,22040098,R,R,R,R,I,I,9,9,9,9,9
76.2786,1,2,9,2,9,3,9,9,9,1,69000,830,1,202204,1.0389,22040099,I,I,I,I,I,I,9,9,9,9,9
76.2786,1,2,9,2,9,3,9,9,9,1,66000,1300,3,202204,1.0389,22040100,R,R,R,R,R,R,9,9,9,9,9
76.2786,1,2,9,2,9,3,9,9,9,1,130000,1300,3,202204,1.0389,22040101,R,R,R,R,R,R,9,9,9,9,9
16.154500000000002,1,2,9,2,9,2,9,9,9,1,97000,1100,3,202204,1.0389,22040102,R,R,R,R,R,R,9,9,9,9,9
76.2786,1,2,9,2,9,3,9,9,9,1,90000,1300,3,202204,1.0389,22040103,R,R,R,R,R,R,9,9,9,9,9
11.95,1,2,9,2,9,1,9,9,9,1,92000,780,1,202204,1.0389,22040104,R,R,R,R,R,R,9,9,9,9,9
11.95,2,2,9,2,9,1,9,9,9,1,68000,950,1,202204,1.0389,22040105,R,R,R,R,R,R,9,9,9,9,9
76.2786,1,2,9,2,9,3,9,9,9,1,100000,1200,3,202204,1.0389,22040106,R,R,R,R,R,R,9,9,9,9,9
76.2786,1,2,9,2,9,3,9,9,9,1,79000,1200,3,202204,1.0389,22040107,R,R,R,R,R,R,9,9,9,9,9
16.154500000000002,1,2,9,2,9,3,9,9,9,1,65000,1200,3,202204,1.0389,22040108,R,R,R,R,R,R,9,9,9,9,9
76.2786,2,2,9,2,9,3,9,9,9,1,84000,1200,3,202204,1.0389,22040109,R,R,R,R,R,R,9,9,9,9,9
16.154500000000002,1,2,9,2,9,2,9,9,9,1,83000,1200,3,202204,1.0389,22040110,R,R,R,R,R,R,9,9,9,9,9
76.2786,1,2,9,2,9,3,9,9,9,1,65000,1200,3,202204,1.0389,22040111,R,R,R,R,R,R,9,9,9,9,9
76.2786,1,2,9,2,9,3,9,9,9,1,53000,920,1,202204,1.0389,22040112,R,R,R,R,R,R,9,9,9,9,9
76.2786,1,2,9,2,9,3,9,9,9,1,69000,840,1,202204,1.0389,22040113,R,R,R,R,R,R,9,9,9,9,9
76.2786,1,2,9,2,9,3,9,9,9,1,90000,1200,3,202204,1.0389,22040114,I,I,I,I,I,I,9,9,9,9,9
1.0,3,9,9,9,9,5,9,9,9,1,9,9,9,202204,1.0389,22040115,R,9,9,9,9,9,9,9,9,9,9
1.0,3,9,9,9,9,5,9,9,9,1,9,9,9,202204,1.0389,22040116,R,9,9,9,9,9,9,9,9,9,9
1.0,3,9,9,9,9,5,9,9,9,1,9,9,9,202204,1.0389,22040117,R,9,9,9,9,9,9,9,9,9,9
1.0,3,9,9,9,9,5,9,9,9,1,9,9,9,202204,1.0389,22040118,R,9,9,9,9,9,9,9,9,9,9
1.0,3,9,9,9,9,5,9,9,9,1,9,9,9,202204,1.0389,22040119,R,9,9,9,9,9,9,9,9,9,9
1.0,3,9,9,9,9,5,9,9,9,1,9,9,9,202204,1.0389,22040120,R,9,9,9,9,9,9,9,9,9,9
1.0,3,9,9,9,9,5,9,9,9,1,9,9,9,202204,1.0389,22040121,R,9,9,9,9,9,9,9,9,9,9
1.0,3,9,9,9,9,5,9,9,9,1,9,9,9,202204,1.0389,22040122,R,9,9,9,9,9,9,9,9,9,9
1.0,3,9,9,9,9,5,9,9,9,1,9,9,9,202204,1.0389,22040123,R,9,9,9,9,9,9,9,9,9,9
1.0,3,9,9,9,9,5,9,9,9,1,9,9,9,202204,1.0389,22040124,R,9,9,9,9,9,9,9,9,9,9
1.0,3,9,9,9,9,5,9,9,9,1,9,9,9,202204,1.0389,22040125,R,9,9,9,9,9,9,9,9,9,9
1.0,3,9,9,9,9,5,9,9,9,1,9,9,9,202204,1.0389,22040126,R,9,9,9,9,9,9,9,9,9,9
1.0,3,9,9,9,9,5,9,9,9,1,9,9,9,202204,1.0389,22040127,R,9,9,9,9,9,9,9,9,9,9
1.0,3,9,9,9,9,5,9,9,9,1,9,9,9,202204,1.0389,22040128,R,9,9,9,9,9,9,9,9,9,9
1.0,3,9,9,9,9,5,9,9,9,1,9,9,9,202204,1.0389,22040129,R,9,9,9,9,9,9,9,9,9,9
1.0,3,9,9,9,9,5,9,9,9,1,9,9,9,202204,1.0389,22040130,R,9,9,9,9,9,9,9,9,9,9
1.0,3,9,9,9,9,5,9,9,9,1,9,9,9,202204,1.0389,22040131,R,9,9,9,9,9,9,9,9,9,9
1.0,3,9,9,9,9,5,9,9,9,1,9,9,9,202204,1.0389,22040132,R,9,9,9,9,9,9,9,9,9,9
1.0,3,9,9,9,9,5,9,9,9,1,9,9,9,202204,1.0389,22040133,R,9,9,9,9,9,9,9,9,9,9
1.0,3,9,9,9,9,5,9,9,9,1,9,9,9,202204,1.0389,22040134,R,9,9,9,9,9,9,9,9,9,9
1.0,3,9,9,9,9,5,9,9,9,1,9,9,9,202204,1.0389,22040135,R,9,9,9,9,9,9,9,9,9,9
1.0,3,9,9,9,9,5,9,9,9,1,9,9,9,202204,1.0389,22040136,R,9,9,9,9,9,9,9,9,9,9
1.0,3,9,9,9,9,5,9,9,9,1,9,9,9,202204,1.0389,22040137,R,9,9,9,9,9,9,9,9,9,9
1.0,3,9,9,9,9,5,9,9,9,1,9,9,9,202204,1.0389,22040138,R,9,9,9,9,9,9,9,9,9,9
1.0,3,9,9,9,9,5,9,9,9,1,9,9,9,202204,1.0389,22040139,R,9,9,9,9,9,9,9,9,9,9
1.0,3,9,9,9,9,5,9,9,9,1,9,9,9,202204,1.0389,22040140,R,9,9,9,9,9,9,9,9,9,9
1.0,3,9,9,9,9,5,9,9,9,1,9,9,9,202204,1.0389,22040141,R,9,9,9,9,9,9,9,9,9,9
1.0,3,9,9,9,9,5,9,9,9,1,9,9,9,202204,1.0389,22040142,R,9,9,9,9,9,9,9,9,9,9
1.0,3,9,9,9,9,5,9,9,9,1,9,9,9,202204,1.0389,22040143,R,9,9,9,9,9,9,9,9,9,9
1.0,3,9,9,9,9,5,9,9,9,1,9,9,9,202204,1.0389,22040144,R,9,9,9,9,9,9,9,9,9,9
1.0,3,9,9,9,9,5,9,9,9,1,9,9,9,202204,1.0389,22040145,R,9,9,9,9,9,9,9,9,9,9
1.0,3,9,9,9,9,5,9,9,9,1,9,9,9,202204,1.0389,22040146,R,9,9,9,9,9,9,9,9,9,9
1.0,3,9,9,9,9,5,9,9,9,1,9,9,9,202204,1.0389,22040147,R,9,9,9,9,9,9,9,9,9,9
1.0,3,9,9,9,9,5,9,9,9,1,9,9,9,202204,1.0389,22040148,R,9,9,9,9,9,9,9,9,9,9
1.0,3,9,9,9,9,5,9,9,9,1,9,9,9,202204,1.0389,22040149,R,9,9,9,9,9,9,9,9,9,9
1.0,3,9,9,9,9,5,9,9,9,1,9,9,9,202204,1.0389,22040150,R,9,9,9,9,9,9,9,9,9,9
1.0,3,9,9,9,9,5,9,9,9,1,9,9,9,202204,1.0389,22040151,R,9,9,9,9,9,9,9,9,9,9
1.0,3,9,9,9,9,5,9,9,9,1,9,9,9,202204,1.0389,22040152,R,9,9,9,9,9,9,9,9,9,9
1.0,3,9,9,9,9,5,9,9,9,1,9,9,9,202204,1.0389,22040153,R,9,9,9,9,9,9,9,9,9,9
1.0,3,9,9,9,9,5,9,9,9,1,9,9,9,202204,1.0389,22040154,R,9,9,9,9,9,9,9,9,9,9
1.0,3,9,9,9,9,5,9,9,9,1,9,9,9,202204,1.0389,22040155,R,9,9,9,9,9,9,9,9,9,9
11.95,3,9,9,9,9,5,9,9,9,1,9,9,9,202204,1.0389,22040156,R,9,9,9,9,9,9,9,9,9,9
38.1393,2,1,4,2,1,3,1,2,2,2,100000,1600,3,202204,1.0248,22040157,R,R,R,R,R,R,R,R,R,R,R
38.1393,2,1,5,2,3,3,1,1,2,2,160000,2000,3,202204,1.0248,22040158,R,R,R,R,R,R,R,R,R,R,R
11.1737,2,1,3,2,1,4,1,1,2,2,140000,1500,1,202204,1.0248,22040159,R,R,R,R,R,R,R,R,R,R,R
7.4491000000000005,2,1,3,2,2,5,1,2,1,3,300000,2600,3,202204,1.0248,22040160,R,R,R,R,R,R,R,R,R,R,R
11.1737,2,1,3,2,3,4,1,1,2,2,190000,1600,1,202204,1.0248,22040161,R,R,R,R,R,R,R,R,R,R,R
11.1737,2,1,3,2,2,4,1,2,1,2,130000,1300,3,202204,1.0248,22040162,R,R,R,R,R,R,R,R,R,R,R
11.1737,2,1,3,2,3,4,1,1,1,2,150000,1500,3,202204,1.0248,22040163,R,I,I,I,I,I,I,I,I,I,I
11.1737,2,1,3,2,3,4,1,1,1,2,120000,1600,3,202204,1.0248,22040164,R,R,R,R,R,R,R,R,R,R,R
11.1737,1,1,3,1,1,4,3,1,2,2,9,1600,3,202204,1.0248,22040165,I,9,I,I,I,I,I,I,I,I,I
11.1737,2,1,3,2,1,4,1,1,2,2,170000,1100,3,202204,1.0248,22040166,R,R,R,R,R,R,R,R,R,R,R
11.1737,1,1,3,2,2,4,3,2,2,2,240000,2200,3,202204,1.0248,22040167,R,R,R,R,R,R,R,R,R,R,R
11.1737,2,1,4,2,4,4,1,1,2,2,220000,2200,3,202204,1.0248,22040168,R,R,R,R,R,R,R,R,R,R,R
11.1737,2,1,3,2,2,4,3,2,2,2,140000,1200,1,202204,1.0248,22040169,R,R,R,R,R,R,R,R,R,R,R
11.1737,2,1,3,2,3,4,3,1,1,2,160000,2100,3,202204,1.0248,22040170,R,R,R,R,R,R,R,R,R,R,R
11.1737,2,1,3,2,1,4,3,1,1,2,130000,1200,3,202204,1.0248,22040171,I,I,I,I,I,I,I,I,I,I,I
11.1737,2,1,4,2,1,4,3,1,2,2,160000,1700,3,202204,1.0248,22040172,I,I,I,I,I,I,I,I,I,I,I
11.1737,2,1,3,2,1,4,3,1,2,2,130000,1200,3,202204,1.0248,22040173,R,R,R,R,R,R,R,R,R,R,R
38.1393,2,1,3,2,3,4,1,1,1,2,150000,2200,3,202204,1.0248,22040174,R,R,R,R,R,R,R,R,R,R,R
11.1737,2,1,3,2,2,4,1,1,1,2,200000,1700,3,202204,1.0248,22040175,R,R,R,R,R,R,R,R,R,R,R
11.1737,1,1,3,2,1,4,3,1,2,2,140000,1400,3,202204,1.0248,22040176,I,I,I,I,I,I,I,I,I,I,I
11.1737,2,1,4,2,1,4,3,1,1,2,150000,1600,3,202204,1.0248,22040177,I,I,I,I,I,I,I,I,I,I,I
11.1737,2,1,3,2,3,4,1,1,2,2,200000,1200,3,202204,1.0248,22040178,R,R,R,R,R,R,R,R,R,R,R
11.1737,2,1,3,2,1,4,3,2,2,2,150000,1600,3,202204,1.0248,22040179,I,I,I,I,I,I,I,I,I,I,I
11.1737,2,1,3,2,1,4,3,1,1,2,190000,1500,3,202204,1.0248,22040180,R,R,R,R,R,R,R,I,I,I,I
11.1737,2,1,4,2,1,4,3,1,1,2,150000,1500,3,202204,1.0248,22040181,R,I,R,R,R,I,I,I,I,I,I
11.1737,2,1,3,2,2,4,1,1,2,2,140000,1600,3,202204,1.0248,22040182,R,R,R,R,R,R,R,R,R,R,R
11.1737,1,1,4,2,1,4,3,1,2,2,150000,1600,3,202204,1.0248,22040183,I,I,I,I,I,I,I,I,I,I,I
11.1737,1,1,3,2,2,4,1,2,1,2,160000,1700,3,202204,1.0248,22040184,R,I,R,R,R,R,R,R,R,R,R
11.1737,1,1,4,2,1,4,2,1,2,2,300000,1600,3,202204,1.0248,22040185,R,R,R,R,R,R,R,R,R,R,R
11.1737,1,1,3,2,2,4,1,2,1,2,150000,1600,3,202204,1.0248,22040186,R,I,R,R,R,R,R,R,R,R,R
11.1737,2,1,3,2,1,4,1,1,2,2,150000,1200,3,202204,1.0248,22040187,R,R,R,R,R,R,R,R,R,R,R
11.1737,2,1,3,2,1,4,1,1,2,2,160000,1700,3,202204,1.0248,22040188,I,I,I,I,I,I,I,I,I,I,I
11.1737,2,1,3,2,1,4,1,1,2,2,150000,1600,3,202204,1.0248,22040189,I,I,I,I,I,I,I,I,I,I,I
11.1737,1,1,3,2,2,4,3,1,1,2,140000,1600,3,202204,1.0248,22040190,R,R,R,R,R,R,R,R,R,R,R
11.1737,1,1,3,2,1,4,1,1,2,2,130000,1200,1,202204,1.0248,22040191,I,I,I,I,I,I,I,I,I,I,I
11.1737,1,1,3,2,2,4,3,1,1,2,300000,2200,3,202204,1.0248,22040192,R,R,R,R,R,R,R,R,R,R,R
38.1393,2,1,5,2,1,3,1,1,2,2,200000,2200,3,202204,1.0248,22040193,I,I,I,I,I,I,I,I,I,I,I
38.1393,2,1,5,2,3,3,1,1,3,2,100000,1500,3,202204,1.0248,22040194,R,R,R,R,R,R,I,R,R,R,R
38.1393,2,1,4,2,3,3,1,1,2,2,120000,1500,3,202204,1.0248,22040195,R,R,R,R,R,R,R,R,R,R,R
25.4262,2,1,3,2,3,5,1,1,1,3,260000,2900,3,202204,1.0248,22040196,R,R,R,R,R,R,R,R,R,R,R
38.1393,2,1,3,2,3,3,1,1,3,2,170000,1800,3,202204,1.0248,22040197,I,I,I,I,I,I,I,I,I,I,I
38.1393,1,1,3,2,1,3,1,1,1,2,160000,1500,3,202204,1.0248,22040198,R,R,R,R,R,R,R,R,R,R,R
38.1393,1,1,3,2,1,3,1,1,1,2,140000,1100,1,202204,1.0248,22040199,R,R,R,R,R,R,I,I,R,I,I
38.1393,2,1,3,2,2,3,1,1,2,2,200000,2200,3,202204,1.0248,22040200,I,I,I,I,I,I,I,I,I,I,I
11.1737,2,1,3,2,1,4,3,1,1,2,170000,1800,3,202204,1.0248,22040201,I,I,I,I,I,I,I,I,I,I,I
11.1737,2,1,3,2,2,4,3,1,1,2,300000,1900,3,202204,1.0248,22040202,R,R,R,R,R,R,R,R,R,R,R
11.1737,2,1,3,2,1,4,1,1,2,2,96000,1700,3,202204,1.0248,22040203,R,R,R,R,R,R,R,R,R,R,R
8.077300000000001,2,1,3,2,2,2,1,1,2,2,200000,2400,3,202204,1.0248,22040204,R,I,R,R,R,R,R,R,R,R,R
8.077300000000001,1,1,3,1,1,2,1,1,2,2,9,1300,3,202204,1.0248,22040205,R,9,R,R,R,R,I,I,R,I,I
8.077300000000001,2,1,3,2,3,2,1,1,2,2,130000,1600,3,202204,1.0248,22040206,R,R,R,R,R,R,R,R,R,R,R
8.077300000000001,2,1,3,2,1,2,1,1,2,2,130000,1200,3,202204,1.0248,22040207,R,I,I,I,I,R,I,I,R,I,I
8.077300000000001,1,1,3,2,1,2,1,1,2,2,140000,1300,3,202204,1.0248,22040208,R,I,R,R,R,R,I,I,R,I,I
8.077300000000001,1,1,3,2,1,2,1,1,2,2,130000,1600,3,202204,1.0248,22040209,R,R,R,R,R,R,I,I,R,I,I
8.077300000000001,2,1,3,2,1,2,1,1,2,2,140000,2000,3,202204,1.0248,22040210,R,R,R,R,R,R,R,R,R,R,R
8.077300000000001,1,1,3,2,1,2,1,1,2,2,89000,1400,3,202204,1.0248,22040211,R,R,R,R,R,R,R,R,R,R,R
8.077300000000001,2,1,3,2,3,2,1,1,2,2,150000,2100,3,202204,1.0248,22040212,R,R,R,R,R,R,R,R,R,R,R
8.077300000000001,2,1,3,2,1,2,1,2,1,2,180000,2000,3,202204,1.0248,22040213,I,I,I,I,I,I,I,I,I,I,I
8.077300000000001,2,1,3,2,3,2,1,3,1,2,180000,1900,3,202204,1.0248,22040214,R,R,R,R,R,R,R,R,R,R,R
38.1393,2,1,3,2,3,2,1,1,2,2,190000,2000,3,202204,1.0248,22040215,R,R,R,R,R,R,I,R,R,R,R
38.1393,2,1,3,2,2,3,1,1,2,2,160000,1700,3,202204,1.0248,22040216,R,I,R,R,R,R,R,R,R,R,R
38.1393,2,1,3,2,3,3,1,1,2,2,180000,2000,3,202204,1.0248,22040217,I,I,I,I,I,I,I,I,I,I,I
38.1393,2,1,3,2,3,3,1,1,2,2,200000,2200,3,202204,1.0248,22040218,R,I,R,R,R,R,R,R,R,R,R
38.1393,2,1,4,2,3,3,1,1,2,2,200000,2200,3,202204,1.0248,22040219,I,I,I,I,I,I,I,I,I,I,I
8.077300000000001,2,1,5,2,1,2,1,3,2,2,180000,1900,3,202204,1.0248,22040220,R,I,I,I,I,R,I,I,R,I,I
8.077300000000001,2,1,3,1,1,2,1,1,2,2,9,1200,3,202204,1.0248,22040221,R,9,R,R,R,R,R,R,R,R,R
8.077300000000001,1,1,3,2,1,2,1,1,2,2,150000,1500,3,202204,1.0248,22040222,I,I,I,I,I,I,I,I,I,I,I
8.077300000000001,1,1,3,2,1,2,1,1,2,2,110000,1500,3,202204,1.0248,22040223,R,R,R,R,R,R,I,I,R,R,I
8.077300000000001,1,1,3,2,1,2,1,1,2,2,150000,1500,3,202204,1.0248,22040224,I,I,I,I,I,I,I,I,I,I,I
8.077300000000001,2,1,3,2,1,2,1,1,2,2,200000,2400,3,202204,1.0248,22040225,I,I,I,I,I,I,I,I,I,I,I
8.077300000000001,1,1,3,2,1,2,3,1,1,2,110000,1600,3,202204,1.0248,22040226,R,R,R,R,R,R,R,R,R,R,R
8.077300000000001,1,1,3,2,1,2,1,1,2,2,120000,1500,3,202204,1.0248,22040227,R,R,R,R,R,R,R,I,R,I,I
8.077300000000001,1,1,3,2,1,2,1,1,1,2,110000,1100,3,202204,1.0248,22040228,R,R,R,R,R,R,I,I,R,I,I
8.077300000000001,1,1,3,1,1,2,1,1,2,2,9,1500,3,202204,1.0248,22040229,I,9,I,I,I,I,I,I,I,I,I
8.077300000000001,1,1,5,2,1,2,1,1,2,2,160000,1700,1,202204,1.0248,22040230,R,R,R,R,R,R,R,R,R,R,R
8.077300000000001,2,1,5,2,1,2,4,1,2,2,110000,1200,3,202204,1.0248,22040231,R,R,R,R,R,R,I,R,R,R,R
11.1737,2,1,3,1,1,2,1,1,2,2,9,1500,3,202204,1.0248,22040232,R,9,I,I,R,R,I,I,R,I,I
8.077300000000001,1,1,3,2,1,2,1,1,3,2,89000,1200,3,202204,1.0248,22040233,R,R,R,R,R,R,R,R,R,R,R
38.1393,2,1,3,2,3,3,3,1,1,2,160000,2300,3,202204,1.0248,22040234,R,R,R,R,R,R,R,R,R,R,R
38.1393,2,1,5,2,3,3,1,1,2,2,180000,2000,3,202204,1.0248,22040235,R,R,R,R,R,R,R,R,R,R,R
38.1393,1,1,3,2,3,3,1,1,2,2,160000,1700,3,202204,1.0248,22040236,I,I,I,I,I,I,I,I,I,I,I
8.077300000000001,2,1,3,2,3,2,1,1,2,2,170000,2100,3,202204,1.0248,22040237,R,R,R,R,R,R,R,R,R,R,R
8.077300000000001,2,1,3,2,3,2,1,1,1,2,190000,2000,3,202204,1.0248,22040238,R,I,I,I,I,I,I,I,I,I,I
8.077300000000001,2,1,3,2,2,2,1,1,2,2,180000,2200,3,202204,1.0248,22040239,R,R,R,R,R,R,R,R,R,R,R
8.077300000000001,1,1,3,2,1,2,1,2,1,2,130000,1500,3,202204,1.0248,22040240,R,R,R,R,R,R,R,R,R,R,R
11.1737,2,1,3,2,3,4,1,2,2,2,300000,2200,3,202204,1.0248,22040241,R,R,R,R,R,R,R,R,R,R,R
8.077300000000001,2,1,3,2,2,2,1,1,2,2,180000,2000,3,202204,1.0248,22040242,R,I,R,R,R,R,R,R,R,R,R
8.077300000000001,1,1,3,2,2,2,1,1,2,2,180000,1900,3,202204,1.0248,22040243,I,I,I,I,I,I,I,I,I,I,I
11.1737,2,1,4,2,1,4,3,1,2,2,130000,1200,1,202204,1.0248,22040244,I,I,I,I,I,I,I,I,I,I,I
11.1737,1,1,4,2,1,4,3,2,1,2,150000,1600,3,202204,1.0248,22040245,I,I,I,I,I,I,I,I,I,I,I
11.1737,2,1,4,1,2,4,1,2,3,2,9,1900,3,202204,1.0248,22040246,I,9,I,I,I,I,I,I,I,I,I
5.975,1,1,3,2,1,1,1,1,1,2,130000,1300,3,202204,1.0248,22040247,R,R,R,R,R,R,R,R,R,R,R
5.975,2,1,3,2,1,1,1,2,1,2,140000,1300,3,202204,1.0248,22040248,I,I,I,I,I,I,I,I,I,I,I
38.1393,2,1,3,2,3,3,1,1,2,2,150000,1500,3,202204,1.0248,22040249,I,I,I,I,I,I,I,I,I,I,I
38.1393,2,1,3,2,3,3,1,1,1,2,200000,1500,3,202204,1.0248,22040250,R,R,R,R,R,R,R,R,R,R,R
38.1393,2,1,3,2,2,3,1,1,1,2,150000,1600,3,202204,1.0248,22040251,R,I,R,R,R,R,R,R,R,R,R
8.077300000000001,2,1,3,2,1,2,1,1,2,2,150000,1500,1,202204,1.0248,22040252,I,I,I,I,I,I,I,I,I,I,I
38.1393,2,1,3,2,3,3,1,1,1,2,160000,2000,3,202204,1.0248,22040253,R,R,R,R,R,R,R,R,R,R,R
38.1393,1,1,3,2,3,3,1,1,2,2,130000,1700,3,202204,1.0248,22040254,R,R,R,R,R,R,R,R,R,R,R
11.1737,1,1,3,2,2,4,1,1,2,2,130000,1900,3,202204,1.0248,22040255,R,R,R,R,R,R,R,R,R,R,R
7.4491000000000005,1,1,3,2,2,5,1,1,2,3,220000,2600,3,202204,1.0248,22040256,R,I,I,I,R,R,R,R,R,R,R
5.975,2,1,3,2,3,1,1,1,1,2,92000,1300,3,202204,1.0248,22040257,R,R,R,R,R,R,R,R,R,R,R
5.975,2,1,3,2,3,1,1,1,2,2,170000,1900,3,202204,1.0248,22040258,I,I,I,I,I,I,I,I,I,I,I
5.975,2,1,3,2,1,1,1,1,2,2,100000,990,1,202204,1.0248,22040259,R,R,R,R,R,R,R,R,I,R,R
5.975,2,1,3,2,3,1,1,1,2,2,85000,1300,3,202204,1.0248,22040260,R,R,R,R,R,R,R,R,R,R,R
5.975,2,1,3,2,2,1,1,1,2,2,85000,1900,3,202204,1.0248,22040261,R,R,R,R,R,R,R,R,R,R,R
5.975,1,1,3,2,1,1,1,1,2,2,150000,1500,3,202204,1.0248,22040262,R,R,R,R,R,R,R,R,R,R,R
5.975,2,1,3,2,1,1,1,1,1,2,140000,1300,3,202204,1.0248,22040263,I,I,I,I,I,I,I,I,I,I,I
5.975,2,1,3,2,1,1,1,1,3,2,140000,1300,3,202204,1.0248,22040264,I,I,I,I,I,I,I,I,I,I,I
5.975,1,1,3,2,1,1,1,1,2,2,170000,1700,3,202204,1.0248,22040265,R,R,R,R,R,R,R,R,R,R,R
5.975,2,1,4,2,2,1,2,1,2,2,140000,1600,3,202204,1.0248,22040266,R,R,R,R,R,R,R,R,R,R,R
38.1393,2,1,3,2,3,3,1,1,2,2,160000,1900,3,202204,1.0248,22040267,R,R,R,R,R,R,R,R,R,R,R
38.1393,2,1,3,2,3,3,1,1,2,2,150000,1600,3,202204,1.0248,22040268,I,I,I,I,I,I,I,I,I,I,I
38.1393,2,1,5,2,3,3,1,1,2,2,220000,2500,3,202204,1.0248,22040269,R,R,R,R,R,R,R,R,R,R,R
38.1393,2,1,3,2,2,3,1,1,3,2,190000,1300,3,202204,1.0248,22040270,R,R,R,R,R,R,R,R,R,R,R
38.1393,2,1,3,2,2,3,1,2,2,2,200000,2300,3,202204,1.0248,22040271,I,I,I,I,I,I,I,I,I,I,I
38.1393,2,1,3,2,2,3,1,1,2,2,160000,2100,3,202204,1.0248,22040272,R,R,R,R,R,R,R,R,R,R,R
38.1393,2,1,3,2,3,3,1,2,2,2,240000,2300,3,202204,1.0248,22040273,R,R,R,R,R,R,R,R,R,R,R
38.1393,2,1,3,2,3,3,1,1,1,2,240000,2500,3,202204,1.0248,22040274,R,R,R,R,R,I,I,I,I,I,I
38.1393,2,1,3,2,3,3,1,1,1,2,180000,1900,3,202204,1.0248,22040275,I,I,I,I,I,I,I,I,I,I,I
38.1393,2,1,3,2,3,3,1,1,2,2,170000,1900,3,202204,1.0248,22040276,I,I,I,I,I,I,I,I,I,I,I
38.1393,2,1,3,2,3,3,1,1,1,2,240000,2200,3,202204,1.0248,22040277,R,R,R,R,R,R,R,R,R,R,R
38.1393,2,1,3,2,3,3,1,1,2,2,190000,2000,3,202204,1.0248,22040278,I,I,I,I,I,I,I,I,I,I,I
38.1393,2,1,5,2,3,3,1,1,2,2,130000,2100,3,202204,1.0248,22040279,R,R,R,R,R,R,R,R,R,R,R
38.1393,2,1,4,2,2,3,1,1,2,2,130000,2100,3,202204,1.0248,22040280,R,R,R,R,R,R,R,R,R,R,R
38.1393,2,1,5,2,2,3,1,1,1,2,160000,1900,3,202204,1.0248,22040281,R,R,R,R,R,R,R,R,R,R,R
38.1393,2,1,3,2,2,3,1,1,2,2,150000,1600,3,202204,1.0248,22040282,R,I,R,R,R,R,I,R,I,R,R
38.1393,2,1,3,2,2,3,1,1,2,2,200000,2100,3,202204,1.0248,22040283,R,R,R,R,R,R,R,R,R,R,R
11.1737,1,1,1,2,3,4,0,0,2,2,160000,1600,3,202204,1.0248,22040284,R,R,R,R,R,R,R,R,R,R,R
11.1737,1,1,2,2,1,4,0,0,3,2,240000,1200,1,202204,1.0248,22040285,R,R,R,R,R,R,R,R,R,R,R
11.1737,1,1,2,2,1,4,0,0,2,2,200000,2200,3,202204,1.0248,22040286,I,I,I,I,I,I,I,R,I,I,R
11.1737,2,1,1,2,1,4,0,0,2,2,120000,1100,1,202204,1.0248,22040287,I,I,I,I,I,I,I,R,I,I,R
11.1737,2,1,2,2,2,4,0,0,1,2,240000,1600,3,202204,1.0248,22040288,R,R,R,R,R,R,R,R,R,R,R
5.975,2,1,1,2,1,1,0,0,2,2,150000,1400,3,202204,1.0248,22040289,R,R,R,R,R,R,R,R,R,R,R
5.975,2,1,1,2,3,1,0,0,2,2,160000,1700,3,202204,1.0248,22040290,R,R,R,R,R,R,R,R,R,R,R
5.975,1,1,1,1,1,1,0,0,1,2,9,1100,3,202204,1.0248,22040291,R,9,R,R,R,R,R,R,R,R,R
5.975,1,1,1,2,1,1,0,0,2,2,280000,1200,1,202204,1.0248,22040292,R,R,R,R,R,R,R,R,R,R,R
5.975,2,1,2,2,1,1,0,0,2,2,280000,1300,1,202204,1.0248,22040293,R,R,R,R,R,R,R,R,R,R,R
5.975,1,1,1,2,1,1,0,0,2,2,140000,1400,3,202204,1.0248,22040294,I,I,I,I,I,I,I,R,I,I,R
5.975,2,1,1,2,3,1,0,0,1,2,150000,1700,3,202204,1.0248,22040295,R,R,R,R,R,R,R,R,R,R,R
5.975,2,1,1,2,3,1,0,0,1,2,150000,1900,3,202204,1.0248,22040296,R,R,R,R,R,R,R,R,R,R,R
38.1393,2,1,1,2,1,3,0,0,2,2,240000,1600,3,202204,1.0248,22040297,R,R,R,R,R,R,R,R,R,R,R
11.1737,2,1,2,2,3,4,0,0,1,2,120000,1800,3,202204,1.0248,22040298,R,R,R,R,R,R,R,R,R,R,R
38.1393,2,1,2,2,3,3,0,0,2,2,160000,1700,3,202204,1.0248,22040299,I,I,I,I,I,I,I,R,I,I,R
8.077300000000001,1,1,1,1,1,2,0,0,1,2,9,1300,3,202204,1.0248,22040300,I,9,I,I,I,I,I,R,I,I,R
8.077300000000001,2,1,1,2,2,2,0,0,1,2,150000,1700,3,202204,1.0248,22040301,R,R,R,R,R,R,R,R,R,R,R
11.1737,2,1,1,2,2,4,0,0,3,2,200000,2200,3,202204,1.0248,22040302,I,I,I,I,I,I,I,R,I,I,R
11.1737,1,1,1,2,3,4,0,0,2,2,170000,1600,3,202204,1.0248,22040303,R,R,R,R,R,R,R,R,R,R,R
5.975,2,1,1,2,1,1,0,0,2,2,95000,1300,3,202204,1.0248,22040304,R,R,R,R,R,R,R,R,R,R,R
5.975,2,1,1,2,3,1,0,0,2,2,200000,1900,1,202204,1.0248,22040305,R,R,R,R,R,R,R,R,R,R,R
5.975,1,1,1,2,3,1,0,0,3,2,180000,1700,3,202204,1.0248,22040306,R,R,R,R,R,R,R,R,R,R,R
5.975,2,1,1,2,1,1,0,0,2,2,180000,1900,3,202204,1.0248,22040307,I,I,I,I,I,I,I,R,I,I,R
5.975,2,1,1,2,1,1,0,0,2,2,180000,1900,3,202204,1.0248,22040308,R,I,I,I,I,R,I,R,R,I,R
5.975,2,1,1,2,1,1,0,0,2,2,140000,1600,3,202204,1.0248,22040309,R,R,R,R,R,R,R,R,R,R,R
5.975,2,1,1,1,1,1,0,0,1,2,9,1100,3,202204,1.0248,22040310,R,9,I,I,R,R,I,R,R,I,R
5.975,2,1,1,2,1,1,0,0,2,2,180000,1600,3,202204,1.0248,22040311,R,R,R,R,R,R,I,R,R,R,R
5.975,1,1,2,2,1,1,0,0,2,2,160000,1600,3,202204,1.0248,22040312,I,I,I,I,I,I,I,R,I,I,R
8.077300000000001,2,1,1,2,1,2,0,0,2,2,89000,1500,3,202204,1.0248,22040313,R,R,R,R,R,R,R,R,R,R,R
8.077300000000001,2,1,1,2,1,2,0,0,1,2,180000,2000,3,202204,1.0248,22040314,R,I,I,I,I,I,I,R,I,I,R
8.077300000000001,2,1,2,2,3,2,0,0,2,2,120000,2000,3,202204,1.0248,22040315,R,R,R,R,R,R,R,R,R,R,R
11.1737,2,1,2,2,2,4,0,0,2,2,170000,1600,3,202204,1.0248,22040316,R,R,R,R,R,R,R,R,R,R,R
7.4491000000000005,2,1,1,2,3,5,0,0,2,3,160000,1900,3,202204,1.0248,22040317,R,R,R,R,R,R,R,R,R,R,R
11.1737,2,1,1,2,2,4,0,0,2,2,190000,1800,3,202204,1.0248,22040318,R,R,R,R,R,R,R,R,R,R,R
5.975,2,1,2,2,3,1,0,0,2,2,180000,1900,3,202204,1.0248,22040319,R,R,R,R,R,R,R,R,R,R,R
5.975,2,1,2,2,3,1,0,0,1,2,110000,1600,3,202204,1.0248,22040320,R,R,R,R,R,R,R,R,R,R,R
5.975,2,1,2,2,3,1,0,0,1,2,100000,1300,3,202204,1.0248,22040321,R,R,R,R,R,R,R,R,R,R,R
5.975,2,1,1,2,1,1,0,0,2,2,280000,1900,3,202204,1.0248,22040322,R,R,R,R,R,R,R,R,R,R,R
5.975,2,1,2,2,3,1,0,0,2,2,85000,1100,3,202204,1.0248,22040323,R,R,R,R,R,R,R,R,R,R,R
5.975,2,1,2,2,3,1,0,0,1,2,150000,1900,3,202204,1.0248,22040324,R,R,R,R,R,R,R,R,R,R,R
5.975,2,1,1,2,1,1,0,0,2,2,160000,1200,3,202204,1.0248,22040325,R,R,R,R,R,R,R,R,R,R,R
5.975,2,1,2,2,3,1,0,0,2,2,85000,1300,3,202204,1.0248,22040326,R,R,R,R,R,R,R,R,R,R,R
5.975,2,1,1,2,1,1,0,0,2,2,280000,1900,3,202204,1.0248,22040327,R,R,R,R,R,R,R,R,R,R,R
5.975,2,1,2,2,3,1,0,0,1,2,98000,1400,3,202204,1.0248,22040328,R,R,R,R,R,R,R,R,R,R,R
38.1393,2,1,2,2,2,3,0,0,2,2,210000,2300,3,202204,1.0248,22040329,R,R,R,R,R,R,R,R,R,R,R
8.077300000000001,2,1,1,2,1,2,0,0,2,2,180000,2000,3,202204,1.0248,22040330,R,R,R,R,R,R,R,R,R,R,R
8.077300000000001,2,1,1,2,3,2,0,0,1,2,130000,1500,1,202204,1.0248,22040331,R,R,R,R,R,R,R,R,R,R,R
8.077300000000001,2,1,1,2,3,2,0,0,2,2,120000,1500,1,202204,1.0248,22040332,R,R,R,R,R,R,R,R,R,R,R
8.077300000000001,1,1,1,2,1,2,0,0,2,2,180000,1500,1,202204,1.0248,22040333,R,R,R,R,R,R,R,R,R,R,R
11.1737,1,2,9,2,9,4,9,9,9,2,200000,2200,3,202204,1.0248,22040334,I,I,I,I,I,I,9,9,9,9,9
11.1737,1,2,9,2,9,4,9,9,9,2,300000,2200,3,202204,1.0248,22040335,R,R,R,R,R,R,9,9,9,9,9
11.1737,2,2,9,2,9,4,9,9,9,2,190000,1600,3,202204,1.0248,22040336,R,R,R,R,R,R,9,9,9,9,9
11.1737,1,2,9,2,9,4,9,9,9,2,130000,1400,3,202204,1.0248,22040337,R,R,R,R,R,R,9,9,9,9,9
38.1393,1,2,9,2,9,3,9,9,9,2,240000,1800,3,202204,1.0248,22040338,R,R,R,R,R,R,9,9,9,9,9
38.1393,1,2,9,2,9,3,9,9,9,2,150000,1500,3,202204,1.0248,22040339,I,I,I,I,I,I,9,9,9,9,9
38.1393,1,2,9,2,9,3,9,9,9,2,210000,2500,3,202204,1.0248,22040340,I,I,I,I,I,I,9,9,9,9,9
38.1393,1,2,9,2,9,3,9,9,9,2,150000,2300,3,202204,1.0248,22040341,R,R,R,R,R,R,9,9,9,9,9
38.1393,1,2,9,2,9,3,9,9,9,2,210000,2500,3,202204,1.0248,22040342,R,I,R,R,R,R,9,9,9,9,9
38.1393,1,2,9,2,9,3,9,9,9,2,180000,2500,3,202204,1.0248,22040343,R,R,R,R,R,R,9,9,9,9,9
38.1393,1,2,9,2,9,3,9,9,9,2,150000,1800,3,202204,1.0248,22040344,R,R,R,R,R,R,9,9,9,9,9
38.1393,1,2,9,2,9,3,9,9,9,2,200000,2200,3,202204,1.0248,22040345,R,R,R,R,R,R,9,9,9,9,9
38.1393,2,2,9,2,9,3,9,9,9,2,210000,2500,3,202204,1.0248,22040346,I,I,I,I,I,I,9,9,9,9,9
38.1393,1,2,9,2,9,3,9,9,9,2,140000,1500,3,202204,1.0248,22040347,R,R,R,R,R,R,9,9,9,9,9
38.1393,2,2,9,2,9,3,9,9,9,2,140000,1300,3,202204,1.0248,22040348,I,I,I,I,I,I,9,9,9,9,9
38.1393,2,2,9,2,9,3,9,9,9,2,150000,1600,3,202204,1.0248,22040349,I,I,I,I,I,I,9,9,9,9,9
11.1737,1,2,9,2,9,4,9,9,9,2,170000,1300,3,202204,1.0248,22040350,R,R,R,R,R,R,9,9,9,9,9
11.1737,1,2,9,2,9,4,9,9,9,2,190000,1800,3,202204,1.0248,22040351,R,R,R,R,R,R,9,9,9,9,9
11.1737,1,2,9,2,9,4,9,9,9,2,180000,1900,3,202204,1.0248,22040352,R,I,R,R,R,R,9,9,9,9,9
11.1737,1,2,9,2,9,4,9,9,9,2,250000,1400,3,202204,1.0248,22040353,R,R,R,R,R,R,9,9,9,9,9
38.1393,1,2,9,2,9,3,9,9,9,2,180000,2000,3,202204,1.0248,22040354,I,I,I,I,I,I,9,9,9,9,9
8.077300000000001,1,2,9,2,9,2,9,9,9,2,150000,1600,3,202204,1.0248,22040355,I,I,I,I,I,I,9,9,9,9,9
11.1737,1,2,9,2,9,4,9,9,9,2,260000,1700,3,202204,1.0248,22040356,R,R,R,R,R,R,9,9,9,9,9
25.4262,1,2,9,2,9,5,9,9,9,3,350000,3100,3,202204,1.0248,22040357,R,R,R,R,R,R,9,9,9,9,9
38.1393,2,2,9,2,9,3,9,9,9,2,150000,1300,3,202204,1.0248,22040358,R,R,R,R,R,R,9,9,9,9,9
38.1393,1,2,9,2,9,3,9,9,9,2,130000,1800,3,202204,1.0248,22040359,R,R,R,R,R,R,9,9,9,9,9
11.1737,2,2,9,2,9,4,9,9,9,2,160000,1600,3,202204,1.0248,22040360,I,I,I,I,I,I,9,9,9,9,9
8.077300000000001,1,2,9,2,9,2,9,9,9,2,150000,1800,3,202204,1.0248,22040361,R,R,R,R,R,R,9,9,9,9,9
8.077300000000001,1,2,9,2,9,2,9,9,9,2,150000,1300,3,202204,1.0248,22040362,R,R,R,R,R,R,9,9,9,9,9
38.1393,1,2,9,2,9,3,9,9,9,2,140000,2100,3,202204,1.0248,22040363,R,R,R,R,R,R,9,9,9,9,9
38.1393,1,2,9,2,9,3,9,9,9,2,150000,1600,3,202204,1.0248,22040364,I,I,I,I,I,I,9,9,9,9,9
38.1393,1,2,9,2,9,3,9,9,9,2,210000,2500,3,202204,1.0248,22040365,I,I,I,I,I,I,9,9,9,9,9
38.1393,1,2,9,2,9,3,9,9,9,2,160000,1700,3,202204,1.0248,22040366,I,I,I,I,I,I,9,9,9,9,9
38.1393,1,2,9,2,9,3,9,9,9,2,130000,1700,3,202204,1.0248,22040367,R,R,R,R,R,R,9,9,9,9,9
38.1393,1,2,9,2,9,3,9,9,9,2,150000,1700,3,202204,1.0248,22040368,R,R,R,R,R,R,9,9,9,9,9
38.1393,1,2,9,2,9,3,9,9,9,2,170000,1800,3,202204,1.0248,22040369,I,I,I,I,I,I,9,9,9,9,9
5.975,1,2,9,2,9,1,9,9,9,2,280000,1900,3,202204,1.0248,22040370,R,R,R,R,R,R,9,9,9,9,9
8.077300000000001,1,2,9,2,9,2,9,9,9,2,89000,1200,3,202204,1.0248,22040371,R,R,R,R,R,R,9,9,9,9,9
38.1393,1,2,9,2,9,3,9,9,9,2,150000,1600,3,202204,1.0248,22040372,I,I,I,I,I,I,9,9,9,9,9
8.077300000000001,1,2,9,2,9,2,9,9,9,2,140000,1600,3,202204,1.0248,22040373,R,R,R,R,R,R,9,9,9,9,9
38.1393,2,2,9,2,9,3,9,9,9,2,170000,2500,3,202204,1.0248,22040374,R,R,R,R,R,R,9,9,9,9,9
8.077300000000001,1,2,9,2,9,2,9,9,9,2,160000,1600,3,202204,1.0248,22040375,R,R,R,R,R,R,9,9,9,9,9
38.1393,2,2,9,2,9,3,9,9,9,2,170000,1600,3,202204,1.0248,22040376,R,R,R,R,R,R,9,9,9,9,9
11.1737,1,2,9,2,9,4,9,9,9,2,130000,1200,3,202204,1.0248,22040377,I,I,I,I,I,I,9,9,9,9,9
11.1737,2,2,9,2,9,4,9,9,9,2,130000,1200,1,202204,1.0248,22040378,I,I,I,I,I,I,9,9,9,9,9
11.1737,1,2,9,2,9,4,9,9,9,2,140000,1400,3,202204,1.0248,22040379,I,I,I,I,I,I,9,9,9,9,9
11.1737,1,2,9,2,9,4,9,9,9,2,150000,2200,3,202204,1.0248,22040380,R,R,R,R,R,R,9,9,9,9,9
38.1393,1,2,9,2,9,3,9,9,9,2,190000,2000,3,202204,1.0248,22040381,R,I,R,R,R,R,9,9,9,9,9
8.077300000000001,1,2,9,2,9,2,9,9,9,2,160000,1900,3,202204,1.0248,22040382,R,R,R,R,R,R,9,9,9,9,9
38.1393,1,2,9,2,9,3,9,9,9,2,180000,2000,3,202204,1.0248,22040383,R,R,R,R,R,R,9,9,9,9,9
38.1393,2,2,9,2,9,3,9,9,9,2,200000,2500,3,202204,1.0248,22040384,R,R,R,R,R,R,9,9,9,9,9
38.1393,1,2,9,2,9,3,9,9,9,2,180000,2000,3,202204,1.0248,22040385,R,R,R,R,R,R,9,9,9,9,9
38.1393,1,2,9,2,9,3,9,9,9,2,130000,1300,3,202204,1.0248,22040386,R,R,R,R,R,R,9,9,9,9,9
8.077300000000001,1,2,9,2,9,2,9,9,9,2,110000,1900,3,202204,1.0248,22040387,R,R,R,R,R,R,9,9,9,9,9
8.077300000000001,1,2,9,2,9,2,9,9,9,2,130000,1900,3,202204,1.0248,22040388,R,R,R,R,R,R,9,9,9,9,9
38.1393,1,2,9,2,9,3,9,9,9,2,200000,2300,3,202204,1.0248,22040389,I,I,I,I,I,I,9,9,9,9,9
38.1393,1,2,9,2,9,3,9,9,9,2,170000,1800,3,202204,1.0248,22040390,I,I,I,I,I,I,9,9,9,9,9
5.975,2,2,9,2,9,1,9,9,9,2,150000,1900,3,202204,1.0248,22040391,R,R,R,R,R,R,9,9,9,9,9
5.975,1,2,9,2,9,1,9,9,9,2,150000,1600,3,202204,1.0248,22040392,I,I,I,I,I,I,9,9,9,9,9
11.1737,1,2,9,2,9,4,9,9,9,2,300000,1200,1,202204,1.0248,22040393,R,R,R,R,R,R,9,9,9,9,9
38.1393,1,2,9,2,9,3,9,9,9,2,120000,2000,3,202204,1.0248,22040394,R,R,R,R,R,R,9,9,9,9,9
38.1393,1,2,9,2,9,3,9,9,9,2,110000,1600,3,202204,1.0248,22040395,R,R,R,R,R,R,9,9,9,9,9
38.1393,1,2,9,2,9,3,9,9,9,2,140000,1900,3,202204,1.0248,22040396,R,R,R,R,R,R,9,9,9,9,9
38.1393,1,2,9,2,9,3,9,9,9,2,120000,1700,3,202204,1.0248,22040397,R,R,R,R,R,R,9,9,9,9,9
38.1393,1,2,9,2,9,3,9,9,9,2,120000,1900,3,202204,1.0248,22040398,R,R,R,R,R,R,9,9,9,9,9
11.1737,1,2,9,2,9,4,9,9,9,2,250000,1800,3,202204,1.0248,22040399,R,R,R,R,R,R,9,9,9,9,9
8.077300000000001,1,2,9,2,9,2,9,9,9,2,110000,1600,3,202204,1.0248,22040400,R,R,R,R,R,R,9,9,9,9,9
38.1393,1,2,9,2,9,3,9,9,9,2,150000,1600,3,202204,1.0248,22040401,R,I,R,R,R,R,9,9,9,9,9
38.1393,1,2,9,2,9,3,9,9,9,2,160000,2000,3,202204,1.0248,22040402,R,R,R,R,R,R,9,9,9,9,9
11.1737,1,2,9,2,9,4,9,9,9,2,160000,1700,3,202204,1.0248,22040403,I,I,I,I,I,I,9,9,9,9,9
11.1737,1,2,9,2,9,4,9,9,9,2,130000,1200,3,202204,1.0248,22040404,R,I,R,R,R,R,9,9,9,9,9
11.1737,2,2,9,2,9,4,9,9,9,2,130000,1600,3,202204,1.0248,22040405,R,R,R,R,R,R,9,9,9,9,9
8.077300000000001,1,2,9,2,9,2,9,9,9,2,140000,1100,3,202204,1.0248,22040406,R,R,R,R,R,R,9,9,9,9,9
11.1737,1,2,9,2,9,4,9,9,9,2,210000,1700,3,202204,1.0248,22040407,R,R,R,R,R,R,9,9,9,9,9
8.077300000000001,1,2,9,2,9,2,9,9,9,2,160000,1600,3,202204,1.0248,22040408,R,R,R,R,R,R,9,9,9,9,9
8.077300000000001,1,2,9,2,9,2,9,9,9,2,89000,1600,3,202204,1.0248,22040409,R,R,R,R,R,R,9,9,9,9,9
8.077300000000001,1,2,9,2,9,2,9,9,9,2,180000,2000,3,202204,1.0248,22040410,I,I,I,I,I,I,9,9,9,9,9
38.1393,1,2,9,2,9,3,9,9,9,2,190000,2100,3,202204,1.0248,22040411,I,I,I,I,I,I,9,9,9,9,9
8.077300000000001,1,2,9,2,9,3,9,9,9,2,140000,1600,3,202204,1.0248,22040412,R,R,R,R,R,R,9,9,9,9,9
8.077300000000001,1,2,9,2,9,2,9,9,9,2,130000,1200,3,202204,1.0248,22040413,R,R,R,R,R,R,9,9,9,9,9
8.077300000000001,1,2,9,2,9,2,9,9,9,2,110000,1300,3,202204,1.0248,22040414,R,R,R,R,R,R,9,9,9,9,9
8.077300000000001,1,2,9,2,9,3,9,9,9,2,180000,2100,3,202204,1.0248,22040415,R,R,R,R,R,R,9,9,9,9,9
11.1737,2,2,9,2,9,4,9,9,9,2,150000,1500,3,202204,1.0248,22040416,I,I,I,I,I,I,9,9,9,9,9
5.975,2,2,9,2,9,1,9,9,9,2,140000,1300,3,202204,1.0248,22040417,R,I,R,R,R,R,9,9,9,9,9
38.1393,1,2,9,2,9,3,9,9,9,2,140000,1800,3,202204,1.0248,22040418,R,R,R,R,R,R,9,9,9,9,9
38.1393,2,2,9,2,9,3,9,9,9,2,140000,2000,3,202204,1.0248,22040419,R,R,R,R,R,R,9,9,9,9,9
38.1393,1,2,9,2,9,3,9,9,9,2,200000,2200,3,202204,1.0248,22040420,I,I,I,I,I,I,9,9,9,9,9
5.975,1,2,9,2,9,1,9,9,9,2,280000,1500,3,202204,1.0248,22040421,R,R,R,R,R,R,9,9,9,9,9
8.077300000000001,1,2,9,2,9,2,9,9,9,2,140000,1700,3,202204,1.0248,22040422,R,R,R,R,R,R,9,9,9,9,9
11.1737,2,2,9,2,9,4,9,9,9,2,140000,1300,3,202204,1.0248,22040423,R,I,R,R,R,R,9,9,9,9,9
8.077300000000001,1,2,9,2,9,2,9,9,9,2,130000,1500,3,202204,1.0248,22040424,R,R,R,R,R,R,9,9,9,9,9
38.1393,1,2,9,2,9,3,9,9,9,2,120000,1600,3,202204,1.0248,22040425,R,R,R,R,R,R,9,9,9,9,9
38.1393,1,2,9,2,9,3,9,9,9,2,140000,1900,3,202204,1.0248,22040426,R,R,R,R,R,R,9,9,9,9,9
8.077300000000001,1,2,9,2,9,2,9,9,9,2,120000,2000,3,202204,1.0248,22040427,R,R,R,R,R,R,9,9,9,9,9
38.1393,1,2,9,2,9,3,9,9,9,2,200000,2300,3,202204,1.0248,22040428,R,I,R,R,R,R,9,9,9,9,9
8.077300000000001,2,2,9,2,9,2,9,9,9,2,170000,1700,3,202204,1.0248,22040429,R,R,R,R,R,R,9,9,9,9,9
38.1393,1,2,9,2,9,3,9,9,9,2,200000,2300,3,202204,1.0248,22040430,I,I,I,I,I,I,9,9,9,9,9
38.1393,1,2,9,2,9,3,9,9,9,2,160000,2200,3,202204,1.0248,22040431,R,R,R,R,R,R,9,9,9,9,9
38.1393,1,2,9,2,9,3,9,9,9,2,180000,2000,3,202204,1.0248,22040432,I,I,I,I,I,I,9,9,9,9,9
38.1393,1,2,9,2,9,3,9,9,9,2,190000,2100,3,202204,1.0248,22040433,R,I,R,R,R,R,9,9,9,9,9
38.1393,1,2,9,2,9,3,9,9,9,2,140000,1600,3,202204,1.0248,22040434,R,R,R,R,R,R,9,9,9,9,9
38.1393,1,2,9,2,9,3,9,9,9,2,180000,1900,3,202204,1.0248,22040435,I,I,I,I,I,I,9,9,9,9,9
8.077300000000001,1,2,9,2,9,2,9,9,9,2,160000,1500,3,202204,1.0248,22040436,R,R,R,R,R,R,9,9,9,9,9
8.077300000000001,1,2,9,2,9,2,9,9,9,2,170000,1800,3,202204,1.0248,22040437,R,I,I,I,I,I,9,9,9,9,9
38.1393,1,2,9,2,9,3,9,9,9,2,170000,2000,3,202204,1.0248,22040438,R,R,R,R,R,R,9,9,9,9,9
8.077300000000001,1,2,9,2,9,2,9,9,9,2,150000,1600,3,202204,1.0248,22040439,I,I,I,I,I,I,9,9,9,9,9
11.1737,3,9,9,9,9,5,9,9,9,2,9,9,9,202204,1.0248,22040440,R,9,9,9,9,9,9,9,9,9,9
5.975,3,9,9,9,9,5,9,9,9,2,9,9,9,202204,1.0248,22040441,R,9,9,9,9,9,9,9,9,9,9
11.1737,3,9,9,9,9,5,9,9,9,2,9,9,9,202204,1.0248,22040442,I,9,9,9,9,9,9,9,9,9,9
11.1737,3,9,9,9,9,5,9,9,9,2,9,9,9,202204,1.0248,22040443,I,9,9,9,9,9,9,9,9,9,9
11.1737,3,9,9,9,9,5,9,9,9,2,9,9,9,202204,1.0248,22040444,R,9,9,9,9,9,9,9,9,9,9
11.1737,3,9,9,9,9,5,9,9,9,2,9,9,9,202204,1.0248,22040445,R,9,9,9,9,9,9,9,9,9,9
5.975,3,9,9,9,9,5,9,9,9,2,9,9,9,202204,1.0248,22040446,I,9,9,9,9,9,9,9,9,9,9
23.305300000000003,1,1,3,2,1,4,3,1,2,1,92000,1200,3,202205,0.9168,22050001,I,I,I,I,I,I,I,I,I,I,I
71.32860000000001,2,1,4,2,3,3,1,1,2,1,90000,1200,3,202205,0.9168,22050002,R,R,R,R,R,R,R,R,R,R,R
71.32860000000001,2,1,5,2,3,3,1,1,2,1,81000,1200,3,202205,0.9168,22050003,R,R,R,R,R,R,R,R,R,R,R
23.305300000000003,2,1,4,2,1,4,3,1,2,1,70000,780,1,202205,0.9168,22050004,I,I,I,I,I,I,I,I,I,I,I
71.32860000000001,1,1,3,2,1,4,1,1,2,1,87000,1200,3,202205,0.9168,22050005,R,R,R,R,R,R,R,R,R,R,R
23.305300000000003,2,1,3,2,1,4,1,1,2,1,92000,1200,3,202205,0.9168,22050006,R,I,I,I,I,R,I,I,I,I,I
71.32860000000001,2,1,3,2,2,3,1,2,2,1,81000,1000,3,202205,0.9168,22050007,I,I,I,I,I,I,I,I,I,I,I
23.305300000000003,2,1,3,2,1,4,3,1,2,1,120000,1200,3,202205,0.9168,22050008,R,R,R,R,R,R,R,R,R,R,R
16.372700000000002,2,1,3,2,1,2,1,1,2,1,84000,1100,3,202205,0.9168,22050009,R,I,I,I,I,R,I,I,R,I,I
16.372700000000002,1,1,3,2,1,2,1,1,2,1,77000,920,3,202205,0.9168,22050010,I,I,I,I,I,I,I,I,I,I,I
16.372700000000002,1,1,3,1,1,2,1,1,1,1,9,740,1,202205,0.9168,22050011,I,9,I,I,I,I,I,I,I,I,I
16.372700000000002,1,1,3,2,1,2,1,1,1,1,85000,960,1,202205,0.9168,22050012,R,R,R,R,R,R,I,I,R,I,I
16.372700000000002,2,1,3,2,1,2,1,1,2,1,87000,1100,3,202205,0.9168,22050013,R,I,I,I,R,R,I,I,R,I,I
16.372700000000002,2,1,3,2,1,2,1,1,1,1,80000,980,1,202205,0.9168,22050014,I,I,I,I,I,I,I,I,I,I,I
16.372700000000002,1,1,3,1,1,2,1,1,2,1,9,1100,3,202205,0.9168,22050015,R,9,I,I,R,R,I,I,R,I,I
16.372700000000002,1,1,3,2,1,2,1,1,2,1,84000,1100,1,202205,0.9168,22050016,R,I,I,I,R,R,I,I,R,I,I
16.372700000000002,1,1,3,2,1,2,1,2,2,1,85000,1100,1,202205,0.9168,22050017,R,R,R,R,R,R,R,I,I,I,I
16.372700000000002,1,1,3,2,1,2,1,1,1,1,90000,1100,3,202205,0.9168,22050018,R,R,R,R,R,R,I,I,R,I,I
16.372700000000002,1,1,4,2,1,2,1,1,2,1,89000,1200,3,202205,0.9168,22050019,I,I,I,I,I,I,I,I,I,I,I
16.372700000000002,2,1,4,2,1,2,1,1,2,1,92000,1200,3,202205,0.9168,22050020,I,I,I,I,I,I,I,I,I,I,I
16.372700000000002,1,1,3,2,1,2,1,1,2,1,87000,1100,3,202205,0.9168,22050021,I,I,I,I,I,I,I,I,I,I,I
16.372700000000002,1,1,3,2,1,2,1,1,2,1,84000,1100,3,202205,0.9168,22050022,R,R,R,R,R,R,R,R,R,R,R
71.32860000000001,2,1,5,2,2,3,1,1,2,1,88000,1300,3,202205,0.9168,22050023,R,R,R,R,R,R,R,R,R,R,R
71.32860000000001,2,1,3,2,3,3,1,1,2,1,130000,1200,3,202205,0.9168,22050024,R,R,R,R,R,R,R,R,R,R,R
71.32860000000001,2,1,3,2,3,3,1,1,2,1,89000,1200,3,202205,0.9168,22050025,I,I,I,I,I,I,I,I,I,I,I
16.372700000000002,2,1,3,2,3,2,1,1,2,1,64000,1200,3,202205,0.9168,22050026,R,R,R,R,R,R,R,R,R,R,R
16.372700000000002,1,1,3,2,1,2,1,1,2,1,79000,960,1,202205,0.9168,22050027,I,I,I,I,I,I,I,I,I,I,I
16.372700000000002,2,1,3,1,1,2,1,1,1,1,9,1100,3,202205,0.9168,22050028,R,9,I,I,I,R,I,I,R,I,I
16.372700000000002,2,1,3,2,3,2,1,1,2,1,72000,1100,3,202205,0.9168,22050029,R,R,R,R,R,R,R,R,R,R,R
16.372700000000002,1,1,4,2,1,2,1,1,2,1,73000,920,3,202205,0.9168,22050030,R,R,R,R,R,R,I,I,R,I,I
16.372700000000002,1,1,3,1,1,2,1,1,2,1,9,1200,3,202205,0.9168,22050031,I,9,I,I,I,I,I,I,I,I,I
16.372700000000002,2,1,3,2,1,2,1,1,2,1,95000,1300,3,202205,0.9168,22050032,I,I,I,I,I,I,I,I,I,I,I
16.372700000000002,2,1,3,2,1,2,1,1,1,1,87000,1100,3,202205,0.9168,22050033,I,I,I,I,I,I,I,I,I,I,I
16.372700000000002,1,1,3,2,1,2,1,1,1,1,64000,740,1,202205,0.9168,22050034,R,R,R,R,R,R,I,I,R,I,I
16.372700000000002,2,1,3,2,1,2,1,1,1,1,70000,740,1,202205,0.9168,22050035,I,I,I,I,I,I,I,I,I,I,I
16.372700000000002,2,1,3,2,1,2,1,1,2,1,69000,740,1,202205,0.9168,22050036,I,I,I,I,I,I,I,I,I,I,I
23.305300000000003,2,1,3,1,1,2,1,1,1,1,9,1100,3,202205,0.9168,22050037,R,9,R,R,R,R,R,R,R,R,R
16.372700000000002,2,1,3,2,1,2,1,1,2,1,77000,1100,3,202205,0.9168,22050038,R,R,R,R,R,R,I,I,R,I,I
16.372700000000002,2,1,3,1,1,2,1,1,2,1,9,1200,3,202205,0.9168,22050039,R,9,R,R,R,R,R,R,R,R,R
16.372700000000002,2,1,3,2,1,2,1,2,2,1,89000,1200,3,202205,0.9168,22050040,R,I,I,I,R,R,I,I,R,I,I
16.372700000000002,1,1,3,2,1,2,1,1,3,1,90000,1100,3,202205,0.9168,22050041,R,R,R,R,R,R,R,R,R,R,R
12.7667,2,1,3,2,1,1,1,1,3,1,95000,1200,3,202205,0.9168,22050042,I,I,I,I,I,I,I,I,I,I,I
71.32860000000001,2,1,4,1,1,3,1,2,3,1,9,920,3,202205,0.9168,22050043,R,9,R,R,R,R,R,R,R,R,R
71.32860000000001,2,1,3,2,3,3,1,1,2,1,92000,1200,3,202205,0.9168,22050044,I,I,I,I,I,I,I,I,I,I,I
23.305300000000003,2,1,3,2,3,3,1,1,2,1,89000,1200,3,202205,0.9168,22050045,I,I,I,I,I,I,I,I,I,I,I
12.7667,2,1,3,2,1,1,1,1,2,1,100000,1200,3,202205,0.9168,22050046,R,R,R,R,R,R,R,R,R,R,R
12.7667,2,1,3,2,1,1,1,1,2,1,80000,1100,3,202205,0.9168,22050047,R,R,R,R,R,R,R,R,R,R,R
12.7667,2,1,3,2,3,1,1,2,2,1,83000,780,1,202205,0.9168,22050048,R,R,R,R,R,R,R,R,R,R,R
71.32860000000001,2,1,5,2,3,3,1,1,2,1,81000,1000,3,202205,0.9168,22050049,I,I,I,I,I,I,I,I,I,I,I
71.32860000000001,2,1,5,2,1,3,1,1,2,1,76000,900,1,202205,0.9168,22050050,R,I,R,R,R,R,I,R,R,R,R
71.32860000000001,2,1,4,2,2,3,1,1,2,1,92000,1200,3,202205,0.9168,22050051,I,I,I,I,I,I,I,I,I,I,I
71.32860000000001,2,1,5,2,3,3,1,1,2,1,89000,1200,3,202205,0.9168,22050052,R,I,R,R,R,R,R,R,R,R,R
71.32860000000001,2,1,5,2,2,3,1,1,3,1,85000,1200,3,202205,0.9168,22050053,R,R,R,R,R,R,R,R,R,R,R
71.32860000000001,2,1,5,2,2,3,1,1,2,1,79000,960,1,202205,0.9168,22050054,R,I,R,R,R,R,R,R,R,R,R
71.32860000000001,2,1,3,2,3,3,1,1,2,1,91000,1200,3,202205,0.9168,22050055,R,R,R,R,R,R,R,R,R,R,R
71.32860000000001,2,1,3,2,3,3,1,1,2,1,95000,1300,3,202205,0.9168,22050056,I,I,I,I,I,I,I,I,I,I,I
71.32860000000001,2,1,5,2,3,3,1,1,2,1,69000,1100,3,202205,0.9168,22050057,R,R,R,R,R,R,R,R,R,R,R
12.7667,2,1,3,2,2,3,1,2,2,1,65000,660,1,202205,0.9168,22050058,R,I,R,R,R,R,R,R,R,R,R
12.7667,1,1,1,1,1,1,0,0,1,1,9,980,3,202205,0.9168,22050059,R,9,R,R,R,R,R,R,R,R,R
12.7667,1,1,1,2,1,1,0,0,2,1,70000,780,1,202205,0.9168,22050060,R,R,R,R,R,R,R,R,R,R,R
71.32860000000001,2,1,1,2,2,3,0,0,2,1,97000,920,3,202205,0.9168,22050061,R,R,R,R,I,I,R,R,I,I,R
16.372700000000002,2,1,1,2,1,2,0,0,1,1,76000,900,1,202205,0.9168,22050062,I,I,I,I,I,I,I,R,I,I,R
16.372700000000002,1,1,1,2,1,2,0,0,1,1,120000,1200,3,202205,0.9168,22050063,R,R,R,R,R,R,R,R,R,R,R
16.372700000000002,1,1,1,2,1,2,0,0,1,1,67000,1100,3,202205,0.9168,22050064,R,R,R,R,R,R,R,R,R,R,R
16.372700000000002,1,1,1,1,1,2,0,0,1,1,9,1100,3,202205,0.9168,22050065,R,9,R,R,R,R,R,R,R,R,R
16.372700000000002,1,1,1,1,1,2,0,0,1,1,9,740,1,202205,0.9168,22050066,R,9,R,R,R,R,R,R,R,R,R
71.32860000000001,2,1,1,2,3,3,0,0,2,1,92000,1200,3,202205,0.9168,22050067,I,I,I,I,I,I,I,R,I,I,R
23.305300000000003,2,1,1,2,2,4,0,0,1,1,92000,1200,3,202205,0.9168,22050068,I,I,I,I,I,I,I,R,I,I,R
12.7667,1,1,1,2,1,1,0,0,2,1,75000,950,1,202205,0.9168,22050069,R,R,R,R,R,R,R,R,R,R,R
12.7667,2,1,1,2,1,1,0,0,1,1,79000,950,1,202205,0.9168,22050070,I,I,I,I,I,I,I,R,I,I,R
12.7667,1,1,1,2,1,1,0,0,2,1,84000,1100,3,202205,0.9168,22050071,I,I,I,I,I,I,I,R,I,I,R
16.372700000000002,1,1,1,1,1,2,0,0,3,1,9,900,1,202205,0.9168,22050072,R,9,R,R,R,R,R,R,R,R,R
16.372700000000002,1,1,2,2,1,2,0,0,1,1,84000,1100,3,202205,0.9168,22050073,I,I,I,I,I,I,I,R,I,I,R
12.7667,2,1,1,2,3,1,0,0,2,1,55000,780,1,202205,0.9168,22050074,R,R,R,R,R,R,R,R,R,R,R
16.372700000000002,2,1,1,2,1,2,0,0,2,1,84000,1100,3,202205,0.9168,22050075,R,I,R,R,I,I,R,R,I,I,R
71.32860000000001,1,2,9,2,9,3,9,9,9,1,90000,1300,3,202205,0.9168,22050076,R,R,R,R,R,R,9,9,9,9,9
71.32860000000001,1,2,9,2,9,3,9,9,9,1,91000,1200,3,202205,0.9168,22050077,R,R,R,R,R,R,9,9,9,9,9
71.32860000000001,2,2,9,2,9,3,9,9,9,1,79000,960,3,202205,0.9168,22050078,R,I,R,R,R,R,9,9,9,9,9
23.305300000000003,2,2,9,2,9,4,9,9,9,1,92000,1200,3,202205,0.9168,22050079,I,I,I,I,I,I,9,9,9,9,9
71.32860000000001,1,2,9,2,9,3,9,9,9,1,92000,1200,3,202205,0.9168,22050080,I,I,I,I,I,I,9,9,9,9,9
71.32860000000001,1,2,9,2,9,3,9,9,9,1,130000,1200,3,202205,0.9168,22050081,R,R,R,R,R,R,9,9,9,9,9
16.372700000000002,1,2,9,2,9,2,9,9,9,1,80000,740,1,202205,0.9168,22050082,R,R,R,R,R,R,9,9,9,9,9
71.32860000000001,1,2,9,2,9,3,9,9,9,1,85000,1100,3,202205,0.9168,22050083,R,R,R,R,R,R,9,9,9,9,9
71.32860000000001,1,2,9,2,9,3,9,9,9,1,86000,1100,3,202205,0.9168,22050084,R,I,R,R,R,R,9,9,9,9,9
23.305300000000003,2,2,9,2,9,3,9,9,9,1,84000,1100,3,202205,0.9168,22050085,I,I,I,I,I,I,9,9,9,9,9
71.32860000000001,1,2,9,2,9,3,9,9,9,1,89000,1200,3,202205,0.9168,22050086,R,I,R,R,R,R,9,9,9,9,9
71.32860000000001,1,2,9,2,9,3,9,9,9,1,92000,1200,3,202205,0.9168,22050087,I,I,I,I,I,I,9,9,9,9,9
16.372700000000002,2,2,9,2,9,2,9,9,9,1,92000,1200,3,202205,0.9168,22050088,I,I,I,I,I,I,9,9,9,9,9
16.372700000000002,1,2,9,2,9,2,9,9,9,1,92000,1200,3,202205,0.9168,22050089,I,I,I,I,I,I,9,9,9,9,9
71.32860000000001,1,2,9,2,9,3,9,9,9,1,65000,660,1,202205,0.9168,22050090,I,I,I,I,I,I,9,9,9,9,9
71.32860000000001,1,2,9,2,9,3,9,9,9,1,72000,810,1,202205,0.9168,22050091,R,I,I,I,I,I,9,9,9,9,9
71.32860000000001,2,2,9,2,9,3,9,9,9,1,75000,1300,3,202205,0.9168,22050092,R,R,R,R,R,R,9,9,9,9,9
71.32860000000001,1,2,9,2,9,3,9,9,9,1,100000,1200,3,202205,0.9168,22050093,R,R,R,R,R,R,9,9,9,9,9
71.32860000000001,1,2,9,2,9,3,9,9,9,1,73000,960,1,202205,0.9168,22050094,R,R,R,R,R,R,9,9,9,9,9
71.32860000000001,1,2,9,2,9,3,9,9,9,1,92000,1200,3,202205,0.9168,22050095,I,I,I,I,I,I,9,9,9,9,9
71.32860000000001,1,2,9,2,9,3,9,9,9,1,65000,840,1,202205,0.9168,22050096,R,R,R,R,R,R,9,9,9,9,9
16.372700000000002,1,2,9,2,9,2,9,9,9,1,84000,1100,3,202205,0.9168,22050097,I,I,I,I,I,I,9,9,9,9,9
12.7667,1,2,9,2,9,1,9,9,9,1,86000,1100,3,202205,0.9168,22050098,R,R,R,R,R,R,9,9,9,9,9
71.32860000000001,2,2,9,2,9,3,9,9,9,1,81000,1000,3,202205,0.9168,22050099,R,I,I,I,I,R,9,9,9,9,9
16.372700000000002,1,2,9,2,9,2,9,9,9,1,80000,1200,3,202205,0.9168,22050100,R,R,R,R,R,R,9,9,9,9,9
71.32860000000001,1,2,9,2,9,3,9,9,9,1,85000,1200,3,202205,0.9168,22050101,R,R,R,R,R,R,9,9,9,9,9
23.305300000000003,1,2,9,2,9,4,9,9,9,1,70000,780,1,202205,0.9168,22050102,I,I,I,I,I,I,9,9,9,9,9
71.32860000000001,1,2,9,2,9,3,9,9,9,1,92000,1200,3,202205,0.9168,22050103,R,I,R,R,R,R,9,9,9,9,9
16.372700000000002,1,2,9,2,9,2,9,9,9,1,95000,1300,3,202205,0.9168,22050104,R,I,R,R,R,R,9,9,9,9,9
71.32860000000001,1,2,9,2,9,3,9,9,9,1,70000,1200,3,202205,0.9168,22050105,R,R,R,R,R,R,9,9,9,9,9
23.305300000000003,1,2,9,2,9,4,9,9,9,1,120000,1200,3,202205,0.9168,22050106,R,R,R,R,R,R,9,9,9,9,9
16.372700000000002,1,2,9,2,9,2,9,9,9,1,56000,1100,3,202205,0.9168,22050107,R,R,R,R,R,R,9,9,9,9,9
16.372700000000002,1,2,9,2,9,2,9,9,9,1,84000,1100,3,202205,0.9168,22050108,I,I,I,I,I,I,9,9,9,9,9
71.32860000000001,2,2,9,2,9,3,9,9,9,1,92000,1200,3,202205,0.9168,22050109,I,I,I,I,I,I,9,9,9,9,9
71.32860000000001,1,2,9,2,9,3,9,9,9,1,90000,1200,3,202205,0.9168,22050110,R,R,R,R,R,R,9,9,9,9,9
71.32860000000001,1,2,9,2,9,3,9,9,9,1,75000,810,1,202205,0.9168,22050111,R,R,R,R,R,R,9,9,9,9,9
16.372700000000002,1,2,9,2,9,2,9,9,9,1,91000,980,1,202205,0.9168,22050112,R,R,R,R,R,R,9,9,9,9,9
12.7667,1,2,9,2,9,1,9,9,9,1,95000,1200,3,202205,0.9168,22050113,R,R,R,R,R,R,9,9,9,9,9
12.7667,1,2,9,2,9,1,9,9,9,1,92000,1200,3,202205,0.9168,22050114,I,I,I,I,I,I,9,9,9,9,9
12.7667,1,2,9,2,9,1,9,9,9,1,94000,780,3,202205,0.9168,22050115,R,R,R,R,I,I,9,9,9,9,9
71.32860000000001,1,2,9,2,9,3,9,9,9,1,88000,1200,3,202205,0.9168,22050116,R,R,R,R,R,R,9,9,9,9,9
71.32860000000001,1,2,9,2,9,3,9,9,9,1,79000,960,3,202205,0.9168,22050117,I,I,I,I,I,I,9,9,9,9,9
71.32860000000001,1,2,9,2,9,3,9,9,9,1,90000,1200,3,202205,0.9168,22050118,R,R,R,R,R,R,9,9,9,9,9
1.0,3,9,9,9,9,5,9,9,9,1,9,9,9,202205,0.9168,22050119,R,9,9,9,9,9,9,9,9,9,9
1.0,3,9,9,9,9,5,9,9,9,1,9,9,9,202205,0.9168,22050120,R,9,9,9,9,9,9,9,9,9,9
1.0,3,9,9,9,9,5,9,9,9,1,9,9,9,202205,0.9168,22050121,R,9,9,9,9,9,9,9,9,9,9
1.0,3,9,9,9,9,5,9,9,9,1,9,9,9,202205,0.9168,22050122,R,9,9,9,9,9,9,9,9,9,9
1.0,3,9,9,9,9,5,9,9,9,1,9,9,9,202205,0.9168,22050123,R,9,9,9,9,9,9,9,9,9,9
1.0,3,9,9,9,9,5,9,9,9,1,9,9,9,202205,0.9168,22050124,R,9,9,9,9,9,9,9,9,9,9
1.0,3,9,9,9,9,5,9,9,9,1,9,9,9,202205,0.9168,22050125,R,9,9,9,9,9,9,9,9,9,9
1.0,3,9,9,9,9,5,9,9,9,1,9,9,9,202205,0.9168,22050126,R,9,9,9,9,9,9,9,9,9,9
1.0,3,9,9,9,9,5,9,9,9,1,9,9,9,202205,0.9168,22050127,R,9,9,9,9,9,9,9,9,9,9
1.0,3,9,9,9,9,5,9,9,9,1,9,9,9,202205,0.9168,22050128,R,9,9,9,9,9,9,9,9,9,9
1.0,3,9,9,9,9,5,9,9,9,1,9,9,9,202205,0.9168,22050129,R,9,9,9,9,9,9,9,9,9,9
1.0,3,9,9,9,9,5,9,9,9,1,9,9,9,202205,0.9168,22050130,R,9,9,9,9,9,9,9,9,9,9
1.0,3,9,9,9,9,5,9,9,9,1,9,9,9,202205,0.9168,22050131,R,9,9,9,9,9,9,9,9,9,9
1.0,3,9,9,9,9,5,9,9,9,1,9,9,9,202205,0.9168,22050132,R,9,9,9,9,9,9,9,9,9,9
1.0,3,9,9,9,9,5,9,9,9,1,9,9,9,202205,0.9168,22050133,R,9,9,9,9,9,9,9,9,9,9
1.0,3,9,9,9,9,5,9,9,9,1,9,9,9,202205,0.9168,22050134,R,9,9,9,9,9,9,9,9,9,9
1.0,3,9,9,9,9,5,9,9,9,1,9,9,9,202205,0.9168,22050135,R,9,9,9,9,9,9,9,9,9,9
1.0,3,9,9,9,9,5,9,9,9,1,9,9,9,202205,0.9168,22050136,R,9,9,9,9,9,9,9,9,9,9
1.0,3,9,9,9,9,5,9,9,9,1,9,9,9,202205,0.9168,22050137,R,9,9,9,9,9,9,9,9,9,9
1.0,3,9,9,9,9,5,9,9,9,1,9,9,9,202205,0.9168,22050138,R,9,9,9,9,9,9,9,9,9,9
1.0,3,9,9,9,9,5,9,9,9,1,9,9,9,202205,0.9168,22050139,R,9,9,9,9,9,9,9,9,9,9
1.0,3,9,9,9,9,5,9,9,9,1,9,9,9,202205,0.9168,22050140,R,9,9,9,9,9,9,9,9,9,9
1.0,3,9,9,9,9,5,9,9,9,1,9,9,9,202205,0.9168,22050141,R,9,9,9,9,9,9,9,9,9,9
1.0,3,9,9,9,9,5,9,9,9,1,9,9,9,202205,0.9168,22050142,R,9,9,9,9,9,9,9,9,9,9
1.0,3,9,9,9,9,5,9,9,9,1,9,9,9,202205,0.9168,22050143,R,9,9,9,9,9,9,9,9,9,9
1.0,3,9,9,9,9,5,9,9,9,1,9,9,9,202205,0.9168,22050144,R,9,9,9,9,9,9,9,9,9,9
1.0,3,9,9,9,9,5,9,9,9,1,9,9,9,202205,0.9168,22050145,R,9,9,9,9,9,9,9,9,9,9
1.0,3,9,9,9,9,5,9,9,9,1,9,9,9,202205,0.9168,22050146,R,9,9,9,9,9,9,9,9,9,9
1.0,3,9,9,9,9,5,9,9,9,1,9,9,9,202205,0.9168,22050147,R,9,9,9,9,9,9,9,9,9,9
1.0,3,9,9,9,9,5,9,9,9,1,9,9,9,202205,0.9168,22050148,R,9,9,9,9,9,9,9,9,9,9
1.0,3,9,9,9,9,5,9,9,9,1,9,9,9,202205,0.9168,22050149,R,9,9,9,9,9,9,9,9,9,9
1.0,3,9,9,9,9,5,9,9,9,1,9,9,9,202205,0.9168,22050150,R,9,9,9,9,9,9,9,9,9,9
1.0,3,9,9,9,9,5,9,9,9,1,9,9,9,202205,0.9168,22050151,R,9,9,9,9,9,9,9,9,9,9
1.0,3,9,9,9,9,5,9,9,9,1,9,9,9,202205,0.9168,22050152,R,9,9,9,9,9,9,9,9,9,9
1.0,3,9,9,9,9,5,9,9,9,1,9,9,9,202205,0.9168,22050153,R,9,9,9,9,9,9,9,9,9,9
1.0,3,9,9,9,9,5,9,9,9,1,9,9,9,202205,0.9168,22050154,R,9,9,9,9,9,9,9,9,9,9
1.0,3,9,9,9,9,5,9,9,9,1,9,9,9,202205,0.9168,22050155,R,9,9,9,9,9,9,9,9,9,9
1.0,3,9,9,9,9,5,9,9,9,1,9,9,9,202205,0.9168,22050156,R,9,9,9,9,9,9,9,9,9,9
1.0,3,9,9,9,9,5,9,9,9,1,9,9,9,202205,0.9168,22050157,R,9,9,9,9,9,9,9,9,9,9
1.0,3,9,9,9,9,5,9,9,9,1,9,9,9,202205,0.9168,22050158,R,9,9,9,9,9,9,9,9,9,9
1.0,3,9,9,9,9,5,9,9,9,1,9,9,9,202205,0.9168,22050159,R,9,9,9,9,9,9,9,9,9,9
1.0,3,9,9,9,9,5,9,9,9,1,9,9,9,202205,0.9168,22050160,R,9,9,9,9,9,9,9,9,9,9
1.0,3,9,9,9,9,5,9,9,9,1,9,9,9,202205,0.9168,22050161,R,9,9,9,9,9,9,9,9,9,9
1.0,3,9,9,9,9,5,9,9,9,1,9,9,9,202205,0.9168,22050162,R,9,9,9,9,9,9,9,9,9,9
1.0,3,9,9,9,9,5,9,9,9,1,9,9,9,202205,0.9168,22050163,R,9,9,9,9,9,9,9,9,9,9
1.0,3,9,9,9,9,5,9,9,9,1,9,9,9,202205,0.9168,22050164,R,9,9,9,9,9,9,9,9,9,9
1.0,3,9,9,9,9,5,9,9,9,1,9,9,9,202205,0.9168,22050165,R,9,9,9,9,9,9,9,9,9,9
1.0,3,9,9,9,9,5,9,9,9,1,9,9,9,202205,0.9168,22050166,R,9,9,9,9,9,9,9,9,9,9
1.0,3,9,9,9,9,5,9,9,9,1,9,9,9,202205,0.9168,22050167,R,9,9,9,9,9,9,9,9,9,9
1.0,3,9,9,9,9,5,9,9,9,1,9,9,9,202205,0.9168,22050168,R,9,9,9,9,9,9,9,9,9,9
1.0,3,9,9,9,9,5,9,9,9,1,9,9,9,202205,0.9168,22050169,R,9,9,9,9,9,9,9,9,9,9
1.0,3,9,9,9,9,5,9,9,9,1,9,9,9,202205,0.9168,22050170,R,9,9,9,9,9,9,9,9,9,9
1.0,3,9,9,9,9,5,9,9,9,1,9,9,9,202205,0.9168,22050171,R,9,9,9,9,9,9,9,9,9,9
1.0,3,9,9,9,9,5,9,9,9,1,9,9,9,202205,0.9168,22050172,R,9,9,9,9,9,9,9,9,9,9
1.0,3,9,9,9,9,5,9,9,9,1,9,9,9,202205,0.9168,22050173,R,9,9,9,9,9,9,9,9,9,9
1.0,3,9,9,9,9,5,9,9,9,1,9,9,9,202205,0.9168,22050174,R,9,9,9,9,9,9,9,9,9,9
1.0,3,9,9,9,9,5,9,9,9,1,9,9,9,202205,0.9168,22050175,R,9,9,9,9,9,9,9,9,9,9
1.0,3,9,9,9,9,5,9,9,9,1,9,9,9,202205,0.9168,22050176,R,9,9,9,9,9,9,9,9,9,9
1.0,3,9,9,9,9,5,9,9,9,1,9,9,9,202205,0.9168,22050177,R,9,9,9,9,9,9,9,9,9,9
1.0,3,9,9,9,9,5,9,9,9,1,9,9,9,202205,0.9168,22050178,R,9,9,9,9,9,9,9,9,9,9
1.0,3,9,9,9,9,5,9,9,9,1,9,9,9,202205,0.9168,22050179,R,9,9,9,9,9,9,9,9,9,9
1.0,3,9,9,9,9,5,9,9,9,1,9,9,9,202205,0.9168,22050180,R,9,9,9,9,9,9,9,9,9,9
1.0,3,9,9,9,9,5,9,9,9,1,9,9,9,202205,0.9168,22050181,R,9,9,9,9,9,9,9,9,9,9
1.0,3,9,9,9,9,5,9,9,9,1,9,9,9,202205,0.9168,22050182,R,9,9,9,9,9,9,9,9,9,9
1.0,3,9,9,9,9,5,9,9,9,1,9,9,9,202205,0.9168,22050183,R,9,9,9,9,9,9,9,9,9,9
1.0,3,9,9,9,9,5,9,9,9,1,9,9,9,202205,0.9168,22050184,R,9,9,9,9,9,9,9,9,9,9
1.0,3,9,9,9,9,5,9,9,9,1,9,9,9,202205,0.9168,22050185,R,9,9,9,9,9,9,9,9,9,9
1.0,3,9,9,9,9,5,9,9,9,1,9,9,9,202205,0.9168,22050186,R,9,9,9,9,9,9,9,9,9,9
1.0,3,9,9,9,9,5,9,9,9,1,9,9,9,202205,0.9168,22050187,R,9,9,9,9,9,9,9,9,9,9
1.0,3,9,9,9,9,5,9,9,9,1,9,9,9,202205,0.9168,22050188,R,9,9,9,9,9,9,9,9,9,9
1.0,3,9,9,9,9,5,9,9,9,1,9,9,9,202205,0.9168,22050189,R,9,9,9,9,9,9,9,9,9,9
1.0,3,9,9,9,9,5,9,9,9,1,9,9,9,202205,0.9168,22050190,R,9,9,9,9,9,9,9,9,9,9
1.0,3,9,9,9,9,5,9,9,9,1,9,9,9,202205,0.9168,22050191,R,9,9,9,9,9,9,9,9,9,9
1.0,3,9,9,9,9,5,9,9,9,1,9,9,9,202205,0.9168,22050192,R,9,9,9,9,9,9,9,9,9,9
1.0,3,9,9,9,9,5,9,9,9,1,9,9,9,202205,0.9168,22050193,R,9,9,9,9,9,9,9,9,9,9
1.0,3,9,9,9,9,5,9,9,9,1,9,9,9,202205,0.9168,22050194,R,9,9,9,9,9,9,9,9,9,9
1.0,3,9,9,9,9,5,9,9,9,1,9,9,9,202205,0.9168,22050195,R,9,9,9,9,9,9,9,9,9,9
1.0,3,9,9,9,9,5,9,9,9,1,9,9,9,202205,0.9168,22050196,R,9,9,9,9,9,9,9,9,9,9
1.0,3,9,9,9,9,5,9,9,9,1,9,9,9,202205,0.9168,22050197,R,9,9,9,9,9,9,9,9,9,9
1.0,3,9,9,9,9,5,9,9,9,1,9,9,9,202205,0.9168,22050198,R,9,9,9,9,9,9,9,9,9,9
1.0,3,9,9,9,9,5,9,9,9,1,9,9,9,202205,0.9168,22050199,R,9,9,9,9,9,9,9,9,9,9
1.0,3,9,9,9,9,5,9,9,9,1,9,9,9,202205,0.9168,22050200,R,9,9,9,9,9,9,9,9,9,9
1.0,3,9,9,9,9,5,9,9,9,1,9,9,9,202205,0.9168,22050201,R,9,9,9,9,9,9,9,9,9,9
1.0,3,9,9,9,9,5,9,9,9,1,9,9,9,202205,0.9168,22050202,R,9,9,9,9,9,9,9,9,9,9
1.0,3,9,9,9,9,5,9,9,9,1,9,9,9,202205,0.9168,22050203,R,9,9,9,9,9,9,9,9,9,9
1.0,3,9,9,9,9,5,9,9,9,1,9,9,9,202205,0.9168,22050204,R,9,9,9,9,9,9,9,9,9,9
1.0,3,9,9,9,9,5,9,9,9,1,9,9,9,202205,0.9168,22050205,R,9,9,9,9,9,9,9,9,9,9
1.0,3,9,9,9,9,5,9,9,9,1,9,9,9,202205,0.9168,22050206,R,9,9,9,9,9,9,9,9,9,9
1.0,3,9,9,9,9,5,9,9,9,1,9,9,9,202205,0.9168,22050207,R,9,9,9,9,9,9,9,9,9,9
1.0,3,9,9,9,9,5,9,9,9,1,9,9,9,202205,0.9168,22050208,R,9,9,9,9,9,9,9,9,9,9
1.0,3,9,9,9,9,5,9,9,9,1,9,9,9,202205,0.9168,22050209,R,9,9,9,9,9,9,9,9,9,9
1.0,3,9,9,9,9,5,9,9,9,1,9,9,9,202205,0.9168,22050210,R,9,9,9,9,9,9,9,9,9,9
1.0,3,9,9,9,9,5,9,9,9,1,9,9,9,202205,0.9168,22050211,R,9,9,9,9,9,9,9,9,9,9
1.0,3,9,9,9,9,5,9,9,9,1,9,9,9,202205,0.9168,22050212,R,9,9,9,9,9,9,9,9,9,9
1.0,3,9,9,9,9,5,9,9,9,1,9,9,9,202205,0.9168,22050213,R,9,9,9,9,9,9,9,9,9,9
1.0,3,9,9,9,9,5,9,9,9,1,9,9,9,202205,0.9168,22050214,R,9,9,9,9,9,9,9,9,9,9
1.0,3,9,9,9,9,5,9,9,9,1,9,9,9,202205,0.9168,22050215,R,9,9,9,9,9,9,9,9,9,9
1.0,3,9,9,9,9,5,9,9,9,1,9,9,9,202205,0.9168,22050216,R,9,9,9,9,9,9,9,9,9,9
1.0,3,9,9,9,9,5,9,9,9,1,9,9,9,202205,0.9168,22050217,R,9,9,9,9,9,9,9,9,9,9
1.0,3,9,9,9,9,5,9,9,9,1,9,9,9,202205,0.9168,22050218,R,9,9,9,9,9,9,9,9,9,9
1.0,3,9,9,9,9,5,9,9,9,1,9,9,9,202205,0.9168,22050219,R,9,9,9,9,9,9,9,9,9,9
1.0,3,9,9,9,9,5,9,9,9,1,9,9,9,202205,0.9168,22050220,R,9,9,9,9,9,9,9,9,9,9
1.0,3,9,9,9,9,5,9,9,9,1,9,9,9,202205,0.9168,22050221,R,9,9,9,9,9,9,9,9,9,9
1.0,3,9,9,9,9,5,9,9,9,1,9,9,9,202205,0.9168,22050222,R,9,9,9,9,9,9,9,9,9,9
1.0,3,9,9,9,9,5,9,9,9,1,9,9,9,202205,0.9168,22050223,R,9,9,9,9,9,9,9,9,9,9
1.0,3,9,9,9,9,5,9,9,9,1,9,9,9,202205,0.9168,22050224,R,9,9,9,9,9,9,9,9,9,9
1.0,3,9,9,9,9,5,9,9,9,1,9,9,9,202205,0.9168,22050225,R,9,9,9,9,9,9,9,9,9,9
1.0,3,9,9,9,9,5,9,9,9,1,9,9,9,202205,0.9168,22050226,R,9,9,9,9,9,9,9,9,9,9
1.0,3,9,9,9,9,5,9,9,9,1,9,9,9,202205,0.9168,22050227,R,9,9,9,9,9,9,9,9,9,9
1.0,3,9,9,9,9,5,9,9,9,1,9,9,9,202205,0.9168,22050228,R,9,9,9,9,9,9,9,9,9,9
1.0,3,9,9,9,9,5,9,9,9,1,9,9,9,202205,0.9168,22050229,R,9,9,9,9,9,9,9,9,9,9
1.0,3,9,9,9,9,5,9,9,9,1,9,9,9,202205,0.9168,22050230,R,9,9,9,9,9,9,9,9,9,9
1.0,3,9,9,9,9,5,9,9,9,1,9,9,9,202205,0.9168,22050231,R,9,9,9,9,9,9,9,9,9,9
1.0,3,9,9,9,9,5,9,9,9,1,9,9,9,202205,0.9168,22050232,R,9,9,9,9,9,9,9,9,9,9
1.0,3,9,9,9,9,5,9,9,9,1,9,9,9,202205,0.9168,22050233,R,9,9,9,9,9,9,9,9,9,9
1.0,3,9,9,9,9,5,9,9,9,1,9,9,9,202205,0.9168,22050234,R,9,9,9,9,9,9,9,9,9,9
1.0,3,9,9,9,9,5,9,9,9,1,9,9,9,202205,0.9168,22050235,R,9,9,9,9,9,9,9,9,9,9
1.0,3,9,9,9,9,5,9,9,9,1,9,9,9,202205,0.9168,22050236,R,9,9,9,9,9,9,9,9,9,9
1.0,3,9,9,9,9,5,9,9,9,1,9,9,9,202205,0.9168,22050237,R,9,9,9,9,9,9,9,9,9,9
1.0,3,9,9,9,9,5,9,9,9,1,9,9,9,202205,0.9168,22050238,R,9,9,9,9,9,9,9,9,9,9
1.0,3,9,9,9,9,5,9,9,9,1,9,9,9,202205,0.9168,22050239,R,9,9,9,9,9,9,9,9,9,9
1.0,3,9,9,9,9,5,9,9,9,1,9,9,9,202205,0.9168,22050240,R,9,9,9,9,9,9,9,9,9,9
1.0,3,9,9,9,9,5,9,9,9,1,9,9,9,202205,0.9168,22050241,R,9,9,9,9,9,9,9,9,9,9
1.0,3,9,9,9,9,5,9,9,9,1,9,9,9,202205,0.9168,22050242,R,9,9,9,9,9,9,9,9,9,9
1.0,3,9,9,9,9,5,9,9,9,1,9,9,9,202205,0.9168,22050243,R,9,9,9,9,9,9,9,9,9,9
1.0,3,9,9,9,9,5,9,9,9,1,9,9,9,202205,0.9168,22050244,R,9,9,9,9,9,9,9,9,9,9
1.0,3,9,9,9,9,5,9,9,9,1,9,9,9,202205,0.9168,22050245,R,9,9,9,9,9,9,9,9,9,9
1.0,3,9,9,9,9,5,9,9,9,1,9,9,9,202205,0.9168,22050246,R,9,9,9,9,9,9,9,9,9,9
1.0,3,9,9,9,9,5,9,9,9,1,9,9,9,202205,0.9168,22050247,R,9,9,9,9,9,9,9,9,9,9
1.0,3,9,9,9,9,5,9,9,9,1,9,9,9,202205,0.9168,22050248,R,9,9,9,9,9,9,9,9,9,9
1.0,3,9,9,9,9,5,9,9,9,1,9,9,9,202205,0.9168,22050249,R,9,9,9,9,9,9,9,9,9,9
1.0,3,9,9,9,9,5,9,9,9,1,9,9,9,202205,0.9168,22050250,R,9,9,9,9,9,9,9,9,9,9
1.0,3,9,9,9,9,5,9,9,9,1,9,9,9,202205,0.9168,22050251,R,9,9,9,9,9,9,9,9,9,9
1.0,3,9,9,9,9,5,9,9,9,1,9,9,9,202205,0.9168,22050252,R,9,9,9,9,9,9,9,9,9,9
1.0,3,9,9,9,9,5,9,9,9,1,9,9,9,202205,0.9168,22050253,R,9,9,9,9,9,9,9,9,9,9
1.0,3,9,9,9,9,5,9,9,9,1,9,9,9,202205,0.9168,22050254,R,9,9,9,9,9,9,9,9,9,9
1.0,3,9,9,9,9,5,9,9,9,1,9,9,9,202205,0.9168,22050255,R,9,9,9,9,9,9,9,9,9,9
1.0,3,9,9,9,9,5,9,9,9,1,9,9,9,202205,0.9168,22050256,R,9,9,9,9,9,9,9,9,9,9
1.0,3,9,9,9,9,5,9,9,9,1,9,9,9,202205,0.9168,22050257,R,9,9,9,9,9,9,9,9,9,9
1.0,3,9,9,9,9,5,9,9,9,1,9,9,9,202205,0.9168,22050258,R,9,9,9,9,9,9,9,9,9,9
1.0,3,9,9,9,9,5,9,9,9,1,9,9,9,202205,0.9168,22050259,R,9,9,9,9,9,9,9,9,9,9
1.0,3,9,9,9,9,5,9,9,9,1,9,9,9,202205,0.9168,22050260,R,9,9,9,9,9,9,9,9,9,9
1.0,3,9,9,9,9,5,9,9,9,1,9,9,9,202205,0.9168,22050261,R,9,9,9,9,9,9,9,9,9,9
1.0,3,9,9,9,9,5,9,9,9,1,9,9,9,202205,0.9168,22050262,R,9,9,9,9,9,9,9,9,9,9
1.0,3,9,9,9,9,5,9,9,9,1,9,9,9,202205,0.9168,22050263,R,9,9,9,9,9,9,9,9,9,9
1.0,3,9,9,9,9,5,9,9,9,1,9,9,9,202205,0.9168,22050264,R,9,9,9,9,9,9,9,9,9,9
1.0,3,9,9,9,9,5,9,9,9,1,9,9,9,202205,0.9168,22050265,R,9,9,9,9,9,9,9,9,9,9
1.0,3,9,9,9,9,5,9,9,9,1,9,9,9,202205,0.9168,22050266,R,9,9,9,9,9,9,9,9,9,9
1.0,3,9,9,9,9,5,9,9,9,1,9,9,9,202205,0.9168,22050267,R,9,9,9,9,9,9,9,9,9,9
1.0,3,9,9,9,9,5,9,9,9,1,9,9,9,202205,0.9168,22050268,R,9,9,9,9,9,9,9,9,9,9
1.0,3,9,9,9,9,5,9,9,9,1,9,9,9,202205,0.9168,22050269,R,9,9,9,9,9,9,9,9,9,9
1.0,3,9,9,9,9,5,9,9,9,1,9,9,9,202205,0.9168,22050270,R,9,9,9,9,9,9,9,9,9,9
1.0,3,9,9,9,9,5,9,9,9,1,9,9,9,202205,0.9168,22050271,R,9,9,9,9,9,9,9,9,9,9
1.0,3,9,9,9,9,5,9,9,9,1,9,9,9,202205,0.9168,22050272,R,9,9,9,9,9,9,9,9,9,9
1.0,3,9,9,9,9,5,9,9,9,1,9,9,9,202205,0.9168,22050273,R,9,9,9,9,9,9,9,9,9,9
1.0,3,9,9,9,9,5,9,9,9,1,9,9,9,202205,0.9168,22050274,R,9,9,9,9,9,9,9,9,9,9
1.0,3,9,9,9,9,5,9,9,9,1,9,9,9,202205,0.9168,22050275,R,9,9,9,9,9,9,9,9,9,9
1.0,3,9,9,9,9,5,9,9,9,1,9,9,9,202205,0.9168,22050276,R,9,9,9,9,9,9,9,9,9,9
1.0,3,9,9,9,9,5,9,9,9,1,9,9,9,202205,0.9168,22050277,R,9,9,9,9,9,9,9,9,9,9
1.0,3,9,9,9,9,5,9,9,9,1,9,9,9,202205,0.9168,22050278,R,9,9,9,9,9,9,9,9,9,9
1.0,3,9,9,9,9,5,9,9,9,1,9,9,9,202205,0.9168,22050279,R,9,9,9,9,9,9,9,9,9,9
1.0,3,9,9,9,9,5,9,9,9,1,9,9,9,202205,0.9168,22050280,R,9,9,9,9,9,9,9,9,9,9
1.0,3,9,9,9,9,5,9,9,9,1,9,9,9,202205,0.9168,22050281,R,9,9,9,9,9,9,9,9,9,9
1.0,3,9,9,9,9,5,9,9,9,1,9,9,9,202205,0.9168,22050282,R,9,9,9,9,9,9,9,9,9,9
1.0,3,9,9,9,9,5,9,9,9,1,9,9,9,202205,0.9168,22050283,R,9,9,9,9,9,9,9,9,9,9
1.0,3,9,9,9,9,5,9,9,9,1,9,9,9,202205,0.9168,22050284,R,9,9,9,9,9,9,9,9,9,9
1.0,3,9,9,9,9,5,9,9,9,1,9,9,9,202205,0.9168,22050285,R,9,9,9,9,9,9,9,9,9,9
1.0,3,9,9,9,9,5,9,9,9,1,9,9,9,202205,0.9168,22050286,R,9,9,9,9,9,9,9,9,9,9
1.0,3,9,9,9,9,5,9,9,9,1,9,9,9,202205,0.9168,22050287,R,9,9,9,9,9,9,9,9,9,9
1.0,3,9,9,9,9,5,9,9,9,1,9,9,9,202205,0.9168,22050288,R,9,9,9,9,9,9,9,9,9,9
1.0,3,9,9,9,9,5,9,9,9,1,9,9,9,202205,0.9168,22050289,R,9,9,9,9,9,9,9,9,9,9
1.0,3,9,9,9,9,5,9,9,9,1,9,9,9,202205,0.9168,22050290,R,9,9,9,9,9,9,9,9,9,9
1.0,3,9,9,9,9,5,9,9,9,1,9,9,9,202205,0.9168,22050291,R,9,9,9,9,9,9,9,9,9,9
1.0,3,9,9,9,9,5,9,9,9,1,9,9,9,202205,0.9168,22050292,R,9,9,9,9,9,9,9,9,9,9
1.0,3,9,9,9,9,5,9,9,9,1,9,9,9,202205,0.9168,22050293,R,9,9,9,9,9,9,9,9,9,9
1.0,3,9,9,9,9,5,9,9,9,1,9,9,9,202205,0.9168,22050294,R,9,9,9,9,9,9,9,9,9,9
1.0,3,9,9,9,9,5,9,9,9,1,9,9,9,202205,0.9168,22050295,R,9,9,9,9,9,9,9,9,9,9
1.0,3,9,9,9,9,5,9,9,9,1,9,9,9,202205,0.9168,22050296,R,9,9,9,9,9,9,9,9,9,9
1.0,3,9,9,9,9,5,9,9,9,1,9,9,9,202205,0.9168,22050297,R,9,9,9,9,9,9,9,9,9,9
1.0,3,9,9,9,9,5,9,9,9,1,9,9,9,202205,0.9168,22050298,R,9,9,9,9,9,9,9,9,9,9
1.0,3,9,9,9,9,5,9,9,9,1,9,9,9,202205,0.9168,22050299,R,9,9,9,9,9,9,9,9,9,9
1.0,3,9,9,9,9,5,9,9,9,1,9,9,9,202205,0.9168,22050300,R,9,9,9,9,9,9,9,9,9,9
1.0,3,9,9,9,9,5,9,9,9,1,9,9,9,202205,0.9168,22050301,R,9,9,9,9,9,9,9,9,9,9
1.0,3,9,9,9,9,5,9,9,9,1,9,9,9,202205,0.9168,22050302,R,9,9,9,9,9,9,9,9,9,9
1.0,3,9,9,9,9,5,9,9,9,1,9,9,9,202205,0.9168,22050303,R,9,9,9,9,9,9,9,9,9,9
1.0,3,9,9,9,9,5,9,9,9,1,9,9,9,202205,0.9168,22050304,R,9,9,9,9,9,9,9,9,9,9
1.0,3,9,9,9,9,5,9,9,9,1,9,9,9,202205,0.9168,22050305,R,9,9,9,9,9,9,9,9,9,9
1.0,3,9,9,9,9,5,9,9,9,1,9,9,9,202205,0.9168,22050306,R,9,9,9,9,9,9,9,9,9,9
1.0,3,9,9,9,9,5,9,9,9,1,9,9,9,202205,0.9168,22050307,R,9,9,9,9,9,9,9,9,9,9
1.0,3,9,9,9,9,5,9,9,9,1,9,9,9,202205,0.9168,22050308,R,9,9,9,9,9,9,9,9,9,9
1.0,3,9,9,9,9,5,9,9,9,1,9,9,9,202205,0.9168,22050309,R,9,9,9,9,9,9,9,9,9,9
1.0,3,9,9,9,9,5,9,9,9,1,9,9,9,202205,0.9168,22050310,R,9,9,9,9,9,9,9,9,9,9
1.0,3,9,9,9,9,5,9,9,9,1,9,9,9,202205,0.9168,22050311,R,9,9,9,9,9,9,9,9,9,9
1.0,3,9,9,9,9,5,9,9,9,1,9,9,9,202205,0.9168,22050312,R,9,9,9,9,9,9,9,9,9,9
1.0,3,9,9,9,9,5,9,9,9,1,9,9,9,202205,0.9168,22050313,R,9,9,9,9,9,9,9,9,9,9
1.0,3,9,9,9,9,5,9,9,9,1,9,9,9,202205,0.9168,22050314,R,9,9,9,9,9,9,9,9,9,9
1.0,3,9,9,9,9,5,9,9,9,1,9,9,9,202205,0.9168,22050315,R,9,9,9,9,9,9,9,9,9,9
1.0,3,9,9,9,9,5,9,9,9,1,9,9,9,202205,0.9168,22050316,R,9,9,9,9,9,9,9,9,9,9
1.0,3,9,9,9,9,5,9,9,9,1,9,9,9,202205,0.9168,22050317,R,9,9,9,9,9,9,9,9,9,9
1.0,3,9,9,9,9,5,9,9,9,1,9,9,9,202205,0.9168,22050318,R,9,9,9,9,9,9,9,9,9,9
1.0,3,9,9,9,9,5,9,9,9,1,9,9,9,202205,0.9168,22050319,R,9,9,9,9,9,9,9,9,9,9
1.0,3,9,9,9,9,5,9,9,9,1,9,9,9,202205,0.9168,22050320,R,9,9,9,9,9,9,9,9,9,9
1.0,3,9,9,9,9,5,9,9,9,1,9,9,9,202205,0.9168,22050321,R,9,9,9,9,9,9,9,9,9,9
1.0,3,9,9,9,9,5,9,9,9,1,9,9,9,202205,0.9168,22050322,R,9,9,9,9,9,9,9,9,9,9
1.0,3,9,9,9,9,5,9,9,9,1,9,9,9,202205,0.9168,22050323,R,9,9,9,9,9,9,9,9,9,9
1.0,3,9,9,9,9,5,9,9,9,1,9,9,9,202205,0.9168,22050324,R,9,9,9,9,9,9,9,9,9,9
1.0,3,9,9,9,9,5,9,9,9,1,9,9,9,202205,0.9168,22050325,R,9,9,9,9,9,9,9,9,9,9
1.0,3,9,9,9,9,5,9,9,9,1,9,9,9,202205,0.9168,22050326,R,9,9,9,9,9,9,9,9,9,9
1.0,3,9,9,9,9,5,9,9,9,1,9,9,9,202205,0.9168,22050327,R,9,9,9,9,9,9,9,9,9,9
1.0,3,9,9,9,9,5,9,9,9,1,9,9,9,202205,0.9168,22050328,R,9,9,9,9,9,9,9,9,9,9
1.0,3,9,9,9,9,5,9,9,9,1,9,9,9,202205,0.9168,22050329,R,9,9,9,9,9,9,9,9,9,9
1.0,3,9,9,9,9,5,9,9,9,1,9,9,9,202205,0.9168,22050330,R,9,9,9,9,9,9,9,9,9,9
1.0,3,9,9,9,9,5,9,9,9,1,9,9,9,202205,0.9168,22050331,R,9,9,9,9,9,9,9,9,9,9
1.0,3,9,9,9,9,5,9,9,9,1,9,9,9,202205,0.9168,22050332,R,9,9,9,9,9,9,9,9,9,9
1.0,3,9,9,9,9,5,9,9,9,1,9,9,9,202205,0.9168,22050333,R,9,9,9,9,9,9,9,9,9,9
1.0,3,9,9,9,9,5,9,9,9,1,9,9,9,202205,0.9168,22050334,R,9,9,9,9,9,9,9,9,9,9
1.0,3,9,9,9,9,5,9,9,9,1,9,9,9,202205,0.9168,22050335,R,9,9,9,9,9,9,9,9,9,9
1.0,3,9,9,9,9,5,9,9,9,1,9,9,9,202205,0.9168,22050336,R,9,9,9,9,9,9,9,9,9,9
1.0,3,9,9,9,9,5,9,9,9,1,9,9,9,202205,0.9168,22050337,R,9,9,9,9,9,9,9,9,9,9
1.0,3,9,9,9,9,5,9,9,9,1,9,9,9,202205,0.9168,22050338,R,9,9,9,9,9,9,9,9,9,9
1.0,3,9,9,9,9,5,9,9,9,1,9,9,9,202205,0.9168,22050339,R,9,9,9,9,9,9,9,9,9,9
1.0,3,9,9,9,9,5,9,9,9,1,9,9,9,202205,0.9168,22050340,R,9,9,9,9,9,9,9,9,9,9
1.0,3,9,9,9,9,5,9,9,9,1,9,9,9,202205,0.9168,22050341,R,9,9,9,9,9,9,9,9,9,9
1.0,3,9,9,9,9,5,9,9,9,1,9,9,9,202205,0.9168,22050342,R,9,9,9,9,9,9,9,9,9,9
1.0,3,9,9,9,9,5,9,9,9,1,9,9,9,202205,0.9168,22050343,R,9,9,9,9,9,9,9,9,9,9
1.0,3,9,9,9,9,5,9,9,9,1,9,9,9,202205,0.9168,22050344,R,9,9,9,9,9,9,9,9,9,9
1.0,3,9,9,9,9,5,9,9,9,1,9,9,9,202205,0.9168,22050345,R,9,9,9,9,9,9,9,9,9,9
1.0,3,9,9,9,9,5,9,9,9,1,9,9,9,202205,0.9168,22050346,R,9,9,9,9,9,9,9,9,9,9
1.0,3,9,9,9,9,5,9,9,9,1,9,9,9,202205,0.9168,22050347,R,9,9,9,9,9,9,9,9,9,9
1.0,3,9,9,9,9,5,9,9,9,1,9,9,9,202205,0.9168,22050348,R,9,9,9,9,9,9,9,9,9,9
1.0,3,9,9,9,9,5,9,9,9,1,9,9,9,202205,0.9168,22050349,R,9,9,9,9,9,9,9,9,9,9
1.0,3,9,9,9,9,5,9,9,9,1,9,9,9,202205,0.9168,22050350,R,9,9,9,9,9,9,9,9,9,9
1.0,3,9,9,9,9,5,9,9,9,1,9,9,9,202205,0.9168,22050351,R,9,9,9,9,9,9,9,9,9,9
1.0,3,9,9,9,9,5,9,9,9,1,9,9,9,202205,0.9168,22050352,R,9,9,9,9,9,9,9,9,9,9
1.0,3,9,9,9,9,5,9,9,9,1,9,9,9,202205,0.9168,22050353,R,9,9,9,9,9,9,9,9,9,9
1.0,3,9,9,9,9,5,9,9,9,1,9,9,9,202205,0.9168,22050354,R,9,9,9,9,9,9,9,9,9,9
1.0,3,9,9,9,9,5,9,9,9,1,9,9,9,202205,0.9168,22050355,R,9,9,9,9,9,9,9,9,9,9
1.0,3,9,9,9,9,5,9,9,9,1,9,9,9,202205,0.9168,22050356,R,9,9,9,9,9,9,9,9,9,9
1.0,3,9,9,9,9,5,9,9,9,1,9,9,9,202205,0.9168,22050357,R,9,9,9,9,9,9,9,9,9,9
1.0,3,9,9,9,9,5,9,9,9,1,9,9,9,202205,0.9168,22050358,R,9,9,9,9,9,9,9,9,9,9
1.0,3,9,9,9,9,5,9,9,9,1,9,9,9,202205,0.9168,22050359,R,9,9,9,9,9,9,9,9,9,9
1.0,3,9,9,9,9,5,9,9,9,1,9,9,9,202205,0.9168,22050360,R,9,9,9,9,9,9,9,9,9,9
1.0,3,9,9,9,9,5,9,9,9,1,9,9,9,202205,0.9168,22050361,R,9,9,9,9,9,9,9,9,9,9
1.0,3,9,9,9,9,5,9,9,9,1,9,9,9,202205,0.9168,22050362,R,9,9,9,9,9,9,9,9,9,9
1.0,3,9,9,9,9,5,9,9,9,1,9,9,9,202205,0.9168,22050363,R,9,9,9,9,9,9,9,9,9,9
1.0,3,9,9,9,9,5,9,9,9,1,9,9,9,202205,0.9168,22050364,R,9,9,9,9,9,9,9,9,9,9
1.0,3,9,9,9,9,5,9,9,9,1,9,9,9,202205,0.9168,22050365,R,9,9,9,9,9,9,9,9,9,9
1.0,3,9,9,9,9,5,9,9,9,1,9,9,9,202205,0.9168,22050366,R,9,9,9,9,9,9,9,9,9,9
1.0,3,9,9,9,9,5,9,9,9,1,9,9,9,202205,0.9168,22050367,R,9,9,9,9,9,9,9,9,9,9
1.0,3,9,9,9,9,5,9,9,9,1,9,9,9,202205,0.9168,22050368,R,9,9,9,9,9,9,9,9,9,9
1.0,3,9,9,9,9,5,9,9,9,1,9,9,9,202205,0.9168,22050369,R,9,9,9,9,9,9,9,9,9,9
1.0,3,9,9,9,9,5,9,9,9,1,9,9,9,202205,0.9168,22050370,R,9,9,9,9,9,9,9,9,9,9
1.0,3,9,9,9,9,5,9,9,9,1,9,9,9,202205,0.9168,22050371,R,9,9,9,9,9,9,9,9,9,9
1.0,3,9,9,9,9,5,9,9,9,1,9,9,9,202205,0.9168,22050372,R,9,9,9,9,9,9,9,9,9,9
1.0,3,9,9,9,9,5,9,9,9,1,9,9,9,202205,0.9168,22050373,R,9,9,9,9,9,9,9,9,9,9
1.0,3,9,9,9,9,5,9,9,9,1,9,9,9,202205,0.9168,22050374,R,9,9,9,9,9,9,9,9,9,9
1.0,3,9,9,9,9,5,9,9,9,1,9,9,9,202205,0.9168,22050375,R,9,9,9,9,9,9,9,9,9,9
1.0,3,9,9,9,9,5,9,9,9,1,9,9,9,202205,0.9168,22050376,R,9,9,9,9,9,9,9,9,9,9
1.0,3,9,9,9,9,5,9,9,9,1,9,9,9,202205,0.9168,22050377,R,9,9,9,9,9,9,9,9,9,9
1.0,3,9,9,9,9,5,9,9,9,1,9,9,9,202205,0.9168,22050378,R,9,9,9,9,9,9,9,9,9,9
1.0,3,9,9,9,9,5,9,9,9,1,9,9,9,202205,0.9168,22050379,R,9,9,9,9,9,9,9,9,9,9
1.0,3,9,9,9,9,5,9,9,9,1,9,9,9,202205,0.9168,22050380,R,9,9,9,9,9,9,9,9,9,9
1.0,3,9,9,9,9,5,9,9,9,1,9,9,9,202205,0.9168,22050381,R,9,9,9,9,9,9,9,9,9,9
1.0,3,9,9,9,9,5,9,9,9,1,9,9,9,202205,0.9168,22050382,R,9,9,9,9,9,9,9,9,9,9
1.0,3,9,9,9,9,5,9,9,9,1,9,9,9,202205,0.9168,22050383,R,9,9,9,9,9,9,9,9,9,9
1.0,3,9,9,9,9,5,9,9,9,1,9,9,9,202205,0.9168,22050384,R,9,9,9,9,9,9,9,9,9,9
1.0,3,9,9,9,9,5,9,9,9,1,9,9,9,202205,0.9168,22050385,R,9,9,9,9,9,9,9,9,9,9
1.0,3,9,9,9,9,5,9,9,9,1,9,9,9,202205,0.9168,22050386,R,9,9,9,9,9,9,9,9,9,9
1.0,3,9,9,9,9,5,9,9,9,1,9,9,9,202205,0.9168,22050387,R,9,9,9,9,9,9,9,9,9,9
1.0,3,9,9,9,9,5,9,9,9,1,9,9,9,202205,0.9168,22050388,R,9,9,9,9,9,9,9,9,9,9
1.0,3,9,9,9,9,5,9,9,9,1,9,9,9,202205,0.9168,22050389,R,9,9,9,9,9,9,9,9,9,9
1.0,3,9,9,9,9,5,9,9,9,1,9,9,9,202205,0.9168,22050390,R,9,9,9,9,9,9,9,9,9,9
1.0,3,9,9,9,9,5,9,9,9,1,9,9,9,202205,0.9168,22050391,R,9,9,9,9,9,9,9,9,9,9
1.0,3,9,9,9,9,5,9,9,9,1,9,9,9,202205,0.9168,22050392,R,9,9,9,9,9,9,9,9,9,9
1.0,3,9,9,9,9,5,9,9,9,1,9,9,9,202205,0.9168,22050393,R,9,9,9,9,9,9,9,9,9,9
1.0,3,9,9,9,9,5,9,9,9,1,9,9,9,202205,0.9168,22050394,R,9,9,9,9,9,9,9,9,9,9
1.0,3,9,9,9,9,5,9,9,9,1,9,9,9,202205,0.9168,22050395,R,9,9,9,9,9,9,9,9,9,9
1.0,3,9,9,9,9,5,9,9,9,1,9,9,9,202205,0.9168,22050396,R,9,9,9,9,9,9,9,9,9,9
1.0,3,9,9,9,9,5,9,9,9,1,9,9,9,202205,0.9168,22050397,R,9,9,9,9,9,9,9,9,9,9
1.0,3,9,9,9,9,5,9,9,9,1,9,9,9,202205,0.9168,22050398,R,9,9,9,9,9,9,9,9,9,9
1.0,3,9,9,9,9,5,9,9,9,1,9,9,9,202205,0.9168,22050399,R,9,9,9,9,9,9,9,9,9,9
1.0,3,9,9,9,9,5,9,9,9,1,9,9,9,202205,0.9168,22050400,R,9,9,9,9,9,9,9,9,9,9
1.0,3,9,9,9,9,5,9,9,9,1,9,9,9,202205,0.9168,22050401,R,9,9,9,9,9,9,9,9,9,9
1.0,3,9,9,9,9,5,9,9,9,1,9,9,9,202205,0.9168,22050402,R,9,9,9,9,9,9,9,9,9,9
1.0,3,9,9,9,9,5,9,9,9,1,9,9,9,202205,0.9168,22050403,R,9,9,9,9,9,9,9,9,9,9
1.0,3,9,9,9,9,5,9,9,9,1,9,9,9,202205,0.9168,22050404,R,9,9,9,9,9,9,9,9,9,9
1.0,3,9,9,9,9,5,9,9,9,1,9,9,9,202205,0.9168,22050405,R,9,9,9,9,9,9,9,9,9,9
1.0,3,9,9,9,9,5,9,9,9,1,9,9,9,202205,0.9168,22050406,R,9,9,9,9,9,9,9,9,9,9
1.0,3,9,9,9,9,5,9,9,9,1,9,9,9,202205,0.9168,22050407,R,9,9,9,9,9,9,9,9,9,9
1.0,3,9,9,9,9,5,9,9,9,1,9,9,9,202205,0.9168,22050408,R,9,9,9,9,9,9,9,9,9,9
1.0,3,9,9,9,9,5,9,9,9,1,9,9,9,202205,0.9168,22050409,R,9,9,9,9,9,9,9,9,9,9
1.0,3,9,9,9,9,5,9,9,9,1,9,9,9,202205,0.9168,22050410,R,9,9,9,9,9,9,9,9,9,9
1.0,3,9,9,9,9,5,9,9,9,1,9,9,9,202205,0.9168,22050411,R,9,9,9,9,9,9,9,9,9,9
1.0,3,9,9,9,9,5,9,9,9,1,9,9,9,202205,0.9168,22050412,R,9,9,9,9,9,9,9,9,9,9
1.0,3,9,9,9,9,5,9,9,9,1,9,9,9,202205,0.9168,22050413,R,9,9,9,9,9,9,9,9,9,9
1.0,3,9,9,9,9,5,9,9,9,1,9,9,9,202205,0.9168,22050414,R,9,9,9,9,9,9,9,9,9,9
1.0,3,9,9,9,9,5,9,9,9,1,9,9,9,202205,0.9168,22050415,R,9,9,9,9,9,9,9,9,9,9
1.0,3,9,9,9,9,5,9,9,9,1,9,9,9,202205,0.9168,22050416,R,9,9,9,9,9,9,9,9,9,9
1.0,3,9,9,9,9,5,9,9,9,1,9,9,9,202205,0.9168,22050417,R,9,9,9,9,9,9,9,9,9,9
1.0,3,9,9,9,9,5,9,9,9,1,9,9,9,202205,0.9168,22050418,R,9,9,9,9,9,9,9,9,9,9
1.0,3,9,9,9,9,5,9,9,9,1,9,9,9,202205,0.9168,22050419,R,9,9,9,9,9,9,9,9,9,9
1.0,3,9,9,9,9,5,9,9,9,1,9,9,9,202205,0.9168,22050420,R,9,9,9,9,9,9,9,9,9,9
1.0,3,9,9,9,9,5,9,9,9,1,9,9,9,202205,0.9168,22050421,R,9,9,9,9,9,9,9,9,9,9
1.0,3,9,9,9,9,5,9,9,9,1,9,9,9,202205,0.9168,22050422,R,9,9,9,9,9,9,9,9,9,9
1.0,3,9,9,9,9,5,9,9,9,1,9,9,9,202205,0.9168,22050423,R,9,9,9,9,9,9,9,9,9,9
1.0,3,9,9,9,9,5,9,9,9,1,9,9,9,202205,0.9168,22050424,R,9,9,9,9,9,9,9,9,9,9
1.0,3,9,9,9,9,5,9,9,9,1,9,9,9,202205,0.9168,22050425,R,9,9,9,9,9,9,9,9,9,9
1.0,3,9,9,9,9,5,9,9,9,1,9,9,9,202205,0.9168,22050426,R,9,9,9,9,9,9,9,9,9,9
1.0,3,9,9,9,9,5,9,9,9,1,9,9,9,202205,0.9168,22050427,R,9,9,9,9,9,9,9,9,9,9
1.0,3,9,9,9,9,5,9,9,9,1,9,9,9,202205,0.9168,22050428,R,9,9,9,9,9,9,9,9,9,9
1.0,3,9,9,9,9,5,9,9,9,1,9,9,9,202205,0.9168,22050429,R,9,9,9,9,9,9,9,9,9,9
1.0,3,9,9,9,9,5,9,9,9,1,9,9,9,202205,0.9168,22050430,R,9,9,9,9,9,9,9,9,9,9
1.0,3,9,9,9,9,5,9,9,9,1,9,9,9,202205,0.9168,22050431,R,9,9,9,9,9,9,9,9,9,9
1.0,3,9,9,9,9,5,9,9,9,1,9,9,9,202205,0.9168,22050432,R,9,9,9,9,9,9,9,9,9,9
1.0,3,9,9,9,9,5,9,9,9,1,9,9,9,202205,0.9168,22050433,R,9,9,9,9,9,9,9,9,9,9
1.0,3,9,9,9,9,5,9,9,9,1,9,9,9,202205,0.9168,22050434,R,9,9,9,9,9,9,9,9,9,9
1.0,3,9,9,9,9,5,9,9,9,1,9,9,9,202205,0.9168,22050435,R,9,9,9,9,9,9,9,9,9,9
1.0,3,9,9,9,9,5,9,9,9,1,9,9,9,202205,0.9168,22050436,R,9,9,9,9,9,9,9,9,9,9
1.0,3,9,9,9,9,5,9,9,9,1,9,9,9,202205,0.9168,22050437,R,9,9,9,9,9,9,9,9,9,9
1.0,3,9,9,9,9,5,9,9,9,1,9,9,9,202205,0.9168,22050438,R,9,9,9,9,9,9,9,9,9,9
1.0,3,9,9,9,9,5,9,9,9,1,9,9,9,202205,0.9168,22050439,R,9,9,9,9,9,9,9,9,9,9
1.0,3,9,9,9,9,5,9,9,9,1,9,9,9,202205,0.9168,22050440,R,9,9,9,9,9,9,9,9,9,9
1.0,3,9,9,9,9,5,9,9,9,1,9,9,9,202205,0.9168,22050441,R,9,9,9,9,9,9,9,9,9,9
1.0,3,9,9,9,9,5,9,9,9,1,9,9,9,202205,0.9168,22050442,R,9,9,9,9,9,9,9,9,9,9
1.0,3,9,9,9,9,5,9,9,9,1,9,9,9,202205,0.9168,22050443,R,9,9,9,9,9,9,9,9,9,9
1.0,3,9,9,9,9,5,9,9,9,1,9,9,9,202205,0.9168,22050444,R,9,9,9,9,9,9,9,9,9,9
1.0,3,9,9,9,9,5,9,9,9,1,9,9,9,202205,0.9168,22050445,R,9,9,9,9,9,9,9,9,9,9
1.0,3,9,9,9,9,5,9,9,9,1,9,9,9,202205,0.9168,22050446,R,9,9,9,9,9,9,9,9,9,9
1.0,3,9,9,9,9,5,9,9,9,1,9,9,9,202205,0.9168,22050447,R,9,9,9,9,9,9,9,9,9,9
1.0,3,9,9,9,9,5,9,9,9,1,9,9,9,202205,0.9168,22050448,R,9,9,9,9,9,9,9,9,9,9
1.0,3,9,9,9,9,5,9,9,9,1,9,9,9,202205,0.9168,22050449,R,9,9,9,9,9,9,9,9,9,9
1.0,3,9,9,9,9,5,9,9,9,1,9,9,9,202205,0.9168,22050450,R,9,9,9,9,9,9,9,9,9,9
1.0,3,9,9,9,9,5,9,9,9,1,9,9,9,202205,0.9168,22050451,R,9,9,9,9,9,9,9,9,9,9
1.0,3,9,9,9,9,5,9,9,9,1,9,9,9,202205,0.9168,22050452,R,9,9,9,9,9,9,9,9,9,9
1.0,3,9,9,9,9,5,9,9,9,1,9,9,9,202205,0.9168,22050453,R,9,9,9,9,9,9,9,9,9,9
1.0,3,9,9,9,9,5,9,9,9,1,9,9,9,202205,0.9168,22050454,R,9,9,9,9,9,9,9,9,9,9
1.0,3,9,9,9,9,5,9,9,9,1,9,9,9,202205,0.9168,22050455,R,9,9,9,9,9,9,9,9,9,9
1.0,3,9,9,9,9,5,9,9,9,1,9,9,9,202205,0.9168,22050456,R,9,9,9,9,9,9,9,9,9,9
1.0,3,9,9,9,9,5,9,9,9,1,9,9,9,202205,0.9168,22050457,R,9,9,9,9,9,9,9,9,9,9
1.0,3,9,9,9,9,5,9,9,9,1,9,9,9,202205,0.9168,22050458,R,9,9,9,9,9,9,9,9,9,9
1.0,3,9,9,9,9,5,9,9,9,1,9,9,9,202205,0.9168,22050459,R,9,9,9,9,9,9,9,9,9,9
1.0,3,9,9,9,9,5,9,9,9,1,9,9,9,202205,0.9168,22050460,R,9,9,9,9,9,9,9,9,9,9
1.0,3,9,9,9,9,5,9,9,9,1,9,9,9,202205,0.9168,22050461,R,9,9,9,9,9,9,9,9,9,9
1.0,3,9,9,9,9,5,9,9,9,1,9,9,9,202205,0.9168,22050462,R,9,9,9,9,9,9,9,9,9,9
1.0,3,9,9,9,9,5,9,9,9,1,9,9,9,202205,0.9168,22050463,R,9,9,9,9,9,9,9,9,9,9
1.0,3,9,9,9,9,5,9,9,9,1,9,9,9,202205,0.9168,22050464,R,9,9,9,9,9,9,9,9,9,9
1.0,3,9,9,9,9,5,9,9,9,1,9,9,9,202205,0.9168,22050465,R,9,9,9,9,9,9,9,9,9,9
1.0,3,9,9,9,9,5,9,9,9,1,9,9,9,202205,0.9168,22050466,R,9,9,9,9,9,9,9,9,9,9
1.0,3,9,9,9,9,5,9,9,9,1,9,9,9,202205,0.9168,22050467,R,9,9,9,9,9,9,9,9,9,9
1.0,3,9,9,9,9,5,9,9,9,1,9,9,9,202205,0.9168,22050468,R,9,9,9,9,9,9,9,9,9,9
1.0,3,9,9,9,9,5,9,9,9,1,9,9,9,202205,0.9168,22050469,R,9,9,9,9,9,9,9,9,9,9
1.0,3,9,9,9,9,5,9,9,9,1,9,9,9,202205,0.9168,22050470,R,9,9,9,9,9,9,9,9,9,9
1.0,3,9,9,9,9,5,9,9,9,1,9,9,9,202205,0.9168,22050471,R,9,9,9,9,9,9,9,9,9,9
1.0,3,9,9,9,9,5,9,9,9,1,9,9,9,202205,0.9168,22050472,R,9,9,9,9,9,9,9,9,9,9
1.0,3,9,9,9,9,5,9,9,9,1,9,9,9,202205,0.9168,22050473,R,9,9,9,9,9,9,9,9,9,9
1.0,3,9,9,9,9,5,9,9,9,1,9,9,9,202205,0.9168,22050474,R,9,9,9,9,9,9,9,9,9,9
1.0,3,9,9,9,9,5,9,9,9,1,9,9,9,202205,0.9168,22050475,R,9,9,9,9,9,9,9,9,9,9
1.0,3,9,9,9,9,5,9,9,9,1,9,9,9,202205,0.9168,22050476,R,9,9,9,9,9,9,9,9,9,9
1.0,3,9,9,9,9,5,9,9,9,1,9,9,9,202205,0.9168,22050477,R,9,9,9,9,9,9,9,9,9,9
1.0,3,9,9,9,9,5,9,9,9,1,9,9,9,202205,0.9168,22050478,R,9,9,9,9,9,9,9,9,9,9
1.0,3,9,9,9,9,5,9,9,9,1,9,9,9,202205,0.9168,22050479,R,9,9,9,9,9,9,9,9,9,9
1.0,3,9,9,9,9,5,9,9,9,1,9,9,9,202205,0.9168,22050480,R,9,9,9,9,9,9,9,9,9,9
1.0,3,9,9,9,9,5,9,9,9,1,9,9,9,202205,0.9168,22050481,R,9,9,9,9,9,9,9,9,9,9
1.0,3,9,9,9,9,5,9,9,9,1,9,9,9,202205,0.9168,22050482,R,9,9,9,9,9,9,9,9,9,9
1.0,3,9,9,9,9,5,9,9,9,1,9,9,9,202205,0.9168,22050483,R,9,9,9,9,9,9,9,9,9,9
1.0,3,9,9,9,9,5,9,9,9,1,9,9,9,202205,0.9168,22050484,R,9,9,9,9,9,9,9,9,9,9
1.0,3,9,9,9,9,5,9,9,9,1,9,9,9,202205,0.9168,22050485,R,9,9,9,9,9,9,9,9,9,9
1.0,3,9,9,9,9,5,9,9,9,1,9,9,9,202205,0.9168,22050486,R,9,9,9,9,9,9,9,9,9,9
1.0,3,9,9,9,9,5,9,9,9,1,9,9,9,202205,0.9168,22050487,R,9,9,9,9,9,9,9,9,9,9
1.0,3,9,9,9,9,5,9,9,9,1,9,9,9,202205,0.9168,22050488,R,9,9,9,9,9,9,9,9,9,9
1.0,3,9,9,9,9,5,9,9,9,1,9,9,9,202205,0.9168,22050489,R,9,9,9,9,9,9,9,9,9,9
1.0,3,9,9,9,9,5,9,9,9,1,9,9,9,202205,0.9168,22050490,R,9,9,9,9,9,9,9,9,9,9
1.0,3,9,9,9,9,5,9,9,9,1,9,9,9,202205,0.9168,22050491,R,9,9,9,9,9,9,9,9,9,9
1.0,3,9,9,9,9,5,9,9,9,1,9,9,9,202205,0.9168,22050492,R,9,9,9,9,9,9,9,9,9,9
1.0,3,9,9,9,9,5,9,9,9,1,9,9,9,202205,0.9168,22050493,R,9,9,9,9,9,9,9,9,9,9
1.0,3,9,9,9,9,5,9,9,9,1,9,9,9,202205,0.9168,22050494,R,9,9,9,9,9,9,9,9,9,9
1.0,3,9,9,9,9,5,9,9,9,1,9,9,9,202205,0.9168,22050495,R,9,9,9,9,9,9,9,9,9,9
1.0,3,9,9,9,9,5,9,9,9,1,9,9,9,202205,0.9168,22050496,R,9,9,9,9,9,9,9,9,9,9
1.0,3,9,9,9,9,5,9,9,9,1,9,9,9,202205,0.9168,22050497,R,9,9,9,9,9,9,9,9,9,9
1.0,3,9,9,9,9,5,9,9,9,1,9,9,9,202205,0.9168,22050498,R,9,9,9,9,9,9,9,9,9,9
1.0,3,9,9,9,9,5,9,9,9,1,9,9,9,202205,0.9168,22050499,R,9,9,9,9,9,9,9,9,9,9
1.0,3,9,9,9,9,5,9,9,9,1,9,9,9,202205,0.9168,22050500,R,9,9,9,9,9,9,9,9,9,9
1.0,3,9,9,9,9,5,9,9,9,1,9,9,9,202205,0.9168,22050501,R,9,9,9,9,9,9,9,9,9,9
1.0,3,9,9,9,9,5,9,9,9,1,9,9,9,202205,0.9168,22050502,R,9,9,9,9,9,9,9,9,9,9
1.0,3,9,9,9,9,5,9,9,9,1,9,9,9,202205,0.9168,22050503,R,9,9,9,9,9,9,9,9,9,9
1.0,3,9,9,9,9,5,9,9,9,1,9,9,9,202205,0.9168,22050504,R,9,9,9,9,9,9,9,9,9,9
1.0,3,9,9,9,9,5,9,9,9,1,9,9,9,202205,0.9168,22050505,R,9,9,9,9,9,9,9,9,9,9
1.0,3,9,9,9,9,5,9,9,9,1,9,9,9,202205,0.9168,22050506,R,9,9,9,9,9,9,9,9,9,9
1.0,3,9,9,9,9,5,9,9,9,1,9,9,9,202205,0.9168,22050507,R,9,9,9,9,9,9,9,9,9,9
1.0,3,9,9,9,9,5,9,9,9,1,9,9,9,202205,0.9168,22050508,R,9,9,9,9,9,9,9,9,9,9
1.0,3,9,9,9,9,5,9,9,9,1,9,9,9,202205,0.9168,22050509,R,9,9,9,9,9,9,9,9,9,9
1.0,3,9,9,9,9,5,9,9,9,1,9,9,9,202205,0.9168,22050510,R,9,9,9,9,9,9,9,9,9,9
1.0,3,9,9,9,9,5,9,9,9,1,9,9,9,202205,0.9168,22050511,R,9,9,9,9,9,9,9,9,9,9
1.0,3,9,9,9,9,5,9,9,9,1,9,9,9,202205,0.9168,22050512,R,9,9,9,9,9,9,9,9,9,9
1.0,3,9,9,9,9,5,9,9,9,1,9,9,9,202205,0.9168,22050513,R,9,9,9,9,9,9,9,9,9,9
1.0,3,9,9,9,9,5,9,9,9,1,9,9,9,202205,0.9168,22050514,R,9,9,9,9,9,9,9,9,9,9
1.0,3,9,9,9,9,5,9,9,9,1,9,9,9,202205,0.9168,22050515,R,9,9,9,9,9,9,9,9,9,9
1.0,3,9,9,9,9,5,9,9,9,1,9,9,9,202205,0.9168,22050516,R,9,9,9,9,9,9,9,9,9,9
1.0,3,9,9,9,9,5,9,9,9,1,9,9,9,202205,0.9168,22050517,R,9,9,9,9,9,9,9,9,9,9
1.0,3,9,9,9,9,5,9,9,9,1,9,9,9,202205,0.9168,22050518,R,9,9,9,9,9,9,9,9,9,9
1.0,3,9,9,9,9,5,9,9,9,1,9,9,9,202205,0.9168,22050519,R,9,9,9,9,9,9,9,9,9,9
1.0,3,9,9,9,9,5,9,9,9,1,9,9,9,202205,0.9168,22050520,R,9,9,9,9,9,9,9,9,9,9
1.0,3,9,9,9,9,5,9,9,9,1,9,9,9,202205,0.9168,22050521,R,9,9,9,9,9,9,9,9,9,9
1.0,3,9,9,9,9,5,9,9,9,1,9,9,9,202205,0.9168,22050522,R,9,9,9,9,9,9,9,9,9,9
1.0,3,9,9,9,9,5,9,9,9,1,9,9,9,202205,0.9168,22050523,R,9,9,9,9,9,9,9,9,9,9
1.0,3,9,9,9,9,5,9,9,9,1,9,9,9,202205,0.9168,22050524,R,9,9,9,9,9,9,9,9,9,9
1.0,3,9,9,9,9,5,9,9,9,1,9,9,9,202205,0.9168,22050525,R,9,9,9,9,9,9,9,9,9,9
1.0,3,9,9,9,9,5,9,9,9,1,9,9,9,202205,0.9168,22050526,R,9,9,9,9,9,9,9,9,9,9
1.0,3,9,9,9,9,5,9,9,9,1,9,9,9,202205,0.9168,22050527,R,9,9,9,9,9,9,9,9,9,9
1.0,3,9,9,9,9,5,9,9,9,1,9,9,9,202205,0.9168,22050528,R,9,9,9,9,9,9,9,9,9,9
1.0,3,9,9,9,9,5,9,9,9,1,9,9,9,202205,0.9168,22050529,R,9,9,9,9,9,9,9,9,9,9
1.0,3,9,9,9,9,5,9,9,9,1,9,9,9,202205,0.9168,22050530,R,9,9,9,9,9,9,9,9,9,9
1.0,3,9,9,9,9,5,9,9,9,1,9,9,9,202205,0.9168,22050531,R,9,9,9,9,9,9,9,9,9,9
1.0,3,9,9,9,9,5,9,9,9,1,9,9,9,202205,0.9168,22050532,R,9,9,9,9,9,9,9,9,9,9
1.0,3,9,9,9,9,5,9,9,9,1,9,9,9,202205,0.9168,22050533,R,9,9,9,9,9,9,9,9,9,9
1.0,3,9,9,9,9,5,9,9,9,1,9,9,9,202205,0.9168,22050534,R,9,9,9,9,9,9,9,9,9,9
1.0,3,9,9,9,9,5,9,9,9,1,9,9,9,202205,0.9168,22050535,R,9,9,9,9,9,9,9,9,9,9
1.0,3,9,9,9,9,5,9,9,9,1,9,9,9,202205,0.9168,22050536,R,9,9,9,9,9,9,9,9,9,9
1.0,3,9,9,9,9,5,9,9,9,1,9,9,9,202205,0.9168,22050537,R,9,9,9,9,9,9,9,9,9,9
1.0,3,9,9,9,9,5,9,9,9,1,9,9,9,202205,0.9168,22050538,R,9,9,9,9,9,9,9,9,9,9
1.0,3,9,9,9,9,5,9,9,9,1,9,9,9,202205,0.9168,22050539,R,9,9,9,9,9,9,9,9,9,9
1.0,3,9,9,9,9,5,9,9,9,1,9,9,9,202205,0.9168,22050540,R,9,9,9,9,9,9,9,9,9,9
1.0,3,9,9,9,9,5,9,9,9,1,9,9,9,202205,0.9168,22050541,R,9,9,9,9,9,9,9,9,9,9
1.0,3,9,9,9,9,5,9,9,9,1,9,9,9,202205,0.9168,22050542,R,9,9,9,9,9,9,9,9,9,9
1.0,3,9,9,9,9,5,9,9,9,1,9,9,9,202205,0.9168,22050543,R,9,9,9,9,9,9,9,9,9,9
1.0,3,9,9,9,9,5,9,9,9,1,9,9,9,202205,0.9168,22050544,R,9,9,9,9,9,9,9,9,9,9
1.0,3,9,9,9,9,5,9,9,9,1,9,9,9,202205,0.9168,22050545,R,9,9,9,9,9,9,9,9,9,9
1.0,3,9,9,9,9,5,9,9,9,1,9,9,9,202205,0.9168,22050546,R,9,9,9,9,9,9,9,9,9,9
1.0,3,9,9,9,9,5,9,9,9,1,9,9,9,202205,0.9168,22050547,R,9,9,9,9,9,9,9,9,9,9
1.0,3,9,9,9,9,5,9,9,9,1,9,9,9,202205,0.9168,22050548,R,9,9,9,9,9,9,9,9,9,9
1.0,3,9,9,9,9,5,9,9,9,1,9,9,9,202205,0.9168,22050549,R,9,9,9,9,9,9,9,9,9,9
1.0,3,9,9,9,9,5,9,9,9,1,9,9,9,202205,0.9168,22050550,R,9,9,9,9,9,9,9,9,9,9
1.0,3,9,9,9,9,5,9,9,9,1,9,9,9,202205,0.9168,22050551,R,9,9,9,9,9,9,9,9,9,9
1.0,3,9,9,9,9,5,9,9,9,1,9,9,9,202205,0.9168,22050552,R,9,9,9,9,9,9,9,9,9,9
1.0,3,9,9,9,9,5,9,9,9,1,9,9,9,202205,0.9168,22050553,R,9,9,9,9,9,9,9,9,9,9
1.0,3,9,9,9,9,5,9,9,9,1,9,9,9,202205,0.9168,22050554,R,9,9,9,9,9,9,9,9,9,9
1.0,3,9,9,9,9,5,9,9,9,1,9,9,9,202205,0.9168,22050555,R,9,9,9,9,9,9,9,9,9,9
1.0,3,9,9,9,9,5,9,9,9,1,9,9,9,202205,0.9168,22050556,R,9,9,9,9,9,9,9,9,9,9
1.0,3,9,9,9,9,5,9,9,9,1,9,9,9,202205,0.9168,22050557,R,9,9,9,9,9,9,9,9,9,9
1.0,3,9,9,9,9,5,9,9,9,1,9,9,9,202205,0.9168,22050558,R,9,9,9,9,9,9,9,9,9,9
1.0,3,9,9,9,9,5,9,9,9,1,9,9,9,202205,0.9168,22050559,R,9,9,9,9,9,9,9,9,9,9
1.0,3,9,9,9,9,5,9,9,9,1,9,9,9,202205,0.9168,22050560,R,9,9,9,9,9,9,9,9,9,9
1.0,3,9,9,9,9,5,9,9,9,1,9,9,9,202205,0.9168,22050561,R,9,9,9,9,9,9,9,9,9,9
1.0,3,9,9,9,9,5,9,9,9,1,9,9,9,202205,0.9168,22050562,R,9,9,9,9,9,9,9,9,9,9
1.0,3,9,9,9,9,5,9,9,9,1,9,9,9,202205,0.9168,22050563,R,9,9,9,9,9,9,9,9,9,9
1.0,3,9,9,9,9,5,9,9,9,1,9,9,9,202205,0.9168,22050564,R,9,9,9,9,9,9,9,9,9,9
1.0,3,9,9,9,9,5,9,9,9,1,9,9,9,202205,0.9168,22050565,R,9,9,9,9,9,9,9,9,9,9
1.0,3,9,9,9,9,5,9,9,9,1,9,9,9,202205,0.9168,22050566,R,9,9,9,9,9,9,9,9,9,9
1.0,3,9,9,9,9,5,9,9,9,1,9,9,9,202205,0.9168,22050567,R,9,9,9,9,9,9,9,9,9,9
1.0,3,9,9,9,9,5,9,9,9,1,9,9,9,202205,0.9168,22050568,R,9,9,9,9,9,9,9,9,9,9
1.0,3,9,9,9,9,5,9,9,9,1,9,9,9,202205,0.9168,22050569,R,9,9,9,9,9,9,9,9,9,9
1.0,3,9,9,9,9,5,9,9,9,1,9,9,9,202205,0.9168,22050570,R,9,9,9,9,9,9,9,9,9,9
1.0,3,9,9,9,9,5,9,9,9,1,9,9,9,202205,0.9168,22050571,R,9,9,9,9,9,9,9,9,9,9
1.0,3,9,9,9,9,5,9,9,9,1,9,9,9,202205,0.9168,22050572,R,9,9,9,9,9,9,9,9,9,9
1.0,3,9,9,9,9,5,9,9,9,1,9,9,9,202205,0.9168,22050573,R,9,9,9,9,9,9,9,9,9,9
1.0,3,9,9,9,9,5,9,9,9,1,9,9,9,202205,0.9168,22050574,R,9,9,9,9,9,9,9,9,9,9
1.0,3,9,9,9,9,5,9,9,9,1,9,9,9,202205,0.9168,22050575,R,9,9,9,9,9,9,9,9,9,9
1.0,3,9,9,9,9,5,9,9,9,1,9,9,9,202205,0.9168,22050576,R,9,9,9,9,9,9,9,9,9,9
1.0,3,9,9,9,9,5,9,9,9,1,9,9,9,202205,0.9168,22050577,R,9,9,9,9,9,9,9,9,9,9
1.0,3,9,9,9,9,5,9,9,9,1,9,9,9,202205,0.9168,22050578,R,9,9,9,9,9,9,9,9,9,9
1.0,3,9,9,9,9,5,9,9,9,1,9,9,9,202205,0.9168,22050579,R,9,9,9,9,9,9,9,9,9,9
1.0,3,9,9,9,9,5,9,9,9,1,9,9,9,202205,0.9168,22050580,R,9,9,9,9,9,9,9,9,9,9
1.0,3,9,9,9,9,5,9,9,9,1,9,9,9,202205,0.9168,22050581,R,9,9,9,9,9,9,9,9,9,9
1.0,3,9,9,9,9,5,9,9,9,1,9,9,9,202205,0.9168,22050582,R,9,9,9,9,9,9,9,9,9,9
1.0,3,9,9,9,9,5,9,9,9,1,9,9,9,202205,0.9168,22050583,R,9,9,9,9,9,9,9,9,9,9
1.0,3,9,9,9,9,5,9,9,9,1,9,9,9,202205,0.9168,22050584,R,9,9,9,9,9,9,9,9,9,9
1.0,3,9,9,9,9,5,9,9,9,1,9,9,9,202205,0.9168,22050585,R,9,9,9,9,9,9,9,9,9,9
1.0,3,9,9,9,9,5,9,9,9,1,9,9,9,202205,0.9168,22050586,R,9,9,9,9,9,9,9,9,9,9
1.0,3,9,9,9,9,5,9,9,9,1,9,9,9,202205,0.9168,22050587,R,9,9,9,9,9,9,9,9,9,9
1.0,3,9,9,9,9,5,9,9,9,1,9,9,9,202205,0.9168,22050588,R,9,9,9,9,9,9,9,9,9,9
1.0,3,9,9,9,9,5,9,9,9,1,9,9,9,202205,0.9168,22050589,R,9,9,9,9,9,9,9,9,9,9
1.0,3,9,9,9,9,5,9,9,9,1,9,9,9,202205,0.9168,22050590,R,9,9,9,9,9,9,9,9,9,9
1.0,3,9,9,9,9,5,9,9,9,1,9,9,9,202205,0.9168,22050591,R,9,9,9,9,9,9,9,9,9,9
1.0,3,9,9,9,9,5,9,9,9,1,9,9,9,202205,0.9168,22050592,R,9,9,9,9,9,9,9,9,9,9
1.0,3,9,9,9,9,5,9,9,9,1,9,9,9,202205,0.9168,22050593,R,9,9,9,9,9,9,9,9,9,9
1.0,3,9,9,9,9,5,9,9,9,1,9,9,9,202205,0.9168,22050594,R,9,9,9,9,9,9,9,9,9,9
1.0,3,9,9,9,9,5,9,9,9,1,9,9,9,202205,0.9168,22050595,R,9,9,9,9,9,9,9,9,9,9
1.0,3,9,9,9,9,5,9,9,9,1,9,9,9,202205,0.9168,22050596,R,9,9,9,9,9,9,9,9,9,9
1.0,3,9,9,9,9,5,9,9,9,1,9,9,9,202205,0.9168,22050597,R,9,9,9,9,9,9,9,9,9,9
1.0,3,9,9,9,9,5,9,9,9,1,9,9,9,202205,0.9168,22050598,R,9,9,9,9,9,9,9,9,9,9
1.0,3,9,9,9,9,5,9,9,9,1,9,9,9,202205,0.9168,22050599,R,9,9,9,9,9,9,9,9,9,9
1.0,3,9,9,9,9,5,9,9,9,1,9,9,9,202205,0.9168,22050600,R,9,9,9,9,9,9,9,9,9,9
1.0,3,9,9,9,9,5,9,9,9,1,9,9,9,202205,0.9168,22050601,R,9,9,9,9,9,9,9,9,9,9
1.0,3,9,9,9,9,5,9,9,9,1,9,9,9,202205,0.9168,22050602,R,9,9,9,9,9,9,9,9,9,9
1.0,3,9,9,9,9,5,9,9,9,1,9,9,9,202205,0.9168,22050603,R,9,9,9,9,9,9,9,9,9,9
1.0,3,9,9,9,9,5,9,9,9,1,9,9,9,202205,0.9168,22050604,R,9,9,9,9,9,9,9,9,9,9
1.0,3,9,9,9,9,5,9,9,9,1,9,9,9,202205,0.9168,22050605,R,9,9,9,9,9,9,9,9,9,9
1.0,3,9,9,9,9,5,9,9,9,1,9,9,9,202205,0.9168,22050606,R,9,9,9,9,9,9,9,9,9,9
1.0,3,9,9,9,9,5,9,9,9,1,9,9,9,202205,0.9168,22050607,R,9,9,9,9,9,9,9,9,9,9
1.0,3,9,9,9,9,5,9,9,9,1,9,9,9,202205,0.9168,22050608,R,9,9,9,9,9,9,9,9,9,9
1.0,3,9,9,9,9,5,9,9,9,1,9,9,9,202205,0.9168,22050609,R,9,9,9,9,9,9,9,9,9,9
1.0,3,9,9,9,9,5,9,9,9,1,9,9,9,202205,0.9168,22050610,R,9,9,9,9,9,9,9,9,9,9
1.0,3,9,9,9,9,5,9,9,9,1,9,9,9,202205,0.9168,22050611,R,9,9,9,9,9,9,9,9,9,9
1.0,3,9,9,9,9,5,9,9,9,1,9,9,9,202205,0.9168,22050612,R,9,9,9,9,9,9,9,9,9,9
1.0,3,9,9,9,9,5,9,9,9,1,9,9,9,202205,0.9168,22050613,R,9,9,9,9,9,9,9,9,9,9
1.0,3,9,9,9,9,5,9,9,9,1,9,9,9,202205,0.9168,22050614,R,9,9,9,9,9,9,9,9,9,9
1.0,3,9,9,9,9,5,9,9,9,1,9,9,9,202205,0.9168,22050615,R,9,9,9,9,9,9,9,9,9,9
1.0,3,9,9,9,9,5,9,9,9,1,9,9,9,202205,0.9168,22050616,R,9,9,9,9,9,9,9,9,9,9
1.0,3,9,9,9,9,5,9,9,9,1,9,9,9,202205,0.9168,22050617,R,9,9,9,9,9,9,9,9,9,9
1.0,3,9,9,9,9,5,9,9,9,1,9,9,9,202205,0.9168,22050618,R,9,9,9,9,9,9,9,9,9,9
1.0,3,9,9,9,9,5,9,9,9,1,9,9,9,202205,0.9168,22050619,R,9,9,9,9,9,9,9,9,9,9
1.0,3,9,9,9,9,5,9,9,9,1,9,9,9,202205,0.9168,22050620,R,9,9,9,9,9,9,9,9,9,9
1.0,3,9,9,9,9,5,9,9,9,1,9,9,9,202205,0.9168,22050621,R,9,9,9,9,9,9,9,9,9,9
1.0,3,9,9,9,9,5,9,9,9,1,9,9,9,202205,0.9168,22050622,R,9,9,9,9,9,9,9,9,9,9
1.0,3,9,9,9,9,5,9,9,9,1,9,9,9,202205,0.9168,22050623,R,9,9,9,9,9,9,9,9,9,9
1.0,3,9,9,9,9,5,9,9,9,1,9,9,9,202205,0.9168,22050624,R,9,9,9,9,9,9,9,9,9,9
1.0,3,9,9,9,9,5,9,9,9,1,9,9,9,202205,0.9168,22050625,R,9,9,9,9,9,9,9,9,9,9
1.0,3,9,9,9,9,5,9,9,9,1,9,9,9,202205,0.9168,22050626,R,9,9,9,9,9,9,9,9,9,9
1.0,3,9,9,9,9,5,9,9,9,1,9,9,9,202205,0.9168,22050627,R,9,9,9,9,9,9,9,9,9,9
1.0,3,9,9,9,9,5,9,9,9,1,9,9,9,202205,0.9168,22050628,R,9,9,9,9,9,9,9,9,9,9
1.0,3,9,9,9,9,5,9,9,9,1,9,9,9,202205,0.9168,22050629,R,9,9,9,9,9,9,9,9,9,9
1.0,3,9,9,9,9,5,9,9,9,1,9,9,9,202205,0.9168,22050630,R,9,9,9,9,9,9,9,9,9,9
1.0,3,9,9,9,9,5,9,9,9,1,9,9,9,202205,0.9168,22050631,R,9,9,9,9,9,9,9,9,9,9
1.0,3,9,9,9,9,5,9,9,9,1,9,9,9,202205,0.9168,22050632,R,9,9,9,9,9,9,9,9,9,9
1.0,3,9,9,9,9,5,9,9,9,1,9,9,9,202205,0.9168,22050633,R,9,9,9,9,9,9,9,9,9,9
1.0,3,9,9,9,9,5,9,9,9,1,9,9,9,202205,0.9168,22050634,R,9,9,9,9,9,9,9,9,9,9
1.0,3,9,9,9,9,5,9,9,9,1,9,9,9,202205,0.9168,22050635,R,9,9,9,9,9,9,9,9,9,9
1.0,3,9,9,9,9,5,9,9,9,1,9,9,9,202205,0.9168,22050636,R,9,9,9,9,9,9,9,9,9,9
1.0,3,9,9,9,9,5,9,9,9,1,9,9,9,202205,0.9168,22050637,R,9,9,9,9,9,9,9,9,9,9
1.0,3,9,9,9,9,5,9,9,9,1,9,9,9,202205,0.9168,22050638,R,9,9,9,9,9,9,9,9,9,9
1.0,3,9,9,9,9,5,9,9,9,1,9,9,9,202205,0.9168,22050639,R,9,9,9,9,9,9,9,9,9,9
1.0,3,9,9,9,9,5,9,9,9,1,9,9,9,202205,0.9168,22050640,R,9,9,9,9,9,9,9,9,9,9
1.0,3,9,9,9,9,5,9,9,9,1,9,9,9,202205,0.9168,22050641,R,9,9,9,9,9,9,9,9,9,9
1.0,3,9,9,9,9,5,9,9,9,1,9,9,9,202205,0.9168,22050642,R,9,9,9,9,9,9,9,9,9,9
1.0,3,9,9,9,9,5,9,9,9,1,9,9,9,202205,0.9168,22050643,R,9,9,9,9,9,9,9,9,9,9
1.0,3,9,9,9,9,5,9,9,9,1,9,9,9,202205,0.9168,22050644,R,9,9,9,9,9,9,9,9,9,9
1.0,3,9,9,9,9,5,9,9,9,1,9,9,9,202205,0.9168,22050645,R,9,9,9,9,9,9,9,9,9,9
1.0,3,9,9,9,9,5,9,9,9,1,9,9,9,202205,0.9168,22050646,R,9,9,9,9,9,9,9,9,9,9
1.0,3,9,9,9,9,5,9,9,9,1,9,9,9,202205,0.9168,22050647,R,9,9,9,9,9,9,9,9,9,9
1.0,3,9,9,9,9,5,9,9,9,1,9,9,9,202205,0.9168,22050648,R,9,9,9,9,9,9,9,9,9,9
1.0,3,9,9,9,9,5,9,9,9,1,9,9,9,202205,0.9168,22050649,R,9,9,9,9,9,9,9,9,9,9
1.0,3,9,9,9,9,5,9,9,9,1,9,9,9,202205,0.9168,22050650,R,9,9,9,9,9,9,9,9,9,9
1.0,3,9,9,9,9,5,9,9,9,1,9,9,9,202205,0.9168,22050651,R,9,9,9,9,9,9,9,9,9,9
1.0,3,9,9,9,9,5,9,9,9,1,9,9,9,202205,0.9168,22050652,R,9,9,9,9,9,9,9,9,9,9
1.0,3,9,9,9,9,5,9,9,9,1,9,9,9,202205,0.9168,22050653,R,9,9,9,9,9,9,9,9,9,9
1.0,3,9,9,9,9,5,9,9,9,1,9,9,9,202205,0.9168,22050654,R,9,9,9,9,9,9,9,9,9,9
1.0,3,9,9,9,9,5,9,9,9,1,9,9,9,202205,0.9168,22050655,R,9,9,9,9,9,9,9,9,9,9
1.0,3,9,9,9,9,5,9,9,9,1,9,9,9,202205,0.9168,22050656,R,9,9,9,9,9,9,9,9,9,9
1.0,3,9,9,9,9,5,9,9,9,1,9,9,9,202205,0.9168,22050657,R,9,9,9,9,9,9,9,9,9,9
1.0,3,9,9,9,9,5,9,9,9,1,9,9,9,202205,0.9168,22050658,R,9,9,9,9,9,9,9,9,9,9
1.0,3,9,9,9,9,5,9,9,9,1,9,9,9,202205,0.9168,22050659,R,9,9,9,9,9,9,9,9,9,9
1.0,3,9,9,9,9,5,9,9,9,1,9,9,9,202205,0.9168,22050660,R,9,9,9,9,9,9,9,9,9,9
1.0,3,9,9,9,9,5,9,9,9,1,9,9,9,202205,0.9168,22050661,R,9,9,9,9,9,9,9,9,9,9
1.0,3,9,9,9,9,5,9,9,9,1,9,9,9,202205,0.9168,22050662,R,9,9,9,9,9,9,9,9,9,9
12.7667,3,9,9,9,9,5,9,9,9,1,9,9,9,202205,0.9168,22050663,R,9,9,9,9,9,9,9,9,9,9
12.7667,3,9,9,9,9,5,9,9,9,1,9,9,9,202205,0.9168,22050664,R,9,9,9,9,9,9,9,9,9,9
1.0,3,9,9,9,9,5,9,9,9,1,9,9,9,202205,0.9168,22050665,R,9,9,9,9,9,9,9,9,9,9
1.0,3,9,9,9,9,5,9,9,9,1,9,9,9,202205,0.9168,22050666,R,9,9,9,9,9,9,9,9,9,9
1.0,3,9,9,9,9,5,9,9,9,1,9,9,9,202205,0.9168,22050667,R,9,9,9,9,9,9,9,9,9,9
1.0,3,9,9,9,9,5,9,9,9,1,9,9,9,202205,0.9168,22050668,R,9,9,9,9,9,9,9,9,9,9
1.0,3,9,9,9,9,5,9,9,9,1,9,9,9,202205,0.9168,22050669,R,9,9,9,9,9,9,9,9,9,9
1.0,3,9,9,9,9,5,9,9,9,1,9,9,9,202205,0.9168,22050670,R,9,9,9,9,9,9,9,9,9,9
1.0,3,9,9,9,9,5,9,9,9,1,9,9,9,202205,0.9168,22050671,R,9,9,9,9,9,9,9,9,9,9
1.0,3,9,9,9,9,5,9,9,9,1,9,9,9,202205,0.9168,22050672,R,9,9,9,9,9,9,9,9,9,9
1.0,3,9,9,9,9,5,9,9,9,1,9,9,9,202205,0.9168,22050673,R,9,9,9,9,9,9,9,9,9,9
1.0,3,9,9,9,9,5,9,9,9,1,9,9,9,202205,0.9168,22050674,R,9,9,9,9,9,9,9,9,9,9
1.0,3,9,9,9,9,5,9,9,9,1,9,9,9,202205,0.9168,22050675,R,9,9,9,9,9,9,9,9,9,9
1.0,3,9,9,9,9,5,9,9,9,1,9,9,9,202205,0.9168,22050676,R,9,9,9,9,9,9,9,9,9,9
1.0,3,9,9,9,9,5,9,9,9,1,9,9,9,202205,0.9168,22050677,R,9,9,9,9,9,9,9,9,9,9
1.0,3,9,9,9,9,5,9,9,9,1,9,9,9,202205,0.9168,22050678,R,9,9,9,9,9,9,9,9,9,9
1.0,3,9,9,9,9,5,9,9,9,1,9,9,9,202205,0.9168,22050679,R,9,9,9,9,9,9,9,9,9,9
1.0,3,9,9,9,9,5,9,9,9,1,9,9,9,202205,0.9168,22050680,R,9,9,9,9,9,9,9,9,9,9
1.0,3,9,9,9,9,5,9,9,9,1,9,9,9,202205,0.9168,22050681,R,9,9,9,9,9,9,9,9,9,9
1.0,3,9,9,9,9,5,9,9,9,1,9,9,9,202205,0.9168,22050682,R,9,9,9,9,9,9,9,9,9,9
1.0,3,9,9,9,9,5,9,9,9,1,9,9,9,202205,0.9168,22050683,R,9,9,9,9,9,9,9,9,9,9
1.0,3,9,9,9,9,5,9,9,9,1,9,9,9,202205,0.9168,22050684,R,9,9,9,9,9,9,9,9,9,9
1.0,3,9,9,9,9,5,9,9,9,1,9,9,9,202205,0.9168,22050685,R,9,9,9,9,9,9,9,9,9,9
1.0,3,9,9,9,9,5,9,9,9,1,9,9,9,202205,0.9168,22050686,R,9,9,9,9,9,9,9,9,9,9
1.0,3,9,9,9,9,5,9,9,9,1,9,9,9,202205,0.9168,22050687,R,9,9,9,9,9,9,9,9,9,9
1.0,3,9,9,9,9,5,9,9,9,1,9,9,9,202205,0.9168,22050688,R,9,9,9,9,9,9,9,9,9,9
1.0,3,9,9,9,9,5,9,9,9,1,9,9,9,202205,0.9168,22050689,R,9,9,9,9,9,9,9,9,9,9
1.0,3,9,9,9,9,5,9,9,9,1,9,9,9,202205,0.9168,22050690,R,9,9,9,9,9,9,9,9,9,9
1.0,3,9,9,9,9,5,9,9,9,1,9,9,9,202205,0.9168,22050691,R,9,9,9,9,9,9,9,9,9,9
1.0,3,9,9,9,9,5,9,9,9,1,9,9,9,202205,0.9168,22050692,R,9,9,9,9,9,9,9,9,9,9
1.0,3,9,9,9,9,5,9,9,9,1,9,9,9,202205,0.9168,22050693,R,9,9,9,9,9,9,9,9,9,9
1.0,3,9,9,9,9,5,9,9,9,1,9,9,9,202205,0.9168,22050694,R,9,9,9,9,9,9,9,9,9,9
1.0,3,9,9,9,9,5,9,9,9,1,9,9,9,202205,0.9168,22050695,R,9,9,9,9,9,9,9,9,9,9
1.0,3,9,9,9,9,5,9,9,9,1,9,9,9,202205,0.9168,22050696,R,9,9,9,9,9,9,9,9,9,9
1.0,3,9,9,9,9,5,9,9,9,1,9,9,9,202205,0.9168,22050697,R,9,9,9,9,9,9,9,9,9,9
1.0,3,9,9,9,9,5,9,9,9,1,9,9,9,202205,0.9168,22050698,R,9,9,9,9,9,9,9,9,9,9
1.0,3,9,9,9,9,5,9,9,9,1,9,9,9,202205,0.9168,22050699,R,9,9,9,9,9,9,9,9,9,9
1.0,3,9,9,9,9,5,9,9,9,1,9,9,9,202205,0.9168,22050700,R,9,9,9,9,9,9,9,9,9,9
1.0,3,9,9,9,9,5,9,9,9,1,9,9,9,202205,0.9168,22050701,R,9,9,9,9,9,9,9,9,9,9
1.0,3,9,9,9,9,5,9,9,9,1,9,9,9,202205,0.9168,22050702,R,9,9,9,9,9,9,9,9,9,9
1.0,3,9,9,9,9,5,9,9,9,1,9,9,9,202205,0.9168,22050703,R,9,9,9,9,9,9,9,9,9,9
1.0,3,9,9,9,9,5,9,9,9,1,9,9,9,202205,0.9168,22050704,R,9,9,9,9,9,9,9,9,9,9
1.0,3,9,9,9,9,5,9,9,9,1,9,9,9,202205,0.9168,22050705,R,9,9,9,9,9,9,9,9,9,9
1.0,3,9,9,9,9,5,9,9,9,1,9,9,9,202205,0.9168,22050706,R,9,9,9,9,9,9,9,9,9,9
1.0,3,9,9,9,9,5,9,9,9,1,9,9,9,202205,0.9168,22050707,R,9,9,9,9,9,9,9,9,9,9
1.0,3,9,9,9,9,5,9,9,9,1,9,9,9,202205,0.9168,22050708,R,9,9,9,9,9,9,9,9,9,9
1.0,3,9,9,9,9,5,9,9,9,1,9,9,9,202205,0.9168,22050709,R,9,9,9,9,9,9,9,9,9,9
1.0,3,9,9,9,9,5,9,9,9,1,9,9,9,202205,0.9168,22050710,R,9,9,9,9,9,9,9,9,9,9
1.0,3,9,9,9,9,5,9,9,9,1,9,9,9,202205,0.9168,22050711,R,9,9,9,9,9,9,9,9,9,9
1.0,3,9,9,9,9,5,9,9,9,1,9,9,9,202205,0.9168,22050712,R,9,9,9,9,9,9,9,9,9,9
1.0,3,9,9,9,9,5,9,9,9,1,9,9,9,202205,0.9168,22050713,R,9,9,9,9,9,9,9,9,9,9
1.0,3,9,9,9,9,5,9,9,9,1,9,9,9,202205,0.9168,22050714,R,9,9,9,9,9,9,9,9,9,9
1.0,3,9,9,9,9,5,9,9,9,1,9,9,9,202205,0.9168,22050715,R,9,9,9,9,9,9,9,9,9,9
1.0,3,9,9,9,9,5,9,9,9,1,9,9,9,202205,0.9168,22050716,R,9,9,9,9,9,9,9,9,9,9
1.0,3,9,9,9,9,5,9,9,9,1,9,9,9,202205,0.9168,22050717,R,9,9,9,9,9,9,9,9,9,9
1.0,3,9,9,9,9,5,9,9,9,1,9,9,9,202205,0.9168,22050718,R,9,9,9,9,9,9,9,9,9,9
1.0,3,9,9,9,9,5,9,9,9,1,9,9,9,202205,0.9168,22050719,R,9,9,9,9,9,9,9,9,9,9
1.0,3,9,9,9,9,5,9,9,9,1,9,9,9,202205,0.9168,22050720,R,9,9,9,9,9,9,9,9,9,9
1.0,3,9,9,9,9,5,9,9,9,1,9,9,9,202205,0.9168,22050721,R,9,9,9,9,9,9,9,9,9,9
1.0,3,9,9,9,9,5,9,9,9,1,9,9,9,202205,0.9168,22050722,R,9,9,9,9,9,9,9,9,9,9
1.0,3,9,9,9,9,5,9,9,9,1,9,9,9,202205,0.9168,22050723,R,9,9,9,9,9,9,9,9,9,9
1.0,3,9,9,9,9,5,9,9,9,1,9,9,9,202205,0.9168,22050724,R,9,9,9,9,9,9,9,9,9,9
1.0,3,9,9,9,9,5,9,9,9,1,9,9,9,202205,0.9168,22050725,R,9,9,9,9,9,9,9,9,9,9
1.0,3,9,9,9,9,5,9,9,9,1,9,9,9,202205,0.9168,22050726,R,9,9,9,9,9,9,9,9,9,9
1.0,3,9,9,9,9,5,9,9,9,1,9,9,9,202205,0.9168,22050727,R,9,9,9,9,9,9,9,9,9,9
1.0,3,9,9,9,9,5,9,9,9,1,9,9,9,202205,0.9168,22050728,R,9,9,9,9,9,9,9,9,9,9
1.0,3,9,9,9,9,5,9,9,9,1,9,9,9,202205,0.9168,22050729,R,9,9,9,9,9,9,9,9,9,9
1.0,3,9,9,9,9,5,9,9,9,1,9,9,9,202205,0.9168,22050730,R,9,9,9,9,9,9,9,9,9,9
1.0,3,9,9,9,9,5,9,9,9,1,9,9,9,202205,0.9168,22050731,R,9,9,9,9,9,9,9,9,9,9
1.0,3,9,9,9,9,5,9,9,9,1,9,9,9,202205,0.9168,22050732,R,9,9,9,9,9,9,9,9,9,9
1.0,3,9,9,9,9,5,9,9,9,1,9,9,9,202205,0.9168,22050733,R,9,9,9,9,9,9,9,9,9,9
1.0,3,9,9,9,9,5,9,9,9,1,9,9,9,202205,0.9168,22050734,R,9,9,9,9,9,9,9,9,9,9
1.0,3,9,9,9,9,5,9,9,9,1,9,9,9,202205,0.9168,22050735,R,9,9,9,9,9,9,9,9,9,9
1.0,3,9,9,9,9,5,9,9,9,1,9,9,9,202205,0.9168,22050736,R,9,9,9,9,9,9,9,9,9,9
1.0,3,9,9,9,9,5,9,9,9,1,9,9,9,202205,0.9168,22050737,R,9,9,9,9,9,9,9,9,9,9
1.0,3,9,9,9,9,5,9,9,9,1,9,9,9,202205,0.9168,22050738,R,9,9,9,9,9,9,9,9,9,9
1.0,3,9,9,9,9,5,9,9,9,1,9,9,9,202205,0.9168,22050739,R,9,9,9,9,9,9,9,9,9,9
1.0,3,9,9,9,9,5,9,9,9,1,9,9,9,202205,0.9168,22050740,R,9,9,9,9,9,9,9,9,9,9
1.0,3,9,9,9,9,5,9,9,9,1,9,9,9,202205,0.9168,22050741,R,9,9,9,9,9,9,9,9,9,9
1.0,3,9,9,9,9,5,9,9,9,1,9,9,9,202205,0.9168,22050742,R,9,9,9,9,9,9,9,9,9,9
1.0,3,9,9,9,9,5,9,9,9,1,9,9,9,202205,0.9168,22050743,R,9,9,9,9,9,9,9,9,9,9
1.0,3,9,9,9,9,5,9,9,9,1,9,9,9,202205,0.9168,22050744,R,9,9,9,9,9,9,9,9,9,9
1.0,3,9,9,9,9,5,9,9,9,1,9,9,9,202205,0.9168,22050745,R,9,9,9,9,9,9,9,9,9,9
1.0,3,9,9,9,9,5,9,9,9,1,9,9,9,202205,0.9168,22050746,R,9,9,9,9,9,9,9,9,9,9
1.0,3,9,9,9,9,5,9,9,9,1,9,9,9,202205,0.9168,22050747,R,9,9,9,9,9,9,9,9,9,9
1.0,3,9,9,9,9,5,9,9,9,1,9,9,9,202205,0.9168,22050748,R,9,9,9,9,9,9,9,9,9,9
1.0,3,9,9,9,9,5,9,9,9,1,9,9,9,202205,0.9168,22050749,R,9,9,9,9,9,9,9,9,9,9
1.0,3,9,9,9,9,5,9,9,9,1,9,9,9,202205,0.9168,22050750,R,9,9,9,9,9,9,9,9,9,9
1.0,3,9,9,9,9,5,9,9,9,1,9,9,9,202205,0.9168,22050751,R,9,9,9,9,9,9,9,9,9,9
1.0,3,9,9,9,9,5,9,9,9,1,9,9,9,202205,0.9168,22050752,R,9,9,9,9,9,9,9,9,9,9
1.0,3,9,9,9,9,5,9,9,9,1,9,9,9,202205,0.9168,22050753,R,9,9,9,9,9,9,9,9,9,9
1.0,3,9,9,9,9,5,9,9,9,1,9,9,9,202205,0.9168,22050754,R,9,9,9,9,9,9,9,9,9,9
1.0,3,9,9,9,9,5,9,9,9,1,9,9,9,202205,0.9168,22050755,R,9,9,9,9,9,9,9,9,9,9
1.0,3,9,9,9,9,5,9,9,9,1,9,9,9,202205,0.9168,22050756,R,9,9,9,9,9,9,9,9,9,9
1.0,3,9,9,9,9,5,9,9,9,1,9,9,9,202205,0.9168,22050757,R,9,9,9,9,9,9,9,9,9,9
1.0,3,9,9,9,9,5,9,9,9,1,9,9,9,202205,0.9168,22050758,R,9,9,9,9,9,9,9,9,9,9
1.0,3,9,9,9,9,5,9,9,9,1,9,9,9,202205,0.9168,22050759,R,9,9,9,9,9,9,9,9,9,9
1.0,3,9,9,9,9,5,9,9,9,1,9,9,9,202205,0.9168,22050760,R,9,9,9,9,9,9,9,9,9,9
1.0,3,9,9,9,9,5,9,9,9,1,9,9,9,202205,0.9168,22050761,R,9,9,9,9,9,9,9,9,9,9
1.0,3,9,9,9,9,5,9,9,9,1,9,9,9,202205,0.9168,22050762,R,9,9,9,9,9,9,9,9,9,9
1.0,3,9,9,9,9,5,9,9,9,1,9,9,9,202205,0.9168,22050763,R,9,9,9,9,9,9,9,9,9,9
1.0,3,9,9,9,9,5,9,9,9,1,9,9,9,202205,0.9168,22050764,R,9,9,9,9,9,9,9,9,9,9
1.0,3,9,9,9,9,5,9,9,9,1,9,9,9,202205,0.9168,22050765,R,9,9,9,9,9,9,9,9,9,9
1.0,3,9,9,9,9,5,9,9,9,1,9,9,9,202205,0.9168,22050766,R,9,9,9,9,9,9,9,9,9,9
1.0,3,9,9,9,9,5,9,9,9,1,9,9,9,202205,0.9168,22050767,R,9,9,9,9,9,9,9,9,9,9
1.0,3,9,9,9,9,5,9,9,9,1,9,9,9,202205,0.9168,22050768,R,9,9,9,9,9,9,9,9,9,9
1.0,3,9,9,9,9,5,9,9,9,1,9,9,9,202205,0.9168,22050769,R,9,9,9,9,9,9,9,9,9,9
1.0,3,9,9,9,9,5,9,9,9,1,9,9,9,202205,0.9168,22050770,R,9,9,9,9,9,9,9,9,9,9
1.0,3,9,9,9,9,5,9,9,9,1,9,9,9,202205,0.9168,22050771,R,9,9,9,9,9,9,9,9,9,9
1.0,3,9,9,9,9,5,9,9,9,1,9,9,9,202205,0.9168,22050772,R,9,9,9,9,9,9,9,9,9,9
1.0,3,9,9,9,9,5,9,9,9,1,9,9,9,202205,0.9168,22050773,R,9,9,9,9,9,9,9,9,9,9
1.0,3,9,9,9,9,5,9,9,9,1,9,9,9,202205,0.9168,22050774,R,9,9,9,9,9,9,9,9,9,9
1.0,3,9,9,9,9,5,9,9,9,1,9,9,9,202205,0.9168,22050775,R,9,9,9,9,9,9,9,9,9,9
1.0,3,9,9,9,9,5,9,9,9,1,9,9,9,202205,0.9168,22050776,R,9,9,9,9,9,9,9,9,9,9
1.0,3,9,9,9,9,5,9,9,9,1,9,9,9,202205,0.9168,22050777,R,9,9,9,9,9,9,9,9,9,9
1.0,3,9,9,9,9,5,9,9,9,1,9,9,9,202205,0.9168,22050778,R,9,9,9,9,9,9,9,9,9,9
1.0,3,9,9,9,9,5,9,9,9,1,9,9,9,202205,0.9168,22050779,R,9,9,9,9,9,9,9,9,9,9
1.0,3,9,9,9,9,5,9,9,9,1,9,9,9,202205,0.9168,22050780,R,9,9,9,9,9,9,9,9,9,9
1.0,3,9,9,9,9,5,9,9,9,1,9,9,9,202205,0.9168,22050781,R,9,9,9,9,9,9,9,9,9,9
1.0,3,9,9,9,9,5,9,9,9,1,9,9,9,202205,0.9168,22050782,R,9,9,9,9,9,9,9,9,9,9
1.0,3,9,9,9,9,5,9,9,9,1,9,9,9,202205,0.9168,22050783,R,9,9,9,9,9,9,9,9,9,9
1.0,3,9,9,9,9,5,9,9,9,1,9,9,9,202205,0.9168,22050784,R,9,9,9,9,9,9,9,9,9,9
1.0,3,9,9,9,9,5,9,9,9,1,9,9,9,202205,0.9168,22050785,R,9,9,9,9,9,9,9,9,9,9
1.0,3,9,9,9,9,5,9,9,9,1,9,9,9,202205,0.9168,22050786,R,9,9,9,9,9,9,9,9,9,9
1.0,3,9,9,9,9,5,9,9,9,1,9,9,9,202205,0.9168,22050787,R,9,9,9,9,9,9,9,9,9,9
1.0,3,9,9,9,9,5,9,9,9,1,9,9,9,202205,0.9168,22050788,R,9,9,9,9,9,9,9,9,9,9
1.0,3,9,9,9,9,5,9,9,9,1,9,9,9,202205,0.9168,22050789,R,9,9,9,9,9,9,9,9,9,9
1.0,3,9,9,9,9,5,9,9,9,1,9,9,9,202205,0.9168,22050790,R,9,9,9,9,9,9,9,9,9,9
1.0,3,9,9,9,9,5,9,9,9,1,9,9,9,202205,0.9168,22050791,R,9,9,9,9,9,9,9,9,9,9
1.0,3,9,9,9,9,5,9,9,9,1,9,9,9,202205,0.9168,22050792,R,9,9,9,9,9,9,9,9,9,9
1.0,3,9,9,9,9,5,9,9,9,1,9,9,9,202205,0.9168,22050793,R,9,9,9,9,9,9,9,9,9,9
1.0,3,9,9,9,9,5,9,9,9,1,9,9,9,202205,0.9168,22050794,R,9,9,9,9,9,9,9,9,9,9
1.0,3,9,9,9,9,5,9,9,9,1,9,9,9,202205,0.9168,22050795,R,9,9,9,9,9,9,9,9,9,9
1.0,3,9,9,9,9,5,9,9,9,1,9,9,9,202205,0.9168,22050796,R,9,9,9,9,9,9,9,9,9,9
1.0,3,9,9,9,9,5,9,9,9,1,9,9,9,202205,0.9168,22050797,R,9,9,9,9,9,9,9,9,9,9
1.0,3,9,9,9,9,5,9,9,9,1,9,9,9,202205,0.9168,22050798,R,9,9,9,9,9,9,9,9,9,9
1.0,3,9,9,9,9,5,9,9,9,1,9,9,9,202205,0.9168,22050799,R,9,9,9,9,9,9,9,9,9,9
1.0,3,9,9,9,9,5,9,9,9,1,9,9,9,202205,0.9168,22050800,R,9,9,9,9,9,9,9,9,9,9
1.0,3,9,9,9,9,5,9,9,9,1,9,9,9,202205,0.9168,22050801,R,9,9,9,9,9,9,9,9,9,9
1.0,3,9,9,9,9,5,9,9,9,1,9,9,9,202205,0.9168,22050802,R,9,9,9,9,9,9,9,9,9,9
1.0,3,9,9,9,9,5,9,9,9,1,9,9,9,202205,0.9168,22050803,R,9,9,9,9,9,9,9,9,9,9
1.0,3,9,9,9,9,5,9,9,9,1,9,9,9,202205,0.9168,22050804,R,9,9,9,9,9,9,9,9,9,9
1.0,3,9,9,9,9,5,9,9,9,1,9,9,9,202205,0.9168,22050805,R,9,9,9,9,9,9,9,9,9,9
1.0,3,9,9,9,9,5,9,9,9,1,9,9,9,202205,0.9168,22050806,R,9,9,9,9,9,9,9,9,9,9
1.0,3,9,9,9,9,5,9,9,9,1,9,9,9,202205,0.9168,22050807,R,9,9,9,9,9,9,9,9,9,9
1.0,3,9,9,9,9,5,9,9,9,1,9,9,9,202205,0.9168,22050808,R,9,9,9,9,9,9,9,9,9,9
1.0,3,9,9,9,9,5,9,9,9,1,9,9,9,202205,0.9168,22050809,R,9,9,9,9,9,9,9,9,9,9
1.0,3,9,9,9,9,5,9,9,9,1,9,9,9,202205,0.9168,22050810,R,9,9,9,9,9,9,9,9,9,9
1.0,3,9,9,9,9,5,9,9,9,1,9,9,9,202205,0.9168,22050811,R,9,9,9,9,9,9,9,9,9,9
1.0,3,9,9,9,9,5,9,9,9,1,9,9,9,202205,0.9168,22050812,R,9,9,9,9,9,9,9,9,9,9
1.0,3,9,9,9,9,5,9,9,9,1,9,9,9,202205,0.9168,22050813,R,9,9,9,9,9,9,9,9,9,9
1.0,3,9,9,9,9,5,9,9,9,1,9,9,9,202205,0.9168,22050814,R,9,9,9,9,9,9,9,9,9,9
1.0,3,9,9,9,9,5,9,9,9,1,9,9,9,202205,0.9168,22050815,R,9,9,9,9,9,9,9,9,9,9
1.0,3,9,9,9,9,5,9,9,9,1,9,9,9,202205,0.9168,22050816,R,9,9,9,9,9,9,9,9,9,9
1.0,3,9,9,9,9,5,9,9,9,1,9,9,9,202205,0.9168,22050817,R,9,9,9,9,9,9,9,9,9,9
1.0,3,9,9,9,9,5,9,9,9,1,9,9,9,202205,0.9168,22050818,R,9,9,9,9,9,9,9,9,9,9
1.0,3,9,9,9,9,5,9,9,9,1,9,9,9,202205,0.9168,22050819,R,9,9,9,9,9,9,9,9,9,9
1.0,3,9,9,9,9,5,9,9,9,1,9,9,9,202205,0.9168,22050820,R,9,9,9,9,9,9,9,9,9,9
1.0,3,9,9,9,9,5,9,9,9,1,9,9,9,202205,0.9168,22050821,R,9,9,9,9,9,9,9,9,9,9
1.0,3,9,9,9,9,5,9,9,9,1,9,9,9,202205,0.9168,22050822,R,9,9,9,9,9,9,9,9,9,9
1.0,3,9,9,9,9,5,9,9,9,1,9,9,9,202205,0.9168,22050823,R,9,9,9,9,9,9,9,9,9,9
1.0,3,9,9,9,9,5,9,9,9,1,9,9,9,202205,0.9168,22050824,R,9,9,9,9,9,9,9,9,9,9
1.0,3,9,9,9,9,5,9,9,9,1,9,9,9,202205,0.9168,22050825,R,9,9,9,9,9,9,9,9,9,9
1.0,3,9,9,9,9,5,9,9,9,1,9,9,9,202205,0.9168,22050826,R,9,9,9,9,9,9,9,9,9,9
1.0,3,9,9,9,9,5,9,9,9,1,9,9,9,202205,0.9168,22050827,R,9,9,9,9,9,9,9,9,9,9
1.0,3,9,9,9,9,5,9,9,9,1,9,9,9,202205,0.9168,22050828,R,9,9,9,9,9,9,9,9,9,9
1.0,3,9,9,9,9,5,9,9,9,1,9,9,9,202205,0.9168,22050829,R,9,9,9,9,9,9,9,9,9,9
1.0,3,9,9,9,9,5,9,9,9,1,9,9,9,202205,0.9168,22050830,R,9,9,9,9,9,9,9,9,9,9
1.0,3,9,9,9,9,5,9,9,9,1,9,9,9,202205,0.9168,22050831,R,9,9,9,9,9,9,9,9,9,9
1.0,3,9,9,9,9,5,9,9,9,1,9,9,9,202205,0.9168,22050832,R,9,9,9,9,9,9,9,9,9,9
1.0,3,9,9,9,9,5,9,9,9,1,9,9,9,202205,0.9168,22050833,R,9,9,9,9,9,9,9,9,9,9
1.0,3,9,9,9,9,5,9,9,9,1,9,9,9,202205,0.9168,22050834,R,9,9,9,9,9,9,9,9,9,9
1.0,3,9,9,9,9,5,9,9,9,1,9,9,9,202205,0.9168,22050835,R,9,9,9,9,9,9,9,9,9,9
1.0,3,9,9,9,9,5,9,9,9,1,9,9,9,202205,0.9168,22050836,R,9,9,9,9,9,9,9,9,9,9
1.0,3,9,9,9,9,5,9,9,9,1,9,9,9,202205,0.9168,22050837,R,9,9,9,9,9,9,9,9,9,9
1.0,3,9,9,9,9,5,9,9,9,1,9,9,9,202205,0.9168,22050838,R,9,9,9,9,9,9,9,9,9,9
1.0,3,9,9,9,9,5,9,9,9,1,9,9,9,202205,0.9168,22050839,R,9,9,9,9,9,9,9,9,9,9
1.0,3,9,9,9,9,5,9,9,9,1,9,9,9,202205,0.9168,22050840,R,9,9,9,9,9,9,9,9,9,9
1.0,3,9,9,9,9,5,9,9,9,1,9,9,9,202205,0.9168,22050841,R,9,9,9,9,9,9,9,9,9,9
1.0,3,9,9,9,9,5,9,9,9,1,9,9,9,202205,0.9168,22050842,R,9,9,9,9,9,9,9,9,9,9
1.0,3,9,9,9,9,5,9,9,9,1,9,9,9,202205,0.9168,22050843,R,9,9,9,9,9,9,9,9,9,9
1.0,3,9,9,9,9,5,9,9,9,1,9,9,9,202205,0.9168,22050844,R,9,9,9,9,9,9,9,9,9,9
1.0,3,9,9,9,9,5,9,9,9,1,9,9,9,202205,0.9168,22050845,R,9,9,9,9,9,9,9,9,9,9
1.0,3,9,9,9,9,5,9,9,9,1,9,9,9,202205,0.9168,22050846,R,9,9,9,9,9,9,9,9,9,9
1.0,3,9,9,9,9,5,9,9,9,1,9,9,9,202205,0.9168,22050847,R,9,9,9,9,9,9,9,9,9,9
1.0,3,9,9,9,9,5,9,9,9,1,9,9,9,202205,0.9168,22050848,R,9,9,9,9,9,9,9,9,9,9
1.0,3,9,9,9,9,5,9,9,9,1,9,9,9,202205,0.9168,22050849,R,9,9,9,9,9,9,9,9,9,9
1.0,3,9,9,9,9,5,9,9,9,1,9,9,9,202205,0.9168,22050850,R,9,9,9,9,9,9,9,9,9,9
1.0,3,9,9,9,9,5,9,9,9,1,9,9,9,202205,0.9168,22050851,R,9,9,9,9,9,9,9,9,9,9
1.0,3,9,9,9,9,5,9,9,9,1,9,9,9,202205,0.9168,22050852,R,9,9,9,9,9,9,9,9,9,9
1.0,3,9,9,9,9,5,9,9,9,1,9,9,9,202205,0.9168,22050853,R,9,9,9,9,9,9,9,9,9,9
1.0,3,9,9,9,9,5,9,9,9,1,9,9,9,202205,0.9168,22050854,R,9,9,9,9,9,9,9,9,9,9
1.0,3,9,9,9,9,5,9,9,9,1,9,9,9,202205,0.9168,22050855,R,9,9,9,9,9,9,9,9,9,9
1.0,3,9,9,9,9,5,9,9,9,1,9,9,9,202205,0.9168,22050856,R,9,9,9,9,9,9,9,9,9,9
1.0,3,9,9,9,9,5,9,9,9,1,9,9,9,202205,0.9168,22050857,R,9,9,9,9,9,9,9,9,9,9
1.0,3,9,9,9,9,5,9,9,9,1,9,9,9,202205,0.9168,22050858,R,9,9,9,9,9,9,9,9,9,9
1.0,3,9,9,9,9,5,9,9,9,1,9,9,9,202205,0.9168,22050859,R,9,9,9,9,9,9,9,9,9,9
1.0,3,9,9,9,9,5,9,9,9,1,9,9,9,202205,0.9168,22050860,R,9,9,9,9,9,9,9,9,9,9
1.0,3,9,9,9,9,5,9,9,9,1,9,9,9,202205,0.9168,22050861,R,9,9,9,9,9,9,9,9,9,9
1.0,3,9,9,9,9,5,9,9,9,1,9,9,9,202205,0.9168,22050862,R,9,9,9,9,9,9,9,9,9,9
1.0,3,9,9,9,9,5,9,9,9,1,9,9,9,202205,0.9168,22050863,R,9,9,9,9,9,9,9,9,9,9
1.0,3,9,9,9,9,5,9,9,9,1,9,9,9,202205,0.9168,22050864,R,9,9,9,9,9,9,9,9,9,9
1.0,3,9,9,9,9,5,9,9,9,1,9,9,9,202205,0.9168,22050865,R,9,9,9,9,9,9,9,9,9,9
1.0,3,9,9,9,9,5,9,9,9,1,9,9,9,202205,0.9168,22050866,R,9,9,9,9,9,9,9,9,9,9
1.0,3,9,9,9,9,5,9,9,9,1,9,9,9,202205,0.9168,22050867,R,9,9,9,9,9,9,9,9,9,9
1.0,3,9,9,9,9,5,9,9,9,1,9,9,9,202205,0.9168,22050868,R,9,9,9,9,9,9,9,9,9,9
1.0,3,9,9,9,9,5,9,9,9,1,9,9,9,202205,0.9168,22050869,R,9,9,9,9,9,9,9,9,9,9
1.0,3,9,9,9,9,5,9,9,9,1,9,9,9,202205,0.9168,22050870,R,9,9,9,9,9,9,9,9,9,9
1.0,3,9,9,9,9,5,9,9,9,1,9,9,9,202205,0.9168,22050871,R,9,9,9,9,9,9,9,9,9,9
1.0,3,9,9,9,9,5,9,9,9,1,9,9,9,202205,0.9168,22050872,R,9,9,9,9,9,9,9,9,9,9
1.0,3,9,9,9,9,5,9,9,9,1,9,9,9,202205,0.9168,22050873,R,9,9,9,9,9,9,9,9,9,9
1.0,3,9,9,9,9,5,9,9,9,1,9,9,9,202205,0.9168,22050874,R,9,9,9,9,9,9,9,9,9,9
1.0,3,9,9,9,9,5,9,9,9,1,9,9,9,202205,0.9168,22050875,R,9,9,9,9,9,9,9,9,9,9
1.0,3,9,9,9,9,5,9,9,9,1,9,9,9,202205,0.9168,22050876,R,9,9,9,9,9,9,9,9,9,9
1.0,3,9,9,9,9,5,9,9,9,1,9,9,9,202205,0.9168,22050877,R,9,9,9,9,9,9,9,9,9,9
1.0,3,9,9,9,9,5,9,9,9,1,9,9,9,202205,0.9168,22050878,R,9,9,9,9,9,9,9,9,9,9
71.32860000000001,3,9,9,9,9,5,9,9,9,1,9,9,9,202205,0.9168,22050879,R,9,9,9,9,9,9,9,9,9,9
1.0,3,9,9,9,9,5,9,9,9,1,9,9,9,202205,0.9168,22050880,R,9,9,9,9,9,9,9,9,9,9
1.0,3,9,9,9,9,5,9,9,9,1,9,9,9,202205,0.9168,22050881,R,9,9,9,9,9,9,9,9,9,9
1.0,3,9,9,9,9,5,9,9,9,1,9,9,9,202205,0.9168,22050882,R,9,9,9,9,9,9,9,9,9,9
1.0,3,9,9,9,9,5,9,9,9,1,9,9,9,202205,0.9168,22050883,R,9,9,9,9,9,9,9,9,9,9
1.0,3,9,9,9,9,5,9,9,9,1,9,9,9,202205,0.9168,22050884,R,9,9,9,9,9,9,9,9,9,9
1.0,3,9,9,9,9,5,9,9,9,1,9,9,9,202205,0.9168,22050885,R,9,9,9,9,9,9,9,9,9,9
1.0,3,9,9,9,9,5,9,9,9,1,9,9,9,202205,0.9168,22050886,R,9,9,9,9,9,9,9,9,9,9
1.0,3,9,9,9,9,5,9,9,9,1,9,9,9,202205,0.9168,22050887,R,9,9,9,9,9,9,9,9,9,9
1.0,3,9,9,9,9,5,9,9,9,1,9,9,9,202205,0.9168,22050888,R,9,9,9,9,9,9,9,9,9,9
1.0,3,9,9,9,9,5,9,9,9,1,9,9,9,202205,0.9168,22050889,R,9,9,9,9,9,9,9,9,9,9
1.0,3,9,9,9,9,5,9,9,9,1,9,9,9,202205,0.9168,22050890,R,9,9,9,9,9,9,9,9,9,9
1.0,3,9,9,9,9,5,9,9,9,1,9,9,9,202205,0.9168,22050891,R,9,9,9,9,9,9,9,9,9,9
1.0,3,9,9,9,9,5,9,9,9,1,9,9,9,202205,0.9168,22050892,R,9,9,9,9,9,9,9,9,9,9
1.0,3,9,9,9,9,5,9,9,9,1,9,9,9,202205,0.9168,22050893,R,9,9,9,9,9,9,9,9,9,9
1.0,3,9,9,9,9,5,9,9,9,1,9,9,9,202205,0.9168,22050894,R,9,9,9,9,9,9,9,9,9,9
1.0,3,9,9,9,9,5,9,9,9,1,9,9,9,202205,0.9168,22050895,R,9,9,9,9,9,9,9,9,9,9
1.0,3,9,9,9,9,5,9,9,9,1,9,9,9,202205,0.9168,22050896,R,9,9,9,9,9,9,9,9,9,9
1.0,3,9,9,9,9,5,9,9,9,1,9,9,9,202205,0.9168,22050897,R,9,9,9,9,9,9,9,9,9,9
1.0,3,9,9,9,9,5,9,9,9,1,9,9,9,202205,0.9168,22050898,R,9,9,9,9,9,9,9,9,9,9
1.0,3,9,9,9,9,5,9,9,9,1,9,9,9,202205,0.9168,22050899,R,9,9,9,9,9,9,9,9,9,9
1.0,3,9,9,9,9,5,9,9,9,1,9,9,9,202205,0.9168,22050900,R,9,9,9,9,9,9,9,9,9,9
1.0,3,9,9,9,9,5,9,9,9,1,9,9,9,202205,0.9168,22050901,R,9,9,9,9,9,9,9,9,9,9
1.0,3,9,9,9,9,5,9,9,9,1,9,9,9,202205,0.9168,22050902,R,9,9,9,9,9,9,9,9,9,9
1.0,3,9,9,9,9,5,9,9,9,1,9,9,9,202205,0.9168,22050903,R,9,9,9,9,9,9,9,9,9,9
1.0,3,9,9,9,9,5,9,9,9,1,9,9,9,202205,0.9168,22050904,R,9,9,9,9,9,9,9,9,9,9
1.0,3,9,9,9,9,5,9,9,9,1,9,9,9,202205,0.9168,22050905,R,9,9,9,9,9,9,9,9,9,9
1.0,3,9,9,9,9,5,9,9,9,1,9,9,9,202205,0.9168,22050906,R,9,9,9,9,9,9,9,9,9,9
1.0,3,9,9,9,9,5,9,9,9,1,9,9,9,202205,0.9168,22050907,R,9,9,9,9,9,9,9,9,9,9
1.0,3,9,9,9,9,5,9,9,9,1,9,9,9,202205,0.9168,22050908,R,9,9,9,9,9,9,9,9,9,9
1.0,3,9,9,9,9,5,9,9,9,1,9,9,9,202205,0.9168,22050909,R,9,9,9,9,9,9,9,9,9,9
1.0,3,9,9,9,9,5,9,9,9,1,9,9,9,202205,0.9168,22050910,R,9,9,9,9,9,9,9,9,9,9
1.0,3,9,9,9,9,5,9,9,9,1,9,9,9,202205,0.9168,22050911,R,9,9,9,9,9,9,9,9,9,9
1.0,3,9,9,9,9,5,9,9,9,1,9,9,9,202205,0.9168,22050912,R,9,9,9,9,9,9,9,9,9,9
1.0,3,9,9,9,9,5,9,9,9,1,9,9,9,202205,0.9168,22050913,R,9,9,9,9,9,9,9,9,9,9
1.0,3,9,9,9,9,5,9,9,9,1,9,9,9,202205,0.9168,22050914,R,9,9,9,9,9,9,9,9,9,9
1.0,3,9,9,9,9,5,9,9,9,1,9,9,9,202205,0.9168,22050915,R,9,9,9,9,9,9,9,9,9,9
1.0,3,9,9,9,9,5,9,9,9,1,9,9,9,202205,0.9168,22050916,R,9,9,9,9,9,9,9,9,9,9
1.0,3,9,9,9,9,5,9,9,9,1,9,9,9,202205,0.9168,22050917,R,9,9,9,9,9,9,9,9,9,9
1.0,3,9,9,9,9,5,9,9,9,1,9,9,9,202205,0.9168,22050918,R,9,9,9,9,9,9,9,9,9,9
1.0,3,9,9,9,9,5,9,9,9,1,9,9,9,202205,0.9168,22050919,R,9,9,9,9,9,9,9,9,9,9
1.0,3,9,9,9,9,5,9,9,9,1,9,9,9,202205,0.9168,22050920,R,9,9,9,9,9,9,9,9,9,9
1.0,3,9,9,9,9,5,9,9,9,1,9,9,9,202205,0.9168,22050921,R,9,9,9,9,9,9,9,9,9,9
1.0,3,9,9,9,9,5,9,9,9,1,9,9,9,202205,0.9168,22050922,R,9,9,9,9,9,9,9,9,9,9
1.0,3,9,9,9,9,5,9,9,9,1,9,9,9,202205,0.9168,22050923,R,9,9,9,9,9,9,9,9,9,9
1.0,3,9,9,9,9,5,9,9,9,1,9,9,9,202205,0.9168,22050924,R,9,9,9,9,9,9,9,9,9,9
1.0,3,9,9,9,9,5,9,9,9,1,9,9,9,202205,0.9168,22050925,R,9,9,9,9,9,9,9,9,9,9
1.0,3,9,9,9,9,5,9,9,9,1,9,9,9,202205,0.9168,22050926,R,9,9,9,9,9,9,9,9,9,9
1.0,3,9,9,9,9,5,9,9,9,1,9,9,9,202205,0.9168,22050927,R,9,9,9,9,9,9,9,9,9,9
1.0,3,9,9,9,9,5,9,9,9,1,9,9,9,202205,0.9168,22050928,R,9,9,9,9,9,9,9,9,9,9
1.0,3,9,9,9,9,5,9,9,9,1,9,9,9,202205,0.9168,22050929,R,9,9,9,9,9,9,9,9,9,9
16.372700000000002,3,9,9,9,9,5,9,9,9,1,9,9,9,202205,0.9168,22050930,R,9,9,9,9,9,9,9,9,9,9
23.776200000000003,2,1,5,2,3,5,1,3,2,3,160000,1900,3,202205,1.085,22050931,R,R,R,R,R,R,R,R,R,R,R
35.664300000000004,2,1,3,2,3,3,1,1,2,2,170000,2000,3,202205,1.085,22050932,I,I,I,I,I,I,I,I,I,I,I
11.652600000000001,2,1,3,2,3,4,1,2,1,2,210000,2100,3,202205,1.085,22050933,R,R,R,R,R,R,R,R,R,R,R
11.652600000000001,2,1,3,2,3,4,1,1,2,2,150000,1600,3,202205,1.085,22050934,I,I,I,I,I,I,I,I,I,I,I
11.652600000000001,2,1,3,1,3,4,1,1,1,2,9,1500,3,202205,1.085,22050935,I,9,I,I,I,I,I,I,I,I,I
11.652600000000001,2,1,3,2,3,4,1,1,2,2,130000,1100,3,202205,1.085,22050936,I,I,I,I,I,I,I,I,I,I,I
11.652600000000001,2,1,5,2,3,4,1,3,1,2,140000,1300,3,202205,1.085,22050937,I,I,I,I,I,I,I,I,I,I,I
11.652600000000001,2,1,3,2,3,4,1,1,2,2,140000,1300,1,202205,1.085,22050938,R,R,R,R,R,R,R,R,R,R,R
11.652600000000001,2,1,3,2,3,4,3,1,1,2,160000,1600,3,202205,1.085,22050939,R,R,R,R,R,R,R,R,R,R,R
11.652600000000001,2,1,3,2,1,4,3,1,2,2,130000,1200,1,202205,1.085,22050940,I,I,I,I,I,I,I,I,I,I,I
11.652600000000001,1,1,3,2,1,4,3,1,2,2,190000,1200,1,202205,1.085,22050941,R,R,R,R,R,R,R,R,R,R,R
11.652600000000001,1,1,3,2,1,4,3,1,2,2,180000,910,1,202205,1.085,22050942,R,R,R,R,R,R,R,R,R,R,R
11.652600000000001,2,1,3,2,1,4,1,1,2,2,170000,1200,3,202205,1.085,22050943,R,R,R,R,R,R,R,R,R,R,R
11.652600000000001,2,1,3,2,1,4,3,1,2,2,150000,1600,3,202205,1.085,22050944,I,I,I,I,I,I,I,I,I,I,I
35.664300000000004,2,1,3,2,4,3,1,3,2,2,180000,2100,3,202205,1.085,22050945,R,I,R,R,R,R,I,R,R,R,R
11.652600000000001,1,1,4,2,1,4,2,1,2,2,150000,1400,3,202205,1.085,22050946,R,R,R,R,R,R,R,R,R,R,R
11.652600000000001,2,1,3,2,2,4,1,1,1,2,210000,1100,3,202205,1.085,22050947,R,R,R,R,R,R,R,R,R,R,R
11.652600000000001,2,1,5,2,1,4,3,1,2,2,170000,2000,3,202205,1.085,22050948,R,I,I,I,I,R,I,I,R,I,I
11.652600000000001,2,1,3,2,1,4,3,1,2,2,150000,1500,3,202205,1.085,22050949,I,I,I,I,I,I,I,I,I,I,I
11.652600000000001,2,1,3,2,1,4,3,2,2,2,180000,2100,3,202205,1.085,22050950,I,I,I,I,I,I,I,I,I,I,I
11.652600000000001,2,1,4,2,1,4,3,1,2,2,140000,1300,3,202205,1.085,22050951,I,I,I,I,I,I,I,I,I,I,I
11.652600000000001,2,1,4,1,1,4,3,2,2,2,9,1600,3,202205,1.085,22050952,I,9,I,I,I,I,I,I,I,I,I
11.652600000000001,2,1,4,2,1,4,3,1,2,2,110000,1300,1,202205,1.085,22050953,R,R,R,R,I,I,R,I,I,I,I
11.652600000000001,2,1,4,1,1,4,3,1,2,2,9,1800,3,202205,1.085,22050954,R,9,I,I,R,R,I,I,R,I,I
11.652600000000001,2,1,4,2,1,4,3,1,3,2,250000,1300,3,202205,1.085,22050955,R,R,R,R,R,R,R,R,R,R,R
11.652600000000001,2,1,4,2,1,4,3,1,2,2,130000,1200,1,202205,1.085,22050956,R,I,I,I,I,I,I,I,I,I,I
11.652600000000001,2,1,3,2,1,4,1,1,2,2,120000,1100,1,202205,1.085,22050957,I,I,I,I,I,I,I,I,I,I,I
11.652600000000001,1,1,3,2,1,4,1,1,2,2,150000,1500,1,202205,1.085,22050958,I,I,I,I,I,I,I,I,I,I,I
6.3833,2,1,3,2,1,1,1,1,2,2,210000,1700,3,202205,1.085,22050959,R,R,I,I,R,R,R,R,R,R,R
35.664300000000004,2,1,4,2,3,3,1,1,2,2,170000,2000,3,202205,1.085,22050960,I,I,I,I,I,I,I,I,I,I,I
35.664300000000004,2,1,4,2,3,3,1,1,2,2,240000,2500,3,202205,1.085,22050961,R,R,R,R,R,R,R,R,R,R,R
35.664300000000004,2,1,3,2,3,3,1,1,1,2,160000,1800,3,202205,1.085,22050962,I,I,I,I,I,I,I,I,I,I,I
35.664300000000004,2,1,4,2,3,3,1,1,2,2,190000,2500,3,202205,1.085,22050963,I,I,I,I,I,I,I,I,I,I,I
35.664300000000004,2,1,3,2,3,3,1,1,2,2,150000,1600,3,202205,1.085,22050964,I,I,I,I,I,I,I,I,I,I,I
8.1864,2,1,3,2,1,2,1,1,2,2,160000,1700,3,202205,1.085,22050965,I,I,I,I,I,I,I,I,I,I,I
8.1864,2,1,3,2,1,2,1,1,2,2,140000,1500,3,202205,1.085,22050966,I,I,I,I,I,I,I,I,I,I,I
8.1864,2,1,3,2,3,2,1,1,2,2,170000,1900,3,202205,1.085,22050967,R,I,R,R,R,R,R,R,R,R,R
8.1864,2,1,3,2,1,2,1,1,1,2,150000,1600,3,202205,1.085,22050968,I,I,I,I,I,I,I,I,I,I,I
8.1864,2,1,3,2,1,2,1,1,2,2,150000,1600,3,202205,1.085,22050969,I,I,I,I,I,I,I,I,I,I,I
8.1864,2,1,3,2,1,2,1,1,1,2,150000,1600,3,202205,1.085,22050970,I,I,I,I,I,I,I,I,I,I,I
8.1864,2,1,3,2,3,2,1,1,1,2,150000,1500,3,202205,1.085,22050971,R,R,R,R,R,R,R,R,R,R,R
8.1864,2,1,3,2,1,2,4,1,2,2,120000,1500,3,202205,1.085,22050972,R,R,R,R,R,R,R,R,R,R,R
8.1864,2,1,3,2,1,2,1,1,2,2,170000,1900,3,202205,1.085,22050973,I,I,I,I,I,I,I,I,I,I,I
8.1864,1,1,5,2,1,2,1,1,3,2,140000,1600,3,202205,1.085,22050974,R,R,R,R,R,R,R,R,R,R,R
8.1864,2,1,3,2,3,2,4,1,1,2,150000,1700,1,202205,1.085,22050975,R,R,R,R,R,R,R,R,R,R,R
8.1864,2,1,5,2,3,2,1,1,3,2,140000,1300,3,202205,1.085,22050976,R,R,R,R,R,R,R,R,R,R,R
8.1864,2,1,3,2,3,2,4,1,1,2,140000,1700,3,202205,1.085,22050977,R,R,R,R,R,R,R,R,R,R,R
8.1864,2,1,3,2,3,2,1,2,2,2,150000,2400,3,202205,1.085,22050978,R,R,R,R,R,R,R,R,R,R,R
35.664300000000004,2,1,3,2,3,3,1,1,2,2,210000,2200,3,202205,1.085,22050979,R,R,R,R,R,R,R,R,R,R,R
35.664300000000004,2,1,3,2,2,3,1,1,3,2,150000,1800,3,202205,1.085,22050980,R,R,R,R,R,R,R,R,R,R,R
35.664300000000004,2,1,3,2,3,3,1,2,2,2,87000,1600,3,202205,1.085,22050981,R,R,R,R,R,R,R,R,R,R,R
35.664300000000004,2,1,5,2,3,3,1,1,1,2,110000,1700,3,202205,1.085,22050982,R,R,R,R,R,R,R,R,R,I,R
35.664300000000004,2,1,5,2,3,3,1,1,2,2,130000,1900,3,202205,1.085,22050983,R,R,R,R,R,R,R,R,R,R,R
11.652600000000001,2,1,3,1,1,2,1,1,1,2,9,1700,3,202205,1.085,22050984,R,9,R,R,R,R,R,R,R,R,R
11.652600000000001,2,1,3,1,1,2,1,1,1,2,9,1700,3,202205,1.085,22050985,R,9,R,R,R,R,R,R,R,R,R
8.1864,2,1,3,2,3,2,1,1,2,2,150000,1600,3,202205,1.085,22050986,R,I,I,I,R,R,I,I,R,I,I
8.1864,2,1,3,2,1,2,1,1,2,2,250000,1600,3,202205,1.085,22050987,I,R,R,R,I,I,R,I,I,I,I
8.1864,1,1,3,1,1,2,1,1,1,2,9,1500,3,202205,1.085,22050988,I,9,I,I,I,I,I,I,I,I,I
8.1864,2,1,5,2,1,2,1,1,2,2,120000,1600,3,202205,1.085,22050989,R,R,R,R,R,R,R,I,R,I,I
8.1864,2,1,5,2,1,2,1,1,2,2,120000,1600,3,202205,1.085,22050990,R,R,R,R,I,R,R,I,I,I,I
8.1864,1,1,5,2,1,2,1,1,2,2,150000,1500,1,202205,1.085,22050991,R,R,R,R,R,R,R,R,R,R,R
8.1864,1,1,3,2,1,2,1,1,1,2,150000,1600,3,202205,1.085,22050992,I,I,I,I,I,I,I,I,I,I,I
8.1864,2,1,3,2,1,2,1,1,1,2,140000,1400,1,202205,1.085,22050993,I,I,I,I,I,I,I,I,I,I,I
8.1864,1,1,5,2,1,2,1,1,2,2,140000,1700,1,202205,1.085,22050994,R,R,R,R,R,R,R,R,R,R,R
8.1864,1,1,3,2,1,2,1,1,1,2,150000,1500,3,202205,1.085,22050995,I,I,I,I,I,I,I,I,I,I,I
8.1864,2,1,3,2,1,2,1,1,2,2,150000,1600,3,202205,1.085,22050996,I,I,I,I,I,I,I,I,I,I,I
8.1864,2,1,3,1,1,2,1,1,2,2,9,1500,3,202205,1.085,22050997,R,9,R,R,R,R,R,R,R,R,R
8.1864,1,1,3,2,1,2,1,1,2,2,250000,1600,3,202205,1.085,22050998,R,R,R,R,I,I,R,I,I,I,I
8.1864,1,1,3,2,1,2,1,1,2,2,160000,1700,1,202205,1.085,22050999,I,I,I,I,I,I,I,I,I,I,I
8.1864,2,1,3,2,1,2,2,1,3,2,130000,1400,1,202205,1.085,22051000,R,R,R,R,R,R,R,R,R,R,R
8.1864,2,1,3,2,3,2,1,2,3,2,250000,1900,3,202205,1.085,22051001,R,R,R,R,R,R,R,R,R,R,R
8.1864,2,1,3,2,3,2,1,1,2,2,100000,1700,3,202205,1.085,22051002,R,R,R,R,R,R,R,R,R,R,R
8.1864,2,1,3,2,3,2,1,2,2,2,250000,2100,3,202205,1.085,22051003,R,R,R,R,R,R,R,R,R,R,R
11.652600000000001,2,1,3,2,2,4,2,2,2,2,150000,1600,3,202205,1.085,22051004,R,I,R,R,R,R,R,R,R,R,R
8.1864,2,1,3,2,3,2,1,1,2,2,180000,2200,3,202205,1.085,22051005,R,I,R,R,R,R,R,R,R,R,R
8.1864,1,1,3,2,1,2,1,1,2,2,120000,1500,3,202205,1.085,22051006,R,R,R,R,R,R,I,I,R,I,I
8.1864,2,1,3,2,3,2,1,1,2,2,180000,2400,3,202205,1.085,22051007,R,I,R,R,R,R,R,R,R,R,R
8.1864,2,1,3,2,2,2,1,1,2,2,250000,2200,3,202205,1.085,22051008,R,R,R,R,R,R,R,R,R,R,R
11.652600000000001,2,1,4,1,1,4,3,2,2,2,9,1600,3,202205,1.085,22051009,I,9,I,I,I,I,I,I,I,I,I
11.652600000000001,2,1,4,1,1,4,3,1,3,2,9,1500,3,202205,1.085,22051010,I,9,I,I,I,I,I,I,I,I,I
11.652600000000001,2,1,4,2,1,4,3,1,3,2,140000,1400,3,202205,1.085,22051011,I,I,I,I,I,I,I,I,I,I,I
11.652600000000001,1,1,4,2,2,4,3,1,3,2,96000,1100,1,202205,1.085,22051012,R,R,R,R,R,R,R,R,R,R,R
11.652600000000001,1,1,3,2,4,4,1,1,1,2,140000,1300,3,202205,1.085,22051013,I,I,I,I,I,I,I,I,I,I,I
11.652600000000001,2,1,3,2,1,4,1,1,2,2,140000,1300,1,202205,1.085,22051014,R,I,I,I,I,I,I,I,I,I,I
7.768400000000001,2,1,3,2,3,5,1,1,2,3,280000,3100,3,202205,1.085,22051015,R,R,R,R,R,R,R,R,R,R,R
11.652600000000001,2,1,5,2,2,4,1,2,2,2,120000,1500,3,202205,1.085,22051016,R,R,R,R,R,R,R,R,R,R,R
11.652600000000001,2,1,3,2,2,4,1,2,2,2,160000,1400,3,202205,1.085,22051017,R,R,R,R,R,R,R,R,R,R,R
6.3833,2,1,3,2,3,1,3,1,2,2,110000,1600,3,202205,1.085,22051018,R,R,R,R,R,R,R,R,R,R,R
6.3833,2,1,3,2,1,1,1,1,3,2,160000,1700,3,202205,1.085,22051019,I,I,I,I,I,I,I,I,I,I,I
6.3833,1,1,3,2,1,1,1,1,2,2,150000,1400,3,202205,1.085,22051020,R,R,R,R,R,R,R,R,R,R,R
6.3833,2,1,3,2,2,1,1,1,2,2,150000,1600,3,202205,1.085,22051021,R,I,R,R,R,R,R,R,R,R,R
35.664300000000004,2,1,3,2,2,3,1,1,2,2,130000,1500,3,202205,1.085,22051022,R,R,R,R,R,R,R,R,R,R,R
35.664300000000004,2,1,3,2,3,3,1,1,2,2,240000,2500,3,202205,1.085,22051023,R,R,R,R,R,R,R,R,R,R,R
35.664300000000004,1,1,3,2,3,3,1,1,1,2,170000,1600,3,202205,1.085,22051024,R,R,R,R,R,R,R,R,R,R,R
35.664300000000004,2,1,3,2,2,3,1,1,2,2,210000,1700,3,202205,1.085,22051025,R,R,R,R,R,R,R,R,R,R,R
8.1864,2,1,3,2,1,2,1,1,2,2,160000,1700,3,202205,1.085,22051026,I,I,I,I,I,I,I,I,I,I,I
11.652600000000001,2,1,3,1,1,3,1,1,1,2,9,1100,3,202205,1.085,22051027,R,9,R,R,R,R,R,R,R,I,R
35.664300000000004,2,1,3,2,3,3,1,2,2,2,180000,2100,3,202205,1.085,22051028,I,I,I,I,I,I,I,I,I,I,I
11.652600000000001,1,1,3,2,1,4,1,1,2,2,140000,1500,3,202205,1.085,22051029,R,I,R,R,R,R,R,R,R,R,R
11.652600000000001,2,1,3,2,2,4,2,1,1,2,130000,1500,3,202205,1.085,22051030,R,R,R,R,R,R,R,R,R,R,R
11.652600000000001,2,1,3,2,2,4,3,1,1,2,160000,1600,3,202205,1.085,22051031,R,R,R,R,R,R,R,R,R,R,R
11.652600000000001,1,1,3,2,2,4,1,1,1,2,140000,1400,3,202205,1.085,22051032,I,I,I,I,I,I,I,I,I,I,I
11.652600000000001,2,1,3,2,2,4,1,1,2,2,96000,1300,3,202205,1.085,22051033,R,R,R,R,R,R,R,R,R,R,R
6.3833,1,1,3,2,1,1,1,1,2,2,150000,1500,3,202205,1.085,22051034,R,R,R,R,R,R,R,R,R,R,R
6.3833,2,1,3,2,1,1,1,1,2,2,120000,1300,3,202205,1.085,22051035,R,R,R,R,R,R,R,R,I,R,R
6.3833,2,1,3,2,3,1,3,1,2,2,140000,1900,3,202205,1.085,22051036,R,R,R,R,R,R,R,R,R,R,R
6.3833,2,1,3,2,3,1,1,1,2,2,100000,1300,3,202205,1.085,22051037,R,R,R,R,R,R,R,R,R,R,R
6.3833,2,1,3,2,1,1,1,1,1,2,110000,1400,3,202205,1.085,22051038,R,R,R,R,R,R,R,R,R,R,R
6.3833,2,1,3,2,1,1,1,1,2,2,150000,1600,3,202205,1.085,22051039,R,R,R,R,R,R,R,R,R,R,R
35.664300000000004,2,1,3,2,3,3,1,1,2,2,170000,2500,3,202205,1.085,22051040,R,R,R,R,R,R,R,R,R,R,R
11.652600000000001,2,1,3,2,2,3,1,1,3,2,200000,2500,3,202205,1.085,22051041,R,R,R,R,R,R,R,R,R,R,R
35.664300000000004,2,1,3,2,3,3,1,1,3,2,180000,2100,3,202205,1.085,22051042,I,I,I,I,I,I,I,I,I,I,I
35.664300000000004,2,1,3,2,3,3,1,1,2,2,100000,1500,3,202205,1.085,22051043,R,R,R,R,R,R,R,R,R,R,R
35.664300000000004,2,1,3,2,2,3,1,1,2,2,140000,1500,3,202205,1.085,22051044,R,I,I,I,I,I,I,I,I,I,I
35.664300000000004,2,1,3,2,2,3,1,1,2,2,150000,2000,3,202205,1.085,22051045,R,R,R,R,R,R,R,R,R,R,R
35.664300000000004,2,1,3,2,2,3,1,1,2,2,160000,1700,3,202205,1.085,22051046,I,I,I,I,I,I,I,I,I,I,I
35.664300000000004,2,1,5,2,2,3,1,1,1,2,160000,2200,3,202205,1.085,22051047,R,R,R,R,R,R,R,R,R,R,R
35.664300000000004,2,1,3,2,3,3,1,1,2,2,240000,2500,3,202205,1.085,22051048,R,R,R,R,R,R,R,R,R,R,R
35.664300000000004,2,1,3,2,3,3,1,3,2,2,180000,1900,3,202205,1.085,22051049,R,R,R,R,R,R,R,R,R,R,R
35.664300000000004,2,1,5,2,3,3,1,1,2,2,150000,2100,3,202205,1.085,22051050,R,R,R,R,R,R,R,R,R,R,R
35.664300000000004,2,1,4,2,2,3,1,2,1,2,170000,2100,3,202205,1.085,22051051,R,R,R,R,R,R,R,R,R,R,R
35.664300000000004,2,1,3,2,2,3,1,1,1,2,180000,2500,3,202205,1.085,22051052,R,R,R,R,R,R,R,R,R,R,R
35.664300000000004,1,1,3,1,3,3,1,1,2,2,9,2000,3,202205,1.085,22051053,I,9,I,I,I,I,I,I,I,I,I
35.664300000000004,2,1,3,2,2,3,1,1,1,2,240000,1700,3,202205,1.085,22051054,R,R,R,R,R,R,R,R,R,R,R
35.664300000000004,2,1,5,2,3,3,1,1,2,2,240000,2500,3,202205,1.085,22051055,R,R,R,R,R,R,R,R,R,R,R
35.664300000000004,2,1,3,2,2,3,1,1,2,2,200000,2500,3,202205,1.085,22051056,R,R,R,R,R,R,R,R,R,R,R
35.664300000000004,2,1,3,2,3,3,1,1,2,2,180000,2100,3,202205,1.085,22051057,I,I,I,I,I,I,I,I,I,I,I
35.664300000000004,2,1,3,2,2,3,1,1,2,2,180000,2300,3,202205,1.085,22051058,R,R,R,R,R,R,R,R,R,R,R
35.664300000000004,2,1,3,2,3,3,1,1,2,2,240000,2500,3,202205,1.085,22051059,R,R,R,R,R,R,R,R,R,R,R
35.664300000000004,2,1,3,2,2,3,1,1,2,2,160000,1400,3,202205,1.085,22051060,R,R,R,R,R,R,R,R,R,R,R
35.664300000000004,2,1,5,2,3,3,1,1,2,2,190000,2500,3,202205,1.085,22051061,I,I,I,I,I,I,I,I,I,I,I
11.652600000000001,2,1,1,2,3,4,0,0,1,2,190000,1800,3,202205,1.085,22051062,R,R,R,R,R,R,R,R,R,R,R
11.652600000000001,2,1,1,2,2,4,0,0,1,2,200000,1800,3,202205,1.085,22051063,R,R,R,R,R,R,R,R,R,R,R
11.652600000000001,2,1,1,2,3,4,0,0,1,2,170000,2000,3,202205,1.085,22051064,R,R,R,R,R,R,R,R,R,R,R
11.652600000000001,2,1,2,2,1,4,0,0,2,2,180000,1500,1,202205,1.085,22051065,R,R,R,R,R,R,R,R,R,R,R
11.652600000000001,2,1,2,2,1,4,0,0,2,2,120000,910,1,202205,1.085,22051066,I,I,I,I,I,I,I,R,I,I,R
11.652600000000001,1,1,1,2,1,4,0,0,2,2,150000,1600,3,202205,1.085,22051067,I,I,I,I,I,I,I,R,I,I,R
11.652600000000001,2,1,2,2,1,4,0,0,1,2,150000,1500,3,202205,1.085,22051068,I,I,I,I,I,I,I,R,I,I,R
11.652600000000001,2,1,2,2,2,4,0,0,1,2,190000,1900,3,202205,1.085,22051069,R,R,R,R,R,R,R,R,R,R,R
11.652600000000001,2,1,2,2,1,4,0,0,1,2,160000,1800,3,202205,1.085,22051070,I,I,I,I,I,I,I,R,I,I,R
11.652600000000001,1,1,2,2,1,4,0,0,1,2,170000,2000,3,202205,1.085,22051071,I,I,I,I,I,I,I,R,I,I,R
6.3833,2,1,1,2,1,1,0,0,1,2,130000,1200,3,202205,1.085,22051072,R,I,I,I,I,R,I,R,R,I,R
6.3833,2,1,1,2,3,1,0,0,1,2,130000,1300,3,202205,1.085,22051073,R,R,R,R,R,R,R,R,R,R,R
6.3833,2,1,2,2,3,1,0,0,1,2,140000,1300,3,202205,1.085,22051074,R,I,R,R,R,R,R,R,R,R,R
6.3833,2,1,1,2,1,1,0,0,2,2,130000,1500,3,202205,1.085,22051075,R,R,R,R,R,R,R,R,R,R,R
6.3833,1,1,1,1,1,1,0,0,1,2,9,1300,3,202205,1.085,22051076,R,9,R,R,R,R,R,R,R,R,R
6.3833,2,1,2,2,3,1,0,0,1,2,180000,1600,3,202205,1.085,22051077,R,R,R,R,R,R,R,R,R,R,R
6.3833,2,1,1,2,1,1,0,0,2,2,170000,1200,3,202205,1.085,22051078,R,R,R,R,R,R,R,R,R,R,R
11.652600000000001,1,1,2,2,3,4,0,0,1,2,150000,1300,3,202205,1.085,22051079,R,R,R,R,R,R,R,R,R,R,R
8.1864,2,1,2,2,3,2,0,0,1,2,120000,1700,3,202205,1.085,22051080,R,R,R,R,R,R,R,R,R,R,R
8.1864,2,1,1,2,1,2,0,0,3,2,140000,1400,3,202205,1.085,22051081,I,I,I,I,I,I,I,R,I,I,R
8.1864,2,1,1,2,1,2,0,0,2,2,160000,1700,3,202205,1.085,22051082,I,I,I,I,I,I,I,R,I,I,R
8.1864,2,1,1,2,1,2,0,0,2,2,120000,1400,3,202205,1.085,22051083,R,R,R,R,R,R,R,R,R,I,R
8.1864,2,1,2,2,3,2,0,0,1,2,130000,1300,3,202205,1.085,22051084,R,R,R,R,R,R,R,R,R,R,R
8.1864,1,1,1,2,1,2,0,0,1,2,170000,1800,3,202205,1.085,22051085,R,R,R,R,R,R,R,R,R,R,R
6.3833,2,1,1,2,3,1,0,0,2,2,140000,1300,3,202205,1.085,22051086,R,I,I,I,R,R,I,R,R,I,R
6.3833,2,1,2,2,1,1,0,0,2,2,210000,1600,1,202205,1.085,22051087,R,R,R,R,R,R,R,R,R,R,R
6.3833,2,1,1,2,1,1,0,0,1,2,140000,1300,3,202205,1.085,22051088,I,I,I,I,I,I,I,R,I,I,R
6.3833,2,1,1,2,1,1,0,0,2,2,140000,1400,3,202205,1.085,22051089,I,I,I,I,I,I,I,R,I,I,R
6.3833,2,1,1,2,3,1,0,0,2,2,140000,1700,3,202205,1.085,22051090,R,R,R,R,R,R,R,R,R,R,R
35.664300000000004,2,1,1,2,2,3,0,0,1,2,150000,1600,3,202205,1.085,22051091,R,R,R,R,R,R,R,R,R,R,R
35.664300000000004,2,1,1,2,3,3,0,0,1,2,180000,2200,3,202205,1.085,22051092,I,I,I,I,I,I,I,R,I,I,R
8.1864,1,1,1,2,1,2,0,0,2,2,150000,1600,3,202205,1.085,22051093,I,I,I,I,I,I,I,R,I,I,R
8.1864,2,1,1,2,1,2,0,0,2,2,120000,1600,3,202205,1.085,22051094,R,R,I,I,R,R,R,R,R,R,R
11.652600000000001,2,1,1,2,2,4,0,0,1,2,140000,1500,3,202205,1.085,22051095,R,I,I,I,R,R,I,R,R,I,R
6.3833,2,1,1,2,1,1,0,0,2,2,280000,1600,3,202205,1.085,22051096,R,R,R,R,R,R,R,R,R,R,R
6.3833,2,1,2,1,1,1,0,0,2,2,9,1700,1,202205,1.085,22051097,R,9,R,R,R,R,R,R,R,R,R
6.3833,2,1,2,2,1,1,0,0,2,2,280000,1700,1,202205,1.085,22051098,R,R,R,R,R,R,R,R,R,R,R
6.3833,2,1,2,2,3,1,0,0,1,2,160000,1700,3,202205,1.085,22051099,R,R,R,R,R,R,R,R,R,R,R
6.3833,2,1,1,2,1,1,0,0,2,2,150000,1600,3,202205,1.085,22051100,I,I,I,I,I,I,I,R,I,I,R
35.664300000000004,2,1,2,2,3,3,0,0,2,2,150000,1900,3,202205,1.085,22051101,R,R,R,R,R,R,R,R,R,R,R
6.3833,2,1,2,2,3,3,0,0,2,2,170000,2100,3,202205,1.085,22051102,R,R,R,R,R,R,R,R,R,R,R
11.652600000000001,2,2,9,2,9,4,9,9,9,2,130000,1200,3,202205,1.085,22051103,I,I,I,I,I,I,9,9,9,9,9
11.652600000000001,2,2,9,2,9,4,9,9,9,2,150000,1600,3,202205,1.085,22051104,R,R,R,R,R,R,9,9,9,9,9
11.652600000000001,2,2,9,2,9,4,9,9,9,2,150000,1600,3,202205,1.085,22051105,R,R,R,R,R,R,9,9,9,9,9
11.652600000000001,1,2,9,2,9,4,9,9,9,2,140000,1300,1,202205,1.085,22051106,R,I,R,R,R,R,9,9,9,9,9
11.652600000000001,2,2,9,2,9,4,9,9,9,2,140000,1300,3,202205,1.085,22051107,I,I,I,I,I,I,9,9,9,9,9
11.652600000000001,1,2,9,2,9,4,9,9,9,2,170000,2000,3,202205,1.085,22051108,I,I,I,I,I,I,9,9,9,9,9
35.664300000000004,1,2,9,2,9,3,9,9,9,2,140000,1500,3,202205,1.085,22051109,I,I,I,I,I,I,9,9,9,9,9
35.664300000000004,1,2,9,2,9,3,9,9,9,2,170000,2000,3,202205,1.085,22051110,I,I,I,I,I,I,9,9,9,9,9
35.664300000000004,1,2,9,2,9,3,9,9,9,2,160000,2300,3,202205,1.085,22051111,R,R,R,R,R,R,9,9,9,9,9
35.664300000000004,1,2,9,2,9,3,9,9,9,2,150000,1600,3,202205,1.085,22051112,R,R,R,R,R,R,9,9,9,9,9
35.664300000000004,1,2,9,2,9,3,9,9,9,2,150000,1600,3,202205,1.085,22051113,R,R,R,R,R,R,9,9,9,9,9
35.664300000000004,1,2,9,2,9,3,9,9,9,2,170000,2100,3,202205,1.085,22051114,R,R,R,R,R,R,9,9,9,9,9
35.664300000000004,1,2,9,2,9,3,9,9,9,2,190000,2500,3,202205,1.085,22051115,R,R,R,R,R,R,9,9,9,9,9
35.664300000000004,1,2,9,2,9,3,9,9,9,2,140000,2200,3,202205,1.085,22051116,R,R,R,R,R,R,9,9,9,9,9
35.664300000000004,1,2,9,2,9,3,9,9,9,2,87000,1700,3,202205,1.085,22051117,R,R,R,R,I,I,9,9,9,9,9
35.664300000000004,1,2,9,2,9,3,9,9,9,2,180000,1800,3,202205,1.085,22051118,R,R,R,R,R,R,9,9,9,9,9
11.652600000000001,1,2,9,2,9,4,9,9,9,2,200000,1500,3,202205,1.085,22051119,R,R,R,R,R,R,9,9,9,9,9
11.652600000000001,1,2,9,2,9,4,9,9,9,2,170000,1900,3,202205,1.085,22051120,I,I,I,I,I,I,9,9,9,9,9
11.652600000000001,2,2,9,2,9,4,9,9,9,2,130000,1200,3,202205,1.085,22051121,I,I,I,I,I,I,9,9,9,9,9
6.3833,1,2,9,2,9,1,9,9,9,2,150000,1500,3,202205,1.085,22051122,R,I,R,R,R,R,9,9,9,9,9
8.1864,1,2,9,2,9,2,9,9,9,2,170000,1900,3,202205,1.085,22051123,I,I,I,I,I,I,9,9,9,9,9
8.1864,1,2,9,2,9,2,9,9,9,2,160000,1800,3,202205,1.085,22051124,I,I,I,I,I,I,9,9,9,9,9
6.3833,1,2,9,2,9,1,9,9,9,2,120000,1300,3,202205,1.085,22051125,R,R,R,R,R,R,9,9,9,9,9
11.652600000000001,1,2,9,2,9,4,9,9,9,2,140000,1500,3,202205,1.085,22051126,R,I,R,R,R,R,9,9,9,9,9
35.664300000000004,1,2,9,2,9,3,9,9,9,2,120000,1600,3,202205,1.085,22051127,R,R,R,R,R,R,9,9,9,9,9
6.3833,1,2,9,2,9,1,9,9,9,2,120000,1300,3,202205,1.085,22051128,R,R,R,R,R,R,9,9,9,9,9
11.652600000000001,1,2,9,2,9,4,9,9,9,2,140000,1500,3,202205,1.085,22051129,I,I,I,I,I,I,9,9,9,9,9
35.664300000000004,1,2,9,2,9,3,9,9,9,2,100000,2000,3,202205,1.085,22051130,R,R,R,R,R,R,9,9,9,9,9
35.664300000000004,1,2,9,2,9,3,9,9,9,2,130000,1300,3,202205,1.085,22051131,R,R,R,R,R,R,9,9,9,9,9
35.664300000000004,1,2,9,2,9,3,9,9,9,2,130000,1300,3,202205,1.085,22051132,R,R,R,R,R,R,9,9,9,9,9
11.652600000000001,2,2,9,2,9,4,9,9,9,2,170000,1200,1,202205,1.085,22051133,R,R,R,R,R,R,9,9,9,9,9
35.664300000000004,2,2,9,2,9,3,9,9,9,2,110000,1900,3,202205,1.085,22051134,R,R,R,R,R,R,9,9,9,9,9
8.1864,1,2,9,2,9,2,9,9,9,2,140000,1700,3,202205,1.085,22051135,R,R,R,R,R,R,9,9,9,9,9
35.664300000000004,1,2,9,2,9,3,9,9,9,2,120000,2000,3,202205,1.085,22051136,R,R,R,R,R,R,9,9,9,9,9
6.3833,1,2,9,2,9,1,9,9,9,2,140000,1300,3,202205,1.085,22051137,R,I,R,R,R,R,9,9,9,9,9
7.768400000000001,1,2,9,2,9,5,9,9,9,3,190000,1900,3,202205,1.085,22051138,R,R,R,R,R,R,9,9,9,9,9
11.652600000000001,1,2,9,1,9,4,9,9,9,2,9,1500,3,202205,1.085,22051139,I,9,I,I,I,I,9,9,9,9,9
8.1864,1,2,9,2,9,2,9,9,9,2,150000,1500,1,202205,1.085,22051140,I,I,I,I,I,I,9,9,9,9,9
35.664300000000004,1,2,9,2,9,3,9,9,9,2,180000,2500,3,202205,1.085,22051141,R,R,R,R,R,R,9,9,9,9,9
35.664300000000004,1,2,9,2,9,3,9,9,9,2,180000,2100,3,202205,1.085,22051142,R,I,R,R,R,R,9,9,9,9,9
35.664300000000004,1,2,9,2,9,3,9,9,9,2,150000,1600,3,202205,1.085,22051143,R,I,R,R,R,R,9,9,9,9,9
35.664300000000004,1,2,9,2,9,3,9,9,9,2,140000,1600,3,202205,1.085,22051144,R,R,R,R,R,R,9,9,9,9,9
8.1864,1,2,9,2,9,2,9,9,9,2,150000,1200,3,202205,1.085,22051145,R,R,R,R,R,I,9,9,9,9,9
6.3833,1,2,9,2,9,1,9,9,9,2,120000,1300,3,202205,1.085,22051146,R,R,R,R,R,R,9,9,9,9,9
6.3833,1,2,9,2,9,1,9,9,9,2,170000,1900,3,202205,1.085,22051147,I,I,I,I,I,I,9,9,9,9,9
6.3833,1,2,9,2,9,3,9,9,9,2,180000,2100,3,202205,1.085,22051148,I,I,I,I,I,I,9,9,9,9,9
6.3833,2,2,9,2,9,1,9,9,9,2,120000,990,1,202205,1.085,22051149,R,I,R,R,R,R,9,9,9,9,9
35.664300000000004,1,2,9,2,9,3,9,9,9,2,140000,1600,3,202205,1.085,22051150,R,R,I,I,R,R,9,9,9,9,9
35.664300000000004,1,2,9,2,9,3,9,9,9,2,160000,1700,3,202205,1.085,22051151,R,R,R,R,R,R,9,9,9,9,9
11.652600000000001,1,2,9,2,9,4,9,9,9,2,150000,1600,3,202205,1.085,22051152,I,I,I,I,I,I,9,9,9,9,9
35.664300000000004,1,2,9,2,9,3,9,9,9,2,200000,1900,3,202205,1.085,22051153,R,R,R,R,R,R,9,9,9,9,9
35.664300000000004,1,2,9,2,9,3,9,9,9,2,170000,2000,3,202205,1.085,22051154,R,R,R,R,R,R,9,9,9,9,9
11.652600000000001,2,2,9,2,9,4,9,9,9,2,150000,1600,3,202205,1.085,22051155,I,I,I,I,I,I,9,9,9,9,9
35.664300000000004,1,2,9,2,9,3,9,9,9,2,170000,1900,3,202205,1.085,22051156,I,I,I,I,I,I,9,9,9,9,9
35.664300000000004,1,2,9,2,9,3,9,9,9,2,180000,2200,3,202205,1.085,22051157,I,I,I,I,I,I,9,9,9,9,9
35.664300000000004,1,2,9,2,9,3,9,9,9,2,150000,1600,3,202205,1.085,22051158,I,I,I,I,I,I,9,9,9,9,9
35.664300000000004,1,2,9,2,9,3,9,9,9,2,87000,1700,3,202205,1.085,22051159,R,R,R,R,R,R,9,9,9,9,9
35.664300000000004,1,2,9,2,9,3,9,9,9,2,110000,1600,3,202205,1.085,22051160,R,R,R,R,R,R,9,9,9,9,9
8.1864,1,2,9,2,9,2,9,9,9,2,120000,1900,3,202205,1.085,22051161,R,R,R,R,R,R,9,9,9,9,9
35.664300000000004,1,2,9,2,9,3,9,9,9,2,130000,2100,3,202205,1.085,22051162,R,R,R,R,R,R,9,9,9,9,9
35.664300000000004,1,2,9,2,9,3,9,9,9,2,160000,1700,3,202205,1.085,22051163,I,I,I,I,I,I,9,9,9,9,9
35.664300000000004,2,2,9,2,9,3,9,9,9,2,87000,1600,3,202205,1.085,22051164,R,R,R,R,R,R,9,9,9,9,9
11.652600000000001,1,2,9,2,9,4,9,9,9,2,140000,2000,3,202205,1.085,22051165,R,R,R,R,R,R,9,9,9,9,9
35.664300000000004,1,2,9,2,9,3,9,9,9,2,160000,1700,3,202205,1.085,22051166,R,I,I,I,R,R,9,9,9,9,9
35.664300000000004,1,2,9,2,9,3,9,9,9,2,140000,1900,3,202205,1.085,22051167,R,R,R,R,R,R,9,9,9,9,9
35.664300000000004,2,2,9,2,9,3,9,9,9,2,180000,2100,3,202205,1.085,22051168,I,I,I,I,I,I,9,9,9,9,9
11.652600000000001,1,2,9,2,9,4,9,9,9,2,170000,2000,3,202205,1.085,22051169,R,I,R,R,R,R,9,9,9,9,9
8.1864,1,2,9,2,9,2,9,9,9,2,170000,2000,3,202205,1.085,22051170,R,R,R,R,R,R,9,9,9,9,9
35.664300000000004,1,2,9,2,9,3,9,9,9,2,170000,1900,3,202205,1.085,22051171,I,I,I,I,I,I,9,9,9,9,9
8.1864,1,2,9,2,9,2,9,9,9,2,130000,1600,3,202205,1.085,22051172,R,R,R,R,R,R,9,9,9,9,9
35.664300000000004,1,2,9,2,9,3,9,9,9,2,180000,2100,3,202205,1.085,22051173,R,I,R,R,R,R,9,9,9,9,9
11.652600000000001,2,2,9,2,9,4,9,9,9,2,190000,1200,3,202205,1.085,22051174,R,R,R,R,R,R,9,9,9,9,9
11.652600000000001,1,2,9,2,9,4,9,9,9,2,150000,1500,3,202205,1.085,22051175,I,I,I,I,I,I,9,9,9,9,9
11.652600000000001,2,2,9,2,9,4,9,9,9,2,180000,1300,3,202205,1.085,22051176,R,R,R,R,R,R,9,9,9,9,9
11.652600000000001,1,2,9,2,9,4,9,9,9,2,300000,1600,3,202205,1.085,22051177,R,R,R,R,R,R,9,9,9,9,9
11.652600000000001,1,2,9,2,9,4,9,9,9,2,150000,1600,3,202205,1.085,22051178,R,I,R,R,R,R,9,9,9,9,9
11.652600000000001,1,2,9,2,9,4,9,9,9,2,150000,1600,3,202205,1.085,22051179,R,R,R,R,R,R,9,9,9,9,9
35.664300000000004,1,2,9,2,9,3,9,9,9,2,190000,2000,3,202205,1.085,22051180,R,R,R,R,R,R,9,9,9,9,9
35.664300000000004,1,2,9,2,9,3,9,9,9,2,180000,2100,3,202205,1.085,22051181,I,I,I,I,I,I,9,9,9,9,9
11.652600000000001,1,2,9,2,9,4,9,9,9,2,130000,1600,3,202205,1.085,22051182,R,R,R,R,R,R,9,9,9,9,9
6.3833,1,2,9,2,9,1,9,9,9,2,120000,1300,1,202205,1.085,22051183,R,R,R,R,R,R,9,9,9,9,9
35.664300000000004,1,2,9,2,9,3,9,9,9,2,150000,1600,3,202205,1.085,22051184,I,I,I,I,I,I,9,9,9,9,9
8.1864,1,2,9,2,9,2,9,9,9,2,140000,1300,3,202205,1.085,22051185,I,I,I,I,I,I,9,9,9,9,9
6.3833,1,2,9,2,9,1,9,9,9,2,110000,1700,3,202205,1.085,22051186,R,R,R,R,R,R,9,9,9,9,9
6.3833,1,2,9,2,9,1,9,9,9,2,160000,1700,1,202205,1.085,22051187,R,I,R,R,R,R,9,9,9,9,9
8.1864,1,2,9,2,9,2,9,9,9,2,180000,1700,3,202205,1.085,22051188,R,R,R,R,R,R,9,9,9,9,9
8.1864,1,2,9,2,9,2,9,9,9,2,140000,1300,3,202205,1.085,22051189,I,I,I,I,I,I,9,9,9,9,9
8.1864,1,2,9,2,9,2,9,9,9,2,150000,1600,3,202205,1.085,22051190,I,I,I,I,I,I,9,9,9,9,9
6.3833,1,2,9,2,9,1,9,9,9,2,150000,1700,3,202205,1.085,22051191,R,R,R,R,R,R,9,9,9,9,9
6.3833,1,2,9,2,9,1,9,9,9,2,150000,1600,3,202205,1.085,22051192,R,I,R,R,R,R,9,9,9,9,9
11.652600000000001,1,2,9,2,9,4,9,9,9,2,150000,1600,3,202205,1.085,22051193,I,I,I,I,I,I,9,9,9,9,9
35.664300000000004,1,2,9,2,9,3,9,9,9,2,210000,2200,3,202205,1.085,22051194,R,R,R,R,R,R,9,9,9,9,9
8.1864,1,2,9,2,9,2,9,9,9,2,130000,1300,3,202205,1.085,22051195,R,R,R,R,R,R,9,9,9,9,9
8.1864,1,2,9,2,9,2,9,9,9,2,120000,1600,3,202205,1.085,22051196,R,R,R,R,R,R,9,9,9,9,9
35.664300000000004,1,2,9,2,9,3,9,9,9,2,140000,2000,3,202205,1.085,22051197,R,R,R,R,R,R,9,9,9,9,9
35.664300000000004,1,2,9,2,9,3,9,9,9,2,190000,2500,3,202205,1.085,22051198,I,I,I,I,I,I,9,9,9,9,9
35.664300000000004,1,2,9,2,9,3,9,9,9,2,180000,2100,3,202205,1.085,22051199,I,I,I,I,I,I,9,9,9,9,9
35.664300000000004,1,2,9,2,9,3,9,9,9,2,87000,1700,3,202205,1.085,22051200,R,R,R,R,R,R,9,9,9,9,9
35.664300000000004,2,2,9,2,9,3,9,9,9,2,140000,2000,3,202205,1.085,22051201,R,R,R,R,R,R,9,9,9,9,9
35.664300000000004,1,2,9,2,9,3,9,9,9,2,87000,1500,3,202205,1.085,22051202,R,R,R,R,R,R,9,9,9,9,9
35.664300000000004,1,2,9,2,9,3,9,9,9,2,210000,2500,3,202205,1.085,22051203,R,R,R,R,R,R,9,9,9,9,9
8.1864,1,2,9,2,9,2,9,9,9,2,89000,1600,3,202205,1.085,22051204,R,R,R,R,R,R,9,9,9,9,9
35.664300000000004,1,2,9,2,9,3,9,9,9,2,160000,2000,3,202205,1.085,22051205,R,R,R,R,R,R,9,9,9,9,9
8.1864,1,2,9,2,9,2,9,9,9,2,130000,1200,3,202205,1.085,22051206,R,R,R,R,R,R,9,9,9,9,9
35.664300000000004,1,2,9,2,9,3,9,9,9,2,150000,2100,3,202205,1.085,22051207,R,R,R,R,R,R,9,9,9,9,9
8.1864,1,2,9,2,9,2,9,9,9,2,130000,1100,3,202205,1.085,22051208,R,I,R,R,R,R,9,9,9,9,9
11.652600000000001,3,9,9,9,9,5,9,9,9,2,9,9,9,202205,1.085,22051209,R,9,9,9,9,9,9,9,9,9,9
35.664300000000004,3,9,9,9,9,5,9,9,9,2,9,9,9,202205,1.085,22051210,I,9,9,9,9,9,9,9,9,9,9
11.652600000000001,3,9,9,9,9,5,9,9,9,2,9,9,9,202205,1.085,22051211,R,9,9,9,9,9,9,9,9,9,9
8.1864,3,9,9,9,9,5,9,9,9,2,9,9,9,202205,1.085,22051212,R,9,9,9,9,9,9,9,9,9,9
6.3833,3,9,9,9,9,5,9,9,9,2,9,9,9,202205,1.085,22051213,R,9,9,9,9,9,9,9,9,9,9
79.4143,2,1,5,2,1,3,1,1,2,1,95000,1200,3,202206,0.9574,22060001,R,I,I,I,R,R,I,I,R,I,I
79.4143,2,1,4,2,1,3,1,2,1,1,68000,1200,3,202206,0.9574,22060002,R,R,R,R,R,R,R,R,R,R,R
79.4143,2,1,5,2,3,3,1,2,1,1,95000,1200,3,202206,0.9574,22060003,I,I,I,I,I,I,I,I,I,I,I
25.5579,2,1,3,2,3,4,1,1,2,1,65000,730,1,202206,0.9574,22060004,R,R,R,R,R,R,R,R,R,R,R
25.5579,2,1,4,2,2,4,3,1,2,1,95000,700,1,202206,0.9574,22060005,R,R,R,R,R,R,R,R,R,R,R
18.2182,1,1,4,2,1,4,3,2,1,1,57000,730,1,202206,0.9574,22060006,I,I,I,I,I,I,I,I,I,I,I
18.2182,2,1,3,2,1,4,3,1,2,1,57000,730,1,202206,0.9574,22060007,I,I,I,I,I,I,I,I,I,I,I
25.5579,1,1,5,2,1,4,1,1,2,1,73000,900,1,202206,0.9574,22060008,R,I,R,R,R,R,I,I,R,I,I
79.4143,1,1,5,2,2,3,1,1,1,1,99000,1300,3,202206,0.9574,22060009,R,I,R,R,R,R,R,R,R,R,R
79.4143,2,1,4,2,2,3,1,1,1,1,61000,660,1,202206,0.9574,22060010,I,I,I,I,I,I,I,I,I,I,I
25.5579,2,1,3,2,1,4,1,1,2,1,66000,800,3,202206,0.9574,22060011,R,I,I,I,R,R,I,I,R,I,I
18.2182,2,1,3,2,1,2,1,1,2,1,84000,1100,3,202206,0.9574,22060012,I,I,I,I,I,I,I,I,I,I,I
18.2182,2,1,3,2,1,2,1,1,1,1,99000,1300,3,202206,0.9574,22060013,I,I,I,I,I,I,I,I,I,I,I
18.2182,2,1,3,2,1,2,1,1,2,1,95000,1200,3,202206,0.9574,22060014,I,I,I,I,I,I,I,I,I,I,I
25.5579,2,1,3,2,1,2,1,1,2,1,95000,1200,3,202206,0.9574,22060015,R,I,I,I,I,R,I,I,R,I,I
18.2182,1,1,3,2,1,2,1,1,2,1,85000,1100,3,202206,0.9574,22060016,R,R,R,R,R,R,R,R,R,R,R
18.2182,2,1,3,2,1,2,1,1,2,1,99000,1300,3,202206,0.9574,22060017,I,I,I,I,I,I,I,I,I,I,I
18.2182,2,1,3,2,1,2,1,1,2,1,84000,1100,3,202206,0.9574,22060018,R,I,I,I,R,R,I,I,I,I,I
18.2182,2,1,3,1,1,2,1,1,2,1,9,1200,3,202206,0.9574,22060019,R,9,I,I,R,R,I,I,R,I,I
18.2182,2,1,3,2,1,2,1,1,2,1,94000,1200,3,202206,0.9574,22060020,I,I,I,I,I,I,I,I,I,I,I
18.2182,1,1,3,2,1,2,1,1,1,1,70000,1200,3,202206,0.9574,22060021,R,R,R,R,R,R,I,I,R,I,I
18.2182,2,1,3,2,1,2,1,1,1,1,88000,1100,3,202206,0.9574,22060022,I,I,I,I,I,I,I,I,I,I,I
18.2182,1,1,3,2,1,2,1,1,2,1,88000,1100,1,202206,0.9574,22060023,R,R,R,R,R,R,R,I,R,I,I
18.2182,2,1,3,2,1,2,1,1,2,1,95000,1200,3,202206,0.9574,22060024,I,I,I,I,I,I,I,I,I,I,I
25.5579,2,1,3,2,1,2,1,1,2,1,87000,1100,3,202206,0.9574,22060025,R,R,R,R,R,R,I,I,R,I,I
18.2182,1,1,3,2,1,2,1,1,2,1,95000,1200,3,202206,0.9574,22060026,I,I,I,I,I,I,I,I,I,I,I
18.2182,1,1,3,2,1,2,1,1,2,1,85000,1100,3,202206,0.9574,22060027,R,R,R,R,R,R,I,I,R,I,I
79.4143,2,1,5,2,3,3,1,1,2,1,95000,1200,3,202206,0.9574,22060028,R,R,R,R,R,R,R,R,R,R,R
18.2182,1,1,3,1,2,2,1,1,1,1,9,1100,3,202206,0.9574,22060029,I,9,I,I,I,I,I,I,I,I,I
18.2182,2,1,5,2,3,2,4,1,1,1,99000,1300,3,202206,0.9574,22060030,I,I,I,I,I,I,I,I,I,I,I
18.2182,2,1,3,2,2,2,1,1,1,1,95000,1200,3,202206,0.9574,22060031,I,I,I,I,I,I,I,I,I,I,I
25.5579,1,1,3,2,2,4,1,1,2,1,73000,900,1,202206,0.9574,22060032,I,I,I,I,I,I,I,I,I,I,I
16.25,2,1,3,2,1,1,1,1,2,1,84000,1100,1,202206,0.9574,22060033,I,I,I,I,I,I,I,I,I,I,I
16.25,1,1,3,2,1,1,1,1,2,1,110000,1200,3,202206,0.9574,22060034,R,R,R,R,R,R,R,R,R,R,R
79.4143,2,1,5,2,3,3,1,3,2,1,95000,1200,3,202206,0.9574,22060035,I,I,I,I,I,I,I,I,I,I,I
18.2182,1,1,3,1,1,2,1,1,3,1,9,1200,3,202206,0.9574,22060036,R,9,R,R,R,R,R,R,R,R,R
79.4143,2,1,4,2,3,3,1,1,2,1,69000,840,1,202206,0.9574,22060037,I,I,I,I,I,I,I,I,I,I,I
79.4143,2,1,3,2,2,3,1,1,2,1,130000,1200,3,202206,0.9574,22060038,R,R,R,R,R,R,R,R,R,R,R
16.25,2,1,3,2,2,1,1,1,2,1,95000,1200,3,202206,0.9574,22060039,R,R,R,R,R,R,R,R,R,R,R
16.25,2,1,3,2,1,1,1,1,1,1,95000,1100,1,202206,0.9574,22060040,R,R,R,R,R,R,R,R,R,R,R
16.25,1,1,3,2,1,1,1,1,2,1,92000,1200,3,202206,0.9574,22060041,I,I,I,I,I,I,I,I,I,I,I
79.4143,1,1,3,2,3,3,1,1,1,1,100000,1300,1,202206,0.9574,22060042,I,I,I,I,I,I,I,I,I,I,I
79.4143,2,1,5,2,3,3,1,1,2,1,90000,1200,3,202206,0.9574,22060043,I,I,I,I,I,I,I,I,I,I,I
79.4143,2,1,3,2,3,3,1,1,2,1,130000,1200,3,202206,0.9574,22060044,R,R,R,R,R,R,R,R,R,R,R
79.4143,2,1,3,2,2,3,1,1,2,1,59000,840,1,202206,0.9574,22060045,R,R,R,R,R,R,R,R,R,R,R
79.4143,2,1,5,2,1,3,1,1,2,1,65000,920,3,202206,0.9574,22060046,R,R,R,R,R,R,R,R,R,R,R
79.4143,2,1,3,2,3,3,1,1,2,1,95000,1200,3,202206,0.9574,22060047,I,I,I,I,I,I,I,I,I,I,I
79.4143,2,1,3,2,3,3,1,1,2,1,94000,1300,3,202206,0.9574,22060048,R,R,R,R,R,R,R,R,R,R,R
79.4143,2,1,3,2,3,3,1,1,2,1,130000,1300,1,202206,0.9574,22060049,R,R,R,R,R,R,R,R,R,R,R
79.4143,2,1,3,2,2,3,1,1,2,1,53000,920,3,202206,0.9574,22060050,R,R,R,R,R,R,R,R,R,R,R
18.2182,1,1,3,2,1,2,1,1,3,1,120000,1200,3,202206,0.9574,22060051,R,R,R,R,R,R,R,R,R,R,R
18.2182,2,1,3,2,1,2,1,1,2,1,100000,1300,3,202206,0.9574,22060052,R,R,R,R,R,R,R,R,R,R,R
16.25,1,1,1,2,1,1,0,0,2,1,150000,840,1,202206,0.9574,22060053,R,R,R,R,R,R,R,R,R,R,R
16.25,2,1,1,1,1,1,0,0,3,1,9,780,1,202206,0.9574,22060054,R,9,R,R,R,R,R,R,R,R,R
16.25,1,1,1,2,1,1,0,0,2,1,69000,840,1,202206,0.9574,22060055,I,I,I,I,I,I,I,R,I,I,R
79.4143,2,1,2,1,3,3,0,0,2,1,9,920,3,202206,0.9574,22060056,I,9,I,I,I,I,I,R,I,I,R
18.2182,1,1,1,2,4,2,0,0,2,1,56000,960,1,202206,0.9574,22060057,R,R,R,R,R,R,R,R,R,R,R
25.5579,2,1,1,2,2,4,0,0,2,1,57000,700,1,202206,0.9574,22060058,I,I,I,I,I,I,I,R,I,I,R
25.5579,1,1,1,2,2,4,0,0,2,1,99000,800,1,202206,0.9574,22060059,R,R,R,R,I,I,I,R,I,I,R
25.5579,2,1,1,2,2,4,0,0,2,1,66000,800,3,202206,0.9574,22060060,I,I,I,I,I,I,I,R,I,I,R
16.25,1,1,1,2,1,1,0,0,1,1,95000,1200,3,202206,0.9574,22060061,I,I,I,I,I,I,I,R,I,I,R
18.2182,2,1,2,2,1,2,0,0,2,1,99000,1300,1,202206,0.9574,22060062,I,I,I,I,I,I,I,R,I,I,R
18.2182,2,1,1,2,1,2,0,0,2,1,86000,1300,1,202206,0.9574,22060063,R,R,R,R,R,R,R,R,R,R,R
16.25,2,1,1,2,1,1,0,0,2,1,90000,1200,3,202206,0.9574,22060064,I,I,I,I,I,I,I,R,I,I,R
79.4143,2,1,1,2,1,3,0,0,2,1,69000,1100,3,202206,0.9574,22060065,R,R,R,R,R,R,R,R,R,R,R
79.4143,2,1,1,2,3,3,0,0,2,1,69000,840,1,202206,0.9574,22060066,I,I,I,I,I,I,I,R,I,I,R
18.2182,2,1,1,2,1,2,0,0,1,1,95000,1200,3,202206,0.9574,22060067,R,I,I,I,R,R,I,R,R,I,R
79.4143,1,2,9,2,9,3,9,9,9,1,82000,1000,3,202206,0.9574,22060068,I,I,I,I,I,I,9,9,9,9,9
79.4143,2,2,9,2,9,3,9,9,9,1,99000,1300,3,202206,0.9574,22060069,I,I,I,I,I,I,9,9,9,9,9
79.4143,1,2,9,2,9,3,9,9,9,1,77000,960,1,202206,0.9574,22060070,R,I,R,R,R,R,9,9,9,9,9
79.4143,1,2,9,2,9,3,9,9,9,1,77000,960,1,202206,0.9574,22060071,I,I,I,I,I,I,9,9,9,9,9
16.25,1,2,9,2,9,1,9,9,9,1,95000,1200,3,202206,0.9574,22060072,I,I,I,I,I,I,9,9,9,9,9
18.2182,1,2,9,2,9,2,9,9,9,1,65000,1100,3,202206,0.9574,22060073,R,R,R,R,R,R,9,9,9,9,9
18.2182,1,2,9,2,9,2,9,9,9,1,99000,1300,3,202206,0.9574,22060074,I,I,I,I,I,I,9,9,9,9,9
79.4143,1,2,9,2,9,3,9,9,9,1,99000,1300,3,202206,0.9574,22060075,R,I,R,R,R,R,9,9,9,9,9
79.4143,1,2,9,2,9,3,9,9,9,1,75000,920,3,202206,0.9574,22060076,I,I,I,I,I,I,9,9,9,9,9
25.5579,2,2,9,2,9,4,9,9,9,1,57000,730,1,202206,0.9574,22060077,I,I,I,I,I,I,9,9,9,9,9
18.2182,1,2,9,2,9,2,9,9,9,1,91000,1200,3,202206,0.9574,22060078,R,R,R,R,R,R,9,9,9,9,9
18.2182,1,2,9,2,9,2,9,9,9,1,94000,1200,3,202206,0.9574,22060079,I,I,I,I,I,I,9,9,9,9,9
18.2182,1,2,9,2,9,2,9,9,9,1,99000,1200,3,202206,0.9574,22060080,R,R,R,R,I,I,9,9,9,9,9
79.4143,1,2,9,2,9,3,9,9,9,1,90000,1200,3,202206,0.9574,22060081,I,I,I,I,I,I,9,9,9,9,9
79.4143,1,2,9,2,9,3,9,9,9,1,90000,1200,3,202206,0.9574,22060082,R,R,R,R,R,R,9,9,9,9,9
79.4143,1,2,9,2,9,3,9,9,9,1,95000,1200,3,202206,0.9574,22060083,I,I,I,I,I,I,9,9,9,9,9
79.4143,1,2,9,2,9,3,9,9,9,1,99000,1300,3,202206,0.9574,22060084,R,I,R,R,R,R,9,9,9,9,9
18.2182,1,2,9,2,9,2,9,9,9,1,95000,1300,3,202206,0.9574,22060085,R,R,R,R,R,R,9,9,9,9,9
79.4143,1,2,9,2,9,3,9,9,9,1,84000,1100,3,202206,0.9574,22060086,R,I,R,R,R,R,9,9,9,9,9
79.4143,1,2,9,2,9,3,9,9,9,1,78000,840,1,202206,0.9574,22060087,R,R,R,R,R,R,9,9,9,9,9
79.4143,1,2,9,2,9,3,9,9,9,1,95000,1200,3,202206,0.9574,22060088,I,I,I,I,I,I,9,9,9,9,9
79.4143,1,2,9,2,9,3,9,9,9,1,95000,1200,3,202206,0.9574,22060089,R,I,R,R,R,R,9,9,9,9,9
79.4143,1,2,9,2,9,3,9,9,9,1,90000,1200,3,202206,0.9574,22060090,R,I,R,R,R,R,9,9,9,9,9
79.4143,1,2,9,2,9,3,9,9,9,1,82000,1000,3,202206,0.9574,22060091,I,I,I,I,I,I,9,9,9,9,9
79.4143,1,2,9,2,9,3,9,9,9,1,82000,1000,3,202206,0.9574,22060092,I,I,I,I,I,I,9,9,9,9,9
18.2182,1,2,9,2,9,2,9,9,9,1,99000,1300,3,202206,0.9574,22060093,I,I,I,I,I,I,9,9,9,9,9
18.2182,1,2,9,2,9,3,9,9,9,1,90000,1200,3,202206,0.9574,22060094,R,R,R,R,R,R,9,9,9,9,9
79.4143,1,2,9,2,9,3,9,9,9,1,95000,1200,3,202206,0.9574,22060095,R,I,R,R,R,R,9,9,9,9,9
18.2182,1,2,9,2,9,2,9,9,9,1,96000,1200,1,202206,0.9574,22060096,I,I,I,I,I,I,9,9,9,9,9
18.2182,1,2,9,2,9,2,9,9,9,1,94000,1200,3,202206,0.9574,22060097,I,I,I,I,I,I,9,9,9,9,9
18.2182,1,2,9,2,9,2,9,9,9,1,90000,1300,3,202206,0.9574,22060098,R,R,R,R,R,R,9,9,9,9,9
18.2182,1,2,9,2,9,3,9,9,9,1,53000,660,1,202206,0.9574,22060099,R,R,R,R,R,R,9,9,9,9,9
16.25,1,2,9,2,9,1,9,9,9,1,92000,1200,3,202206,0.9574,22060100,I,I,I,I,I,I,9,9,9,9,9
79.4143,1,2,9,2,9,3,9,9,9,1,67000,1200,3,202206,0.9574,22060101,R,R,R,R,R,R,9,9,9,9,9
79.4143,1,2,9,2,9,3,9,9,9,1,95000,1200,3,202206,0.9574,22060102,R,R,R,R,R,R,9,9,9,9,9
16.25,1,2,9,2,9,1,9,9,9,1,85000,1200,3,202206,0.9574,22060103,R,R,R,R,R,R,9,9,9,9,9
18.2182,1,2,9,2,9,2,9,9,9,1,77000,960,1,202206,0.9574,22060104,I,I,I,I,I,I,9,9,9,9,9
18.2182,1,2,9,2,9,2,9,9,9,1,89000,1300,3,202206,0.9574,22060105,R,R,R,R,R,R,9,9,9,9,9
18.2182,1,2,9,2,9,2,9,9,9,1,86000,1100,3,202206,0.9574,22060106,I,I,I,I,I,I,9,9,9,9,9
18.2182,1,2,9,2,9,2,9,9,9,1,80000,1300,3,202206,0.9574,22060107,R,R,R,R,R,R,9,9,9,9,9
18.2182,2,2,9,2,9,2,9,9,9,1,120000,1100,3,202206,0.9574,22060108,R,R,R,R,R,R,9,9,9,9,9
18.2182,1,2,9,2,9,2,9,9,9,1,85000,1200,3,202206,0.9574,22060109,R,R,R,R,R,R,9,9,9,9,9
18.2182,1,2,9,2,9,2,9,9,9,1,75000,1200,1,202206,0.9574,22060110,R,R,R,R,R,R,9,9,9,9,9
16.25,1,2,9,2,9,1,9,9,9,1,55000,1200,3,202206,0.9574,22060111,R,R,I,I,R,R,9,9,9,9,9
79.4143,1,2,9,2,9,3,9,9,9,1,84000,1200,3,202206,0.9574,22060112,R,R,R,R,R,R,9,9,9,9,9
79.4143,1,2,9,2,9,3,9,9,9,1,82000,1000,3,202206,0.9574,22060113,I,I,I,I,I,I,9,9,9,9,9
79.4143,1,2,9,2,9,3,9,9,9,1,84000,1100,3,202206,0.9574,22060114,I,I,I,I,I,I,9,9,9,9,9
18.2182,1,2,9,1,9,2,9,9,9,1,9,1200,3,202206,0.9574,22060115,R,9,R,R,R,R,9,9,9,9,9
18.2182,1,2,9,2,9,2,9,9,9,1,70000,1100,3,202206,0.9574,22060116,R,R,R,R,R,R,9,9,9,9,9
1.0,3,9,9,9,9,5,9,9,9,1,9,9,9,202206,0.9574,22060117,R,9,9,9,9,9,9,9,9,9,9
1.0,3,9,9,9,9,5,9,9,9,1,9,9,9,202206,0.9574,22060118,R,9,9,9,9,9,9,9,9,9,9
1.0,3,9,9,9,9,5,9,9,9,1,9,9,9,202206,0.9574,22060119,R,9,9,9,9,9,9,9,9,9,9
1.0,3,9,9,9,9,5,9,9,9,1,9,9,9,202206,0.9574,22060120,R,9,9,9,9,9,9,9,9,9,9
1.0,3,9,9,9,9,5,9,9,9,1,9,9,9,202206,0.9574,22060121,R,9,9,9,9,9,9,9,9,9,9
1.0,3,9,9,9,9,5,9,9,9,1,9,9,9,202206,0.9574,22060122,R,9,9,9,9,9,9,9,9,9,9
1.0,3,9,9,9,9,5,9,9,9,1,9,9,9,202206,0.9574,22060123,R,9,9,9,9,9,9,9,9,9,9
1.0,3,9,9,9,9,5,9,9,9,1,9,9,9,202206,0.9574,22060124,R,9,9,9,9,9,9,9,9,9,9
1.0,3,9,9,9,9,5,9,9,9,1,9,9,9,202206,0.9574,22060125,R,9,9,9,9,9,9,9,9,9,9
1.0,3,9,9,9,9,5,9,9,9,1,9,9,9,202206,0.9574,22060126,R,9,9,9,9,9,9,9,9,9,9
1.0,3,9,9,9,9,5,9,9,9,1,9,9,9,202206,0.9574,22060127,R,9,9,9,9,9,9,9,9,9,9
1.0,3,9,9,9,9,5,9,9,9,1,9,9,9,202206,0.9574,22060128,R,9,9,9,9,9,9,9,9,9,9
1.0,3,9,9,9,9,5,9,9,9,1,9,9,9,202206,0.9574,22060129,R,9,9,9,9,9,9,9,9,9,9
1.0,3,9,9,9,9,5,9,9,9,1,9,9,9,202206,0.9574,22060130,R,9,9,9,9,9,9,9,9,9,9
1.0,3,9,9,9,9,5,9,9,9,1,9,9,9,202206,0.9574,22060131,R,9,9,9,9,9,9,9,9,9,9
1.0,3,9,9,9,9,5,9,9,9,1,9,9,9,202206,0.9574,22060132,R,9,9,9,9,9,9,9,9,9,9
1.0,3,9,9,9,9,5,9,9,9,1,9,9,9,202206,0.9574,22060133,R,9,9,9,9,9,9,9,9,9,9
1.0,3,9,9,9,9,5,9,9,9,1,9,9,9,202206,0.9574,22060134,R,9,9,9,9,9,9,9,9,9,9
1.0,3,9,9,9,9,5,9,9,9,1,9,9,9,202206,0.9574,22060135,R,9,9,9,9,9,9,9,9,9,9
1.0,3,9,9,9,9,5,9,9,9,1,9,9,9,202206,0.9574,22060136,R,9,9,9,9,9,9,9,9,9,9
1.0,3,9,9,9,9,5,9,9,9,1,9,9,9,202206,0.9574,22060137,R,9,9,9,9,9,9,9,9,9,9
1.0,3,9,9,9,9,5,9,9,9,1,9,9,9,202206,0.9574,22060138,R,9,9,9,9,9,9,9,9,9,9
1.0,3,9,9,9,9,5,9,9,9,1,9,9,9,202206,0.9574,22060139,R,9,9,9,9,9,9,9,9,9,9
1.0,3,9,9,9,9,5,9,9,9,1,9,9,9,202206,0.9574,22060140,R,9,9,9,9,9,9,9,9,9,9
1.0,3,9,9,9,9,5,9,9,9,1,9,9,9,202206,0.9574,22060141,R,9,9,9,9,9,9,9,9,9,9
1.0,3,9,9,9,9,5,9,9,9,1,9,9,9,202206,0.9574,22060142,R,9,9,9,9,9,9,9,9,9,9
1.0,3,9,9,9,9,5,9,9,9,1,9,9,9,202206,0.9574,22060143,R,9,9,9,9,9,9,9,9,9,9
1.0,3,9,9,9,9,5,9,9,9,1,9,9,9,202206,0.9574,22060144,R,9,9,9,9,9,9,9,9,9,9
1.0,3,9,9,9,9,5,9,9,9,1,9,9,9,202206,0.9574,22060145,R,9,9,9,9,9,9,9,9,9,9
1.0,3,9,9,9,9,5,9,9,9,1,9,9,9,202206,0.9574,22060146,R,9,9,9,9,9,9,9,9,9,9
1.0,3,9,9,9,9,5,9,9,9,1,9,9,9,202206,0.9574,22060147,R,9,9,9,9,9,9,9,9,9,9
1.0,3,9,9,9,9,5,9,9,9,1,9,9,9,202206,0.9574,22060148,R,9,9,9,9,9,9,9,9,9,9
1.0,3,9,9,9,9,5,9,9,9,1,9,9,9,202206,0.9574,22060149,R,9,9,9,9,9,9,9,9,9,9
1.0,3,9,9,9,9,5,9,9,9,1,9,9,9,202206,0.9574,22060150,R,9,9,9,9,9,9,9,9,9,9
1.0,3,9,9,9,9,5,9,9,9,1,9,9,9,202206,0.9574,22060151,R,9,9,9,9,9,9,9,9,9,9
1.0,3,9,9,9,9,5,9,9,9,1,9,9,9,202206,0.9574,22060152,R,9,9,9,9,9,9,9,9,9,9
1.0,3,9,9,9,9,5,9,9,9,1,9,9,9,202206,0.9574,22060153,R,9,9,9,9,9,9,9,9,9,9
1.0,3,9,9,9,9,5,9,9,9,1,9,9,9,202206,0.9574,22060154,R,9,9,9,9,9,9,9,9,9,9
1.0,3,9,9,9,9,5,9,9,9,1,9,9,9,202206,0.9574,22060155,R,9,9,9,9,9,9,9,9,9,9
1.0,3,9,9,9,9,5,9,9,9,1,9,9,9,202206,0.9574,22060156,R,9,9,9,9,9,9,9,9,9,9
1.0,3,9,9,9,9,5,9,9,9,1,9,9,9,202206,0.9574,22060157,R,9,9,9,9,9,9,9,9,9,9
1.0,3,9,9,9,9,5,9,9,9,1,9,9,9,202206,0.9574,22060158,R,9,9,9,9,9,9,9,9,9,9
1.0,3,9,9,9,9,5,9,9,9,1,9,9,9,202206,0.9574,22060159,R,9,9,9,9,9,9,9,9,9,9
1.0,3,9,9,9,9,5,9,9,9,1,9,9,9,202206,0.9574,22060160,R,9,9,9,9,9,9,9,9,9,9
1.0,3,9,9,9,9,5,9,9,9,1,9,9,9,202206,0.9574,22060161,R,9,9,9,9,9,9,9,9,9,9
1.0,3,9,9,9,9,5,9,9,9,1,9,9,9,202206,0.9574,22060162,R,9,9,9,9,9,9,9,9,9,9
1.0,3,9,9,9,9,5,9,9,9,1,9,9,9,202206,0.9574,22060163,R,9,9,9,9,9,9,9,9,9,9
1.0,3,9,9,9,9,5,9,9,9,1,9,9,9,202206,0.9574,22060164,R,9,9,9,9,9,9,9,9,9,9
1.0,3,9,9,9,9,5,9,9,9,1,9,9,9,202206,0.9574,22060165,R,9,9,9,9,9,9,9,9,9,9
1.0,3,9,9,9,9,5,9,9,9,1,9,9,9,202206,0.9574,22060166,R,9,9,9,9,9,9,9,9,9,9
1.0,3,9,9,9,9,5,9,9,9,1,9,9,9,202206,0.9574,22060167,R,9,9,9,9,9,9,9,9,9,9
1.0,3,9,9,9,9,5,9,9,9,1,9,9,9,202206,0.9574,22060168,R,9,9,9,9,9,9,9,9,9,9
1.0,3,9,9,9,9,5,9,9,9,1,9,9,9,202206,0.9574,22060169,R,9,9,9,9,9,9,9,9,9,9
1.0,3,9,9,9,9,5,9,9,9,1,9,9,9,202206,0.9574,22060170,R,9,9,9,9,9,9,9,9,9,9
1.0,3,9,9,9,9,5,9,9,9,1,9,9,9,202206,0.9574,22060171,R,9,9,9,9,9,9,9,9,9,9
1.0,3,9,9,9,9,5,9,9,9,1,9,9,9,202206,0.9574,22060172,R,9,9,9,9,9,9,9,9,9,9
1.0,3,9,9,9,9,5,9,9,9,1,9,9,9,202206,0.9574,22060173,R,9,9,9,9,9,9,9,9,9,9
1.0,3,9,9,9,9,5,9,9,9,1,9,9,9,202206,0.9574,22060174,R,9,9,9,9,9,9,9,9,9,9
1.0,3,9,9,9,9,5,9,9,9,1,9,9,9,202206,0.9574,22060175,R,9,9,9,9,9,9,9,9,9,9
1.0,3,9,9,9,9,5,9,9,9,1,9,9,9,202206,0.9574,22060176,R,9,9,9,9,9,9,9,9,9,9
1.0,3,9,9,9,9,5,9,9,9,1,9,9,9,202206,0.9574,22060177,R,9,9,9,9,9,9,9,9,9,9
1.0,3,9,9,9,9,5,9,9,9,1,9,9,9,202206,0.9574,22060178,R,9,9,9,9,9,9,9,9,9,9
1.0,3,9,9,9,9,5,9,9,9,1,9,9,9,202206,0.9574,22060179,R,9,9,9,9,9,9,9,9,9,9
1.0,3,9,9,9,9,5,9,9,9,1,9,9,9,202206,0.9574,22060180,R,9,9,9,9,9,9,9,9,9,9
1.0,3,9,9,9,9,5,9,9,9,1,9,9,9,202206,0.9574,22060181,R,9,9,9,9,9,9,9,9,9,9
1.0,3,9,9,9,9,5,9,9,9,1,9,9,9,202206,0.9574,22060182,R,9,9,9,9,9,9,9,9,9,9
1.0,3,9,9,9,9,5,9,9,9,1,9,9,9,202206,0.9574,22060183,R,9,9,9,9,9,9,9,9,9,9
1.0,3,9,9,9,9,5,9,9,9,1,9,9,9,202206,0.9574,22060184,R,9,9,9,9,9,9,9,9,9,9
1.0,3,9,9,9,9,5,9,9,9,1,9,9,9,202206,0.9574,22060185,R,9,9,9,9,9,9,9,9,9,9
1.0,3,9,9,9,9,5,9,9,9,1,9,9,9,202206,0.9574,22060186,R,9,9,9,9,9,9,9,9,9,9
1.0,3,9,9,9,9,5,9,9,9,1,9,9,9,202206,0.9574,22060187,R,9,9,9,9,9,9,9,9,9,9
1.0,3,9,9,9,9,5,9,9,9,1,9,9,9,202206,0.9574,22060188,R,9,9,9,9,9,9,9,9,9,9
1.0,3,9,9,9,9,5,9,9,9,1,9,9,9,202206,0.9574,22060189,R,9,9,9,9,9,9,9,9,9,9
1.0,3,9,9,9,9,5,9,9,9,1,9,9,9,202206,0.9574,22060190,R,9,9,9,9,9,9,9,9,9,9
1.0,3,9,9,9,9,5,9,9,9,1,9,9,9,202206,0.9574,22060191,R,9,9,9,9,9,9,9,9,9,9
1.0,3,9,9,9,9,5,9,9,9,1,9,9,9,202206,0.9574,22060192,R,9,9,9,9,9,9,9,9,9,9
1.0,3,9,9,9,9,5,9,9,9,1,9,9,9,202206,0.9574,22060193,R,9,9,9,9,9,9,9,9,9,9
1.0,3,9,9,9,9,5,9,9,9,1,9,9,9,202206,0.9574,22060194,R,9,9,9,9,9,9,9,9,9,9
1.0,3,9,9,9,9,5,9,9,9,1,9,9,9,202206,0.9574,22060195,R,9,9,9,9,9,9,9,9,9,9
1.0,3,9,9,9,9,5,9,9,9,1,9,9,9,202206,0.9574,22060196,R,9,9,9,9,9,9,9,9,9,9
1.0,3,9,9,9,9,5,9,9,9,1,9,9,9,202206,0.9574,22060197,R,9,9,9,9,9,9,9,9,9,9
1.0,3,9,9,9,9,5,9,9,9,1,9,9,9,202206,0.9574,22060198,R,9,9,9,9,9,9,9,9,9,9
1.0,3,9,9,9,9,5,9,9,9,1,9,9,9,202206,0.9574,22060199,R,9,9,9,9,9,9,9,9,9,9
1.0,3,9,9,9,9,5,9,9,9,1,9,9,9,202206,0.9574,22060200,R,9,9,9,9,9,9,9,9,9,9
1.0,3,9,9,9,9,5,9,9,9,1,9,9,9,202206,0.9574,22060201,R,9,9,9,9,9,9,9,9,9,9
1.0,3,9,9,9,9,5,9,9,9,1,9,9,9,202206,0.9574,22060202,R,9,9,9,9,9,9,9,9,9,9
1.0,3,9,9,9,9,5,9,9,9,1,9,9,9,202206,0.9574,22060203,R,9,9,9,9,9,9,9,9,9,9
1.0,3,9,9,9,9,5,9,9,9,1,9,9,9,202206,0.9574,22060204,R,9,9,9,9,9,9,9,9,9,9
18.2182,3,9,9,9,9,5,9,9,9,1,9,9,9,202206,0.9574,22060205,I,9,9,9,9,9,9,9,9,9,9
1.0,3,9,9,9,9,5,9,9,9,1,9,9,9,202206,0.9574,22060206,R,9,9,9,9,9,9,9,9,9,9
1.0,3,9,9,9,9,5,9,9,9,1,9,9,9,202206,0.9574,22060207,R,9,9,9,9,9,9,9,9,9,9
1.0,3,9,9,9,9,5,9,9,9,1,9,9,9,202206,0.9574,22060208,R,9,9,9,9,9,9,9,9,9,9
1.0,3,9,9,9,9,5,9,9,9,1,9,9,9,202206,0.9574,22060209,R,9,9,9,9,9,9,9,9,9,9
1.0,3,9,9,9,9,5,9,9,9,1,9,9,9,202206,0.9574,22060210,R,9,9,9,9,9,9,9,9,9,9
1.0,3,9,9,9,9,5,9,9,9,1,9,9,9,202206,0.9574,22060211,R,9,9,9,9,9,9,9,9,9,9
1.0,3,9,9,9,9,5,9,9,9,1,9,9,9,202206,0.9574,22060212,R,9,9,9,9,9,9,9,9,9,9
1.0,3,9,9,9,9,5,9,9,9,1,9,9,9,202206,0.9574,22060213,R,9,9,9,9,9,9,9,9,9,9
1.0,3,9,9,9,9,5,9,9,9,1,9,9,9,202206,0.9574,22060214,R,9,9,9,9,9,9,9,9,9,9
1.0,3,9,9,9,9,5,9,9,9,1,9,9,9,202206,0.9574,22060215,R,9,9,9,9,9,9,9,9,9,9
1.0,3,9,9,9,9,5,9,9,9,1,9,9,9,202206,0.9574,22060216,R,9,9,9,9,9,9,9,9,9,9
1.0,3,9,9,9,9,5,9,9,9,1,9,9,9,202206,0.9574,22060217,R,9,9,9,9,9,9,9,9,9,9
1.0,3,9,9,9,9,5,9,9,9,1,9,9,9,202206,0.9574,22060218,R,9,9,9,9,9,9,9,9,9,9
1.0,3,9,9,9,9,5,9,9,9,1,9,9,9,202206,0.9574,22060219,R,9,9,9,9,9,9,9,9,9,9
1.0,3,9,9,9,9,5,9,9,9,1,9,9,9,202206,0.9574,22060220,R,9,9,9,9,9,9,9,9,9,9
1.0,3,9,9,9,9,5,9,9,9,1,9,9,9,202206,0.9574,22060221,R,9,9,9,9,9,9,9,9,9,9
1.0,3,9,9,9,9,5,9,9,9,1,9,9,9,202206,0.9574,22060222,R,9,9,9,9,9,9,9,9,9,9
1.0,3,9,9,9,9,5,9,9,9,1,9,9,9,202206,0.9574,22060223,R,9,9,9,9,9,9,9,9,9,9
1.0,3,9,9,9,9,5,9,9,9,1,9,9,9,202206,0.9574,22060224,R,9,9,9,9,9,9,9,9,9,9
1.0,3,9,9,9,9,5,9,9,9,1,9,9,9,202206,0.9574,22060225,R,9,9,9,9,9,9,9,9,9,9
1.0,3,9,9,9,9,5,9,9,9,1,9,9,9,202206,0.9574,22060226,R,9,9,9,9,9,9,9,9,9,9
1.0,3,9,9,9,9,5,9,9,9,1,9,9,9,202206,0.9574,22060227,R,9,9,9,9,9,9,9,9,9,9
1.0,3,9,9,9,9,5,9,9,9,1,9,9,9,202206,0.9574,22060228,R,9,9,9,9,9,9,9,9,9,9
1.0,3,9,9,9,9,5,9,9,9,1,9,9,9,202206,0.9574,22060229,R,9,9,9,9,9,9,9,9,9,9
1.0,3,9,9,9,9,5,9,9,9,1,9,9,9,202206,0.9574,22060230,R,9,9,9,9,9,9,9,9,9,9
1.0,3,9,9,9,9,5,9,9,9,1,9,9,9,202206,0.9574,22060231,R,9,9,9,9,9,9,9,9,9,9
1.0,3,9,9,9,9,5,9,9,9,1,9,9,9,202206,0.9574,22060232,R,9,9,9,9,9,9,9,9,9,9
1.0,3,9,9,9,9,5,9,9,9,1,9,9,9,202206,0.9574,22060233,R,9,9,9,9,9,9,9,9,9,9
1.0,3,9,9,9,9,5,9,9,9,1,9,9,9,202206,0.9574,22060234,R,9,9,9,9,9,9,9,9,9,9
1.0,3,9,9,9,9,5,9,9,9,1,9,9,9,202206,0.9574,22060235,R,9,9,9,9,9,9,9,9,9,9
1.0,3,9,9,9,9,5,9,9,9,1,9,9,9,202206,0.9574,22060236,R,9,9,9,9,9,9,9,9,9,9
1.0,3,9,9,9,9,5,9,9,9,1,9,9,9,202206,0.9574,22060237,R,9,9,9,9,9,9,9,9,9,9
1.0,3,9,9,9,9,5,9,9,9,1,9,9,9,202206,0.9574,22060238,R,9,9,9,9,9,9,9,9,9,9
1.0,3,9,9,9,9,5,9,9,9,1,9,9,9,202206,0.9574,22060239,R,9,9,9,9,9,9,9,9,9,9
1.0,3,9,9,9,9,5,9,9,9,1,9,9,9,202206,0.9574,22060240,R,9,9,9,9,9,9,9,9,9,9
1.0,3,9,9,9,9,5,9,9,9,1,9,9,9,202206,0.9574,22060241,R,9,9,9,9,9,9,9,9,9,9
1.0,3,9,9,9,9,5,9,9,9,1,9,9,9,202206,0.9574,22060242,R,9,9,9,9,9,9,9,9,9,9
1.0,3,9,9,9,9,5,9,9,9,1,9,9,9,202206,0.9574,22060243,R,9,9,9,9,9,9,9,9,9,9
1.0,3,9,9,9,9,5,9,9,9,1,9,9,9,202206,0.9574,22060244,R,9,9,9,9,9,9,9,9,9,9
1.0,3,9,9,9,9,5,9,9,9,1,9,9,9,202206,0.9574,22060245,R,9,9,9,9,9,9,9,9,9,9
1.0,3,9,9,9,9,5,9,9,9,1,9,9,9,202206,0.9574,22060246,R,9,9,9,9,9,9,9,9,9,9
1.0,3,9,9,9,9,5,9,9,9,1,9,9,9,202206,0.9574,22060247,R,9,9,9,9,9,9,9,9,9,9
1.0,3,9,9,9,9,5,9,9,9,1,9,9,9,202206,0.9574,22060248,R,9,9,9,9,9,9,9,9,9,9
1.0,3,9,9,9,9,5,9,9,9,1,9,9,9,202206,0.9574,22060249,R,9,9,9,9,9,9,9,9,9,9
1.0,3,9,9,9,9,5,9,9,9,1,9,9,9,202206,0.9574,22060250,R,9,9,9,9,9,9,9,9,9,9
1.0,3,9,9,9,9,5,9,9,9,1,9,9,9,202206,0.9574,22060251,R,9,9,9,9,9,9,9,9,9,9
1.0,3,9,9,9,9,5,9,9,9,1,9,9,9,202206,0.9574,22060252,R,9,9,9,9,9,9,9,9,9,9
1.0,3,9,9,9,9,5,9,9,9,1,9,9,9,202206,0.9574,22060253,R,9,9,9,9,9,9,9,9,9,9
1.0,3,9,9,9,9,5,9,9,9,1,9,9,9,202206,0.9574,22060254,R,9,9,9,9,9,9,9,9,9,9
1.0,3,9,9,9,9,5,9,9,9,1,9,9,9,202206,0.9574,22060255,R,9,9,9,9,9,9,9,9,9,9
1.0,3,9,9,9,9,5,9,9,9,1,9,9,9,202206,0.9574,22060256,R,9,9,9,9,9,9,9,9,9,9
1.0,3,9,9,9,9,5,9,9,9,1,9,9,9,202206,0.9574,22060257,R,9,9,9,9,9,9,9,9,9,9
1.0,3,9,9,9,9,5,9,9,9,1,9,9,9,202206,0.9574,22060258,R,9,9,9,9,9,9,9,9,9,9
1.0,3,9,9,9,9,5,9,9,9,1,9,9,9,202206,0.9574,22060259,R,9,9,9,9,9,9,9,9,9,9
1.0,3,9,9,9,9,5,9,9,9,1,9,9,9,202206,0.9574,22060260,R,9,9,9,9,9,9,9,9,9,9
1.0,3,9,9,9,9,5,9,9,9,1,9,9,9,202206,0.9574,22060261,R,9,9,9,9,9,9,9,9,9,9
1.0,3,9,9,9,9,5,9,9,9,1,9,9,9,202206,0.9574,22060262,R,9,9,9,9,9,9,9,9,9,9
1.0,3,9,9,9,9,5,9,9,9,1,9,9,9,202206,0.9574,22060263,R,9,9,9,9,9,9,9,9,9,9
1.0,3,9,9,9,9,5,9,9,9,1,9,9,9,202206,0.9574,22060264,R,9,9,9,9,9,9,9,9,9,9
1.0,3,9,9,9,9,5,9,9,9,1,9,9,9,202206,0.9574,22060265,R,9,9,9,9,9,9,9,9,9,9
1.0,3,9,9,9,9,5,9,9,9,1,9,9,9,202206,0.9574,22060266,R,9,9,9,9,9,9,9,9,9,9
1.0,3,9,9,9,9,5,9,9,9,1,9,9,9,202206,0.9574,22060267,R,9,9,9,9,9,9,9,9,9,9
1.0,3,9,9,9,9,5,9,9,9,1,9,9,9,202206,0.9574,22060268,R,9,9,9,9,9,9,9,9,9,9
1.0,3,9,9,9,9,5,9,9,9,1,9,9,9,202206,0.9574,22060269,R,9,9,9,9,9,9,9,9,9,9
1.0,3,9,9,9,9,5,9,9,9,1,9,9,9,202206,0.9574,22060270,R,9,9,9,9,9,9,9,9,9,9
1.0,3,9,9,9,9,5,9,9,9,1,9,9,9,202206,0.9574,22060271,R,9,9,9,9,9,9,9,9,9,9
1.0,3,9,9,9,9,5,9,9,9,1,9,9,9,202206,0.9574,22060272,R,9,9,9,9,9,9,9,9,9,9
1.0,3,9,9,9,9,5,9,9,9,1,9,9,9,202206,0.9574,22060273,R,9,9,9,9,9,9,9,9,9,9
1.0,3,9,9,9,9,5,9,9,9,1,9,9,9,202206,0.9574,22060274,R,9,9,9,9,9,9,9,9,9,9
1.0,3,9,9,9,9,5,9,9,9,1,9,9,9,202206,0.9574,22060275,R,9,9,9,9,9,9,9,9,9,9
1.0,3,9,9,9,9,5,9,9,9,1,9,9,9,202206,0.9574,22060276,R,9,9,9,9,9,9,9,9,9,9
1.0,3,9,9,9,9,5,9,9,9,1,9,9,9,202206,0.9574,22060277,R,9,9,9,9,9,9,9,9,9,9
1.0,3,9,9,9,9,5,9,9,9,1,9,9,9,202206,0.9574,22060278,R,9,9,9,9,9,9,9,9,9,9
1.0,3,9,9,9,9,5,9,9,9,1,9,9,9,202206,0.9574,22060279,R,9,9,9,9,9,9,9,9,9,9
1.0,3,9,9,9,9,5,9,9,9,1,9,9,9,202206,0.9574,22060280,R,9,9,9,9,9,9,9,9,9,9
1.0,3,9,9,9,9,5,9,9,9,1,9,9,9,202206,0.9574,22060281,R,9,9,9,9,9,9,9,9,9,9
1.0,3,9,9,9,9,5,9,9,9,1,9,9,9,202206,0.9574,22060282,R,9,9,9,9,9,9,9,9,9,9
1.0,3,9,9,9,9,5,9,9,9,1,9,9,9,202206,0.9574,22060283,R,9,9,9,9,9,9,9,9,9,9
1.0,3,9,9,9,9,5,9,9,9,1,9,9,9,202206,0.9574,22060284,R,9,9,9,9,9,9,9,9,9,9
1.0,3,9,9,9,9,5,9,9,9,1,9,9,9,202206,0.9574,22060285,R,9,9,9,9,9,9,9,9,9,9
1.0,3,9,9,9,9,5,9,9,9,1,9,9,9,202206,0.9574,22060286,R,9,9,9,9,9,9,9,9,9,9
1.0,3,9,9,9,9,5,9,9,9,1,9,9,9,202206,0.9574,22060287,R,9,9,9,9,9,9,9,9,9,9
1.0,3,9,9,9,9,5,9,9,9,1,9,9,9,202206,0.9574,22060288,R,9,9,9,9,9,9,9,9,9,9
1.0,3,9,9,9,9,5,9,9,9,1,9,9,9,202206,0.9574,22060289,R,9,9,9,9,9,9,9,9,9,9
1.0,3,9,9,9,9,5,9,9,9,1,9,9,9,202206,0.9574,22060290,R,9,9,9,9,9,9,9,9,9,9
1.0,3,9,9,9,9,5,9,9,9,1,9,9,9,202206,0.9574,22060291,R,9,9,9,9,9,9,9,9,9,9
1.0,3,9,9,9,9,5,9,9,9,1,9,9,9,202206,0.9574,22060292,R,9,9,9,9,9,9,9,9,9,9
1.0,3,9,9,9,9,5,9,9,9,1,9,9,9,202206,0.9574,22060293,R,9,9,9,9,9,9,9,9,9,9
1.0,3,9,9,9,9,5,9,9,9,1,9,9,9,202206,0.9574,22060294,R,9,9,9,9,9,9,9,9,9,9
1.0,3,9,9,9,9,5,9,9,9,1,9,9,9,202206,0.9574,22060295,R,9,9,9,9,9,9,9,9,9,9
1.0,3,9,9,9,9,5,9,9,9,1,9,9,9,202206,0.9574,22060296,R,9,9,9,9,9,9,9,9,9,9
1.0,3,9,9,9,9,5,9,9,9,1,9,9,9,202206,0.9574,22060297,R,9,9,9,9,9,9,9,9,9,9
1.0,3,9,9,9,9,5,9,9,9,1,9,9,9,202206,0.9574,22060298,R,9,9,9,9,9,9,9,9,9,9
1.0,3,9,9,9,9,5,9,9,9,1,9,9,9,202206,0.9574,22060299,R,9,9,9,9,9,9,9,9,9,9
1.0,3,9,9,9,9,5,9,9,9,1,9,9,9,202206,0.9574,22060300,R,9,9,9,9,9,9,9,9,9,9
1.0,3,9,9,9,9,5,9,9,9,1,9,9,9,202206,0.9574,22060301,R,9,9,9,9,9,9,9,9,9,9
1.0,3,9,9,9,9,5,9,9,9,1,9,9,9,202206,0.9574,22060302,R,9,9,9,9,9,9,9,9,9,9
1.0,3,9,9,9,9,5,9,9,9,1,9,9,9,202206,0.9574,22060303,R,9,9,9,9,9,9,9,9,9,9
1.0,3,9,9,9,9,5,9,9,9,1,9,9,9,202206,0.9574,22060304,R,9,9,9,9,9,9,9,9,9,9
1.0,3,9,9,9,9,5,9,9,9,1,9,9,9,202206,0.9574,22060305,R,9,9,9,9,9,9,9,9,9,9
1.0,3,9,9,9,9,5,9,9,9,1,9,9,9,202206,0.9574,22060306,R,9,9,9,9,9,9,9,9,9,9
1.0,3,9,9,9,9,5,9,9,9,1,9,9,9,202206,0.9574,22060307,R,9,9,9,9,9,9,9,9,9,9
1.0,3,9,9,9,9,5,9,9,9,1,9,9,9,202206,0.9574,22060308,R,9,9,9,9,9,9,9,9,9,9
1.0,3,9,9,9,9,5,9,9,9,1,9,9,9,202206,0.9574,22060309,R,9,9,9,9,9,9,9,9,9,9
1.0,3,9,9,9,9,5,9,9,9,1,9,9,9,202206,0.9574,22060310,R,9,9,9,9,9,9,9,9,9,9
1.0,3,9,9,9,9,5,9,9,9,1,9,9,9,202206,0.9574,22060311,R,9,9,9,9,9,9,9,9,9,9
1.0,3,9,9,9,9,5,9,9,9,1,9,9,9,202206,0.9574,22060312,R,9,9,9,9,9,9,9,9,9,9
1.0,3,9,9,9,9,5,9,9,9,1,9,9,9,202206,0.9574,22060313,R,9,9,9,9,9,9,9,9,9,9
1.0,3,9,9,9,9,5,9,9,9,1,9,9,9,202206,0.9574,22060314,R,9,9,9,9,9,9,9,9,9,9
1.0,3,9,9,9,9,5,9,9,9,1,9,9,9,202206,0.9574,22060315,R,9,9,9,9,9,9,9,9,9,9
1.0,3,9,9,9,9,5,9,9,9,1,9,9,9,202206,0.9574,22060316,R,9,9,9,9,9,9,9,9,9,9
1.0,3,9,9,9,9,5,9,9,9,1,9,9,9,202206,0.9574,22060317,R,9,9,9,9,9,9,9,9,9,9
1.0,3,9,9,9,9,5,9,9,9,1,9,9,9,202206,0.9574,22060318,R,9,9,9,9,9,9,9,9,9,9
1.0,3,9,9,9,9,5,9,9,9,1,9,9,9,202206,0.9574,22060319,R,9,9,9,9,9,9,9,9,9,9
1.0,3,9,9,9,9,5,9,9,9,1,9,9,9,202206,0.9574,22060320,R,9,9,9,9,9,9,9,9,9,9
1.0,3,9,9,9,9,5,9,9,9,1,9,9,9,202206,0.9574,22060321,R,9,9,9,9,9,9,9,9,9,9
1.0,3,9,9,9,9,5,9,9,9,1,9,9,9,202206,0.9574,22060322,R,9,9,9,9,9,9,9,9,9,9
1.0,3,9,9,9,9,5,9,9,9,1,9,9,9,202206,0.9574,22060323,R,9,9,9,9,9,9,9,9,9,9
1.0,3,9,9,9,9,5,9,9,9,1,9,9,9,202206,0.9574,22060324,R,9,9,9,9,9,9,9,9,9,9
1.0,3,9,9,9,9,5,9,9,9,1,9,9,9,202206,0.9574,22060325,R,9,9,9,9,9,9,9,9,9,9
1.0,3,9,9,9,9,5,9,9,9,1,9,9,9,202206,0.9574,22060326,R,9,9,9,9,9,9,9,9,9,9
1.0,3,9,9,9,9,5,9,9,9,1,9,9,9,202206,0.9574,22060327,R,9,9,9,9,9,9,9,9,9,9
1.0,3,9,9,9,9,5,9,9,9,1,9,9,9,202206,0.9574,22060328,R,9,9,9,9,9,9,9,9,9,9
1.0,3,9,9,9,9,5,9,9,9,1,9,9,9,202206,0.9574,22060329,R,9,9,9,9,9,9,9,9,9,9
1.0,3,9,9,9,9,5,9,9,9,1,9,9,9,202206,0.9574,22060330,R,9,9,9,9,9,9,9,9,9,9
1.0,3,9,9,9,9,5,9,9,9,1,9,9,9,202206,0.9574,22060331,R,9,9,9,9,9,9,9,9,9,9
1.0,3,9,9,9,9,5,9,9,9,1,9,9,9,202206,0.9574,22060332,R,9,9,9,9,9,9,9,9,9,9
1.0,3,9,9,9,9,5,9,9,9,1,9,9,9,202206,0.9574,22060333,R,9,9,9,9,9,9,9,9,9,9
1.0,3,9,9,9,9,5,9,9,9,1,9,9,9,202206,0.9574,22060334,R,9,9,9,9,9,9,9,9,9,9
1.0,3,9,9,9,9,5,9,9,9,1,9,9,9,202206,0.9574,22060335,R,9,9,9,9,9,9,9,9,9,9
1.0,3,9,9,9,9,5,9,9,9,1,9,9,9,202206,0.9574,22060336,R,9,9,9,9,9,9,9,9,9,9
1.0,3,9,9,9,9,5,9,9,9,1,9,9,9,202206,0.9574,22060337,R,9,9,9,9,9,9,9,9,9,9
1.0,3,9,9,9,9,5,9,9,9,1,9,9,9,202206,0.9574,22060338,R,9,9,9,9,9,9,9,9,9,9
1.0,3,9,9,9,9,5,9,9,9,1,9,9,9,202206,0.9574,22060339,R,9,9,9,9,9,9,9,9,9,9
1.0,3,9,9,9,9,5,9,9,9,1,9,9,9,202206,0.9574,22060340,R,9,9,9,9,9,9,9,9,9,9
1.0,3,9,9,9,9,5,9,9,9,1,9,9,9,202206,0.9574,22060341,R,9,9,9,9,9,9,9,9,9,9
1.0,3,9,9,9,9,5,9,9,9,1,9,9,9,202206,0.9574,22060342,R,9,9,9,9,9,9,9,9,9,9
1.0,3,9,9,9,9,5,9,9,9,1,9,9,9,202206,0.9574,22060343,R,9,9,9,9,9,9,9,9,9,9
1.0,3,9,9,9,9,5,9,9,9,1,9,9,9,202206,0.9574,22060344,R,9,9,9,9,9,9,9,9,9,9
1.0,3,9,9,9,9,5,9,9,9,1,9,9,9,202206,0.9574,22060345,R,9,9,9,9,9,9,9,9,9,9
1.0,3,9,9,9,9,5,9,9,9,1,9,9,9,202206,0.9574,22060346,R,9,9,9,9,9,9,9,9,9,9
1.0,3,9,9,9,9,5,9,9,9,1,9,9,9,202206,0.9574,22060347,R,9,9,9,9,9,9,9,9,9,9
1.0,3,9,9,9,9,5,9,9,9,1,9,9,9,202206,0.9574,22060348,R,9,9,9,9,9,9,9,9,9,9
1.0,3,9,9,9,9,5,9,9,9,1,9,9,9,202206,0.9574,22060349,R,9,9,9,9,9,9,9,9,9,9
1.0,3,9,9,9,9,5,9,9,9,1,9,9,9,202206,0.9574,22060350,R,9,9,9,9,9,9,9,9,9,9
1.0,3,9,9,9,9,5,9,9,9,1,9,9,9,202206,0.9574,22060351,R,9,9,9,9,9,9,9,9,9,9
1.0,3,9,9,9,9,5,9,9,9,1,9,9,9,202206,0.9574,22060352,R,9,9,9,9,9,9,9,9,9,9
1.0,3,9,9,9,9,5,9,9,9,1,9,9,9,202206,0.9574,22060353,R,9,9,9,9,9,9,9,9,9,9
1.0,3,9,9,9,9,5,9,9,9,1,9,9,9,202206,0.9574,22060354,R,9,9,9,9,9,9,9,9,9,9
1.0,3,9,9,9,9,5,9,9,9,1,9,9,9,202206,0.9574,22060355,R,9,9,9,9,9,9,9,9,9,9
1.0,3,9,9,9,9,5,9,9,9,1,9,9,9,202206,0.9574,22060356,R,9,9,9,9,9,9,9,9,9,9
1.0,3,9,9,9,9,5,9,9,9,1,9,9,9,202206,0.9574,22060357,R,9,9,9,9,9,9,9,9,9,9
1.0,3,9,9,9,9,5,9,9,9,1,9,9,9,202206,0.9574,22060358,R,9,9,9,9,9,9,9,9,9,9
1.0,3,9,9,9,9,5,9,9,9,1,9,9,9,202206,0.9574,22060359,R,9,9,9,9,9,9,9,9,9,9
1.0,3,9,9,9,9,5,9,9,9,1,9,9,9,202206,0.9574,22060360,R,9,9,9,9,9,9,9,9,9,9
1.0,3,9,9,9,9,5,9,9,9,1,9,9,9,202206,0.9574,22060361,R,9,9,9,9,9,9,9,9,9,9
1.0,3,9,9,9,9,5,9,9,9,1,9,9,9,202206,0.9574,22060362,R,9,9,9,9,9,9,9,9,9,9
1.0,3,9,9,9,9,5,9,9,9,1,9,9,9,202206,0.9574,22060363,R,9,9,9,9,9,9,9,9,9,9
1.0,3,9,9,9,9,5,9,9,9,1,9,9,9,202206,0.9574,22060364,R,9,9,9,9,9,9,9,9,9,9
1.0,3,9,9,9,9,5,9,9,9,1,9,9,9,202206,0.9574,22060365,R,9,9,9,9,9,9,9,9,9,9
1.0,3,9,9,9,9,5,9,9,9,1,9,9,9,202206,0.9574,22060366,R,9,9,9,9,9,9,9,9,9,9
1.0,3,9,9,9,9,5,9,9,9,1,9,9,9,202206,0.9574,22060367,R,9,9,9,9,9,9,9,9,9,9
1.0,3,9,9,9,9,5,9,9,9,1,9,9,9,202206,0.9574,22060368,R,9,9,9,9,9,9,9,9,9,9
1.0,3,9,9,9,9,5,9,9,9,1,9,9,9,202206,0.9574,22060369,R,9,9,9,9,9,9,9,9,9,9
1.0,3,9,9,9,9,5,9,9,9,1,9,9,9,202206,0.9574,22060370,R,9,9,9,9,9,9,9,9,9,9
1.0,3,9,9,9,9,5,9,9,9,1,9,9,9,202206,0.9574,22060371,R,9,9,9,9,9,9,9,9,9,9
1.0,3,9,9,9,9,5,9,9,9,1,9,9,9,202206,0.9574,22060372,R,9,9,9,9,9,9,9,9,9,9
1.0,3,9,9,9,9,5,9,9,9,1,9,9,9,202206,0.9574,22060373,R,9,9,9,9,9,9,9,9,9,9
1.0,3,9,9,9,9,5,9,9,9,1,9,9,9,202206,0.9574,22060374,R,9,9,9,9,9,9,9,9,9,9
1.0,3,9,9,9,9,5,9,9,9,1,9,9,9,202206,0.9574,22060375,R,9,9,9,9,9,9,9,9,9,9
1.0,3,9,9,9,9,5,9,9,9,1,9,9,9,202206,0.9574,22060376,R,9,9,9,9,9,9,9,9,9,9
1.0,3,9,9,9,9,5,9,9,9,1,9,9,9,202206,0.9574,22060377,R,9,9,9,9,9,9,9,9,9,9
1.0,3,9,9,9,9,5,9,9,9,1,9,9,9,202206,0.9574,22060378,R,9,9,9,9,9,9,9,9,9,9
1.0,3,9,9,9,9,5,9,9,9,1,9,9,9,202206,0.9574,22060379,R,9,9,9,9,9,9,9,9,9,9
1.0,3,9,9,9,9,5,9,9,9,1,9,9,9,202206,0.9574,22060380,R,9,9,9,9,9,9,9,9,9,9
1.0,3,9,9,9,9,5,9,9,9,1,9,9,9,202206,0.9574,22060381,R,9,9,9,9,9,9,9,9,9,9
1.0,3,9,9,9,9,5,9,9,9,1,9,9,9,202206,0.9574,22060382,R,9,9,9,9,9,9,9,9,9,9
1.0,3,9,9,9,9,5,9,9,9,1,9,9,9,202206,0.9574,22060383,R,9,9,9,9,9,9,9,9,9,9
1.0,3,9,9,9,9,5,9,9,9,1,9,9,9,202206,0.9574,22060384,R,9,9,9,9,9,9,9,9,9,9
1.0,3,9,9,9,9,5,9,9,9,1,9,9,9,202206,0.9574,22060385,R,9,9,9,9,9,9,9,9,9,9
1.0,3,9,9,9,9,5,9,9,9,1,9,9,9,202206,0.9574,22060386,R,9,9,9,9,9,9,9,9,9,9
1.0,3,9,9,9,9,5,9,9,9,1,9,9,9,202206,0.9574,22060387,R,9,9,9,9,9,9,9,9,9,9
1.0,3,9,9,9,9,5,9,9,9,1,9,9,9,202206,0.9574,22060388,R,9,9,9,9,9,9,9,9,9,9
1.0,3,9,9,9,9,5,9,9,9,1,9,9,9,202206,0.9574,22060389,R,9,9,9,9,9,9,9,9,9,9
1.0,3,9,9,9,9,5,9,9,9,1,9,9,9,202206,0.9574,22060390,R,9,9,9,9,9,9,9,9,9,9
1.0,3,9,9,9,9,5,9,9,9,1,9,9,9,202206,0.9574,22060391,R,9,9,9,9,9,9,9,9,9,9
1.0,3,9,9,9,9,5,9,9,9,1,9,9,9,202206,0.9574,22060392,R,9,9,9,9,9,9,9,9,9,9
1.0,3,9,9,9,9,5,9,9,9,1,9,9,9,202206,0.9574,22060393,R,9,9,9,9,9,9,9,9,9,9
1.0,3,9,9,9,9,5,9,9,9,1,9,9,9,202206,0.9574,22060394,R,9,9,9,9,9,9,9,9,9,9
1.0,3,9,9,9,9,5,9,9,9,1,9,9,9,202206,0.9574,22060395,R,9,9,9,9,9,9,9,9,9,9
1.0,3,9,9,9,9,5,9,9,9,1,9,9,9,202206,0.9574,22060396,R,9,9,9,9,9,9,9,9,9,9
1.0,3,9,9,9,9,5,9,9,9,1,9,9,9,202206,0.9574,22060397,R,9,9,9,9,9,9,9,9,9,9
1.0,3,9,9,9,9,5,9,9,9,1,9,9,9,202206,0.9574,22060398,R,9,9,9,9,9,9,9,9,9,9
1.0,3,9,9,9,9,5,9,9,9,1,9,9,9,202206,0.9574,22060399,R,9,9,9,9,9,9,9,9,9,9
1.0,3,9,9,9,9,5,9,9,9,1,9,9,9,202206,0.9574,22060400,R,9,9,9,9,9,9,9,9,9,9
1.0,3,9,9,9,9,5,9,9,9,1,9,9,9,202206,0.9574,22060401,R,9,9,9,9,9,9,9,9,9,9
1.0,3,9,9,9,9,5,9,9,9,1,9,9,9,202206,0.9574,22060402,R,9,9,9,9,9,9,9,9,9,9
1.0,3,9,9,9,9,5,9,9,9,1,9,9,9,202206,0.9574,22060403,R,9,9,9,9,9,9,9,9,9,9
1.0,3,9,9,9,9,5,9,9,9,1,9,9,9,202206,0.9574,22060404,R,9,9,9,9,9,9,9,9,9,9
1.0,3,9,9,9,9,5,9,9,9,1,9,9,9,202206,0.9574,22060405,R,9,9,9,9,9,9,9,9,9,9
1.0,3,9,9,9,9,5,9,9,9,1,9,9,9,202206,0.9574,22060406,R,9,9,9,9,9,9,9,9,9,9
1.0,3,9,9,9,9,5,9,9,9,1,9,9,9,202206,0.9574,22060407,R,9,9,9,9,9,9,9,9,9,9
1.0,3,9,9,9,9,5,9,9,9,1,9,9,9,202206,0.9574,22060408,R,9,9,9,9,9,9,9,9,9,9
1.0,3,9,9,9,9,5,9,9,9,1,9,9,9,202206,0.9574,22060409,R,9,9,9,9,9,9,9,9,9,9
1.0,3,9,9,9,9,5,9,9,9,1,9,9,9,202206,0.9574,22060410,R,9,9,9,9,9,9,9,9,9,9
1.0,3,9,9,9,9,5,9,9,9,1,9,9,9,202206,0.9574,22060411,R,9,9,9,9,9,9,9,9,9,9
1.0,3,9,9,9,9,5,9,9,9,1,9,9,9,202206,0.9574,22060412,R,9,9,9,9,9,9,9,9,9,9
1.0,3,9,9,9,9,5,9,9,9,1,9,9,9,202206,0.9574,22060413,R,9,9,9,9,9,9,9,9,9,9
1.0,3,9,9,9,9,5,9,9,9,1,9,9,9,202206,0.9574,22060414,R,9,9,9,9,9,9,9,9,9,9
1.0,3,9,9,9,9,5,9,9,9,1,9,9,9,202206,0.9574,22060415,R,9,9,9,9,9,9,9,9,9,9
1.0,3,9,9,9,9,5,9,9,9,1,9,9,9,202206,0.9574,22060416,R,9,9,9,9,9,9,9,9,9,9
1.0,3,9,9,9,9,5,9,9,9,1,9,9,9,202206,0.9574,22060417,R,9,9,9,9,9,9,9,9,9,9
1.0,3,9,9,9,9,5,9,9,9,1,9,9,9,202206,0.9574,22060418,R,9,9,9,9,9,9,9,9,9,9
1.0,3,9,9,9,9,5,9,9,9,1,9,9,9,202206,0.9574,22060419,R,9,9,9,9,9,9,9,9,9,9
1.0,3,9,9,9,9,5,9,9,9,1,9,9,9,202206,0.9574,22060420,R,9,9,9,9,9,9,9,9,9,9
1.0,3,9,9,9,9,5,9,9,9,1,9,9,9,202206,0.9574,22060421,R,9,9,9,9,9,9,9,9,9,9
1.0,3,9,9,9,9,5,9,9,9,1,9,9,9,202206,0.9574,22060422,R,9,9,9,9,9,9,9,9,9,9
1.0,3,9,9,9,9,5,9,9,9,1,9,9,9,202206,0.9574,22060423,R,9,9,9,9,9,9,9,9,9,9
1.0,3,9,9,9,9,5,9,9,9,1,9,9,9,202206,0.9574,22060424,R,9,9,9,9,9,9,9,9,9,9
1.0,3,9,9,9,9,5,9,9,9,1,9,9,9,202206,0.9574,22060425,R,9,9,9,9,9,9,9,9,9,9
1.0,3,9,9,9,9,5,9,9,9,1,9,9,9,202206,0.9574,22060426,R,9,9,9,9,9,9,9,9,9,9
1.0,3,9,9,9,9,5,9,9,9,1,9,9,9,202206,0.9574,22060427,R,9,9,9,9,9,9,9,9,9,9
1.0,3,9,9,9,9,5,9,9,9,1,9,9,9,202206,0.9574,22060428,R,9,9,9,9,9,9,9,9,9,9
1.0,3,9,9,9,9,5,9,9,9,1,9,9,9,202206,0.9574,22060429,R,9,9,9,9,9,9,9,9,9,9
1.0,3,9,9,9,9,5,9,9,9,1,9,9,9,202206,0.9574,22060430,R,9,9,9,9,9,9,9,9,9,9
1.0,3,9,9,9,9,5,9,9,9,1,9,9,9,202206,0.9574,22060431,R,9,9,9,9,9,9,9,9,9,9
1.0,3,9,9,9,9,5,9,9,9,1,9,9,9,202206,0.9574,22060432,R,9,9,9,9,9,9,9,9,9,9
1.0,3,9,9,9,9,5,9,9,9,1,9,9,9,202206,0.9574,22060433,R,9,9,9,9,9,9,9,9,9,9
1.0,3,9,9,9,9,5,9,9,9,1,9,9,9,202206,0.9574,22060434,R,9,9,9,9,9,9,9,9,9,9
1.0,3,9,9,9,9,5,9,9,9,1,9,9,9,202206,0.9574,22060435,R,9,9,9,9,9,9,9,9,9,9
1.0,3,9,9,9,9,5,9,9,9,1,9,9,9,202206,0.9574,22060436,R,9,9,9,9,9,9,9,9,9,9
1.0,3,9,9,9,9,5,9,9,9,1,9,9,9,202206,0.9574,22060437,R,9,9,9,9,9,9,9,9,9,9
1.0,3,9,9,9,9,5,9,9,9,1,9,9,9,202206,0.9574,22060438,R,9,9,9,9,9,9,9,9,9,9
1.0,3,9,9,9,9,5,9,9,9,1,9,9,9,202206,0.9574,22060439,R,9,9,9,9,9,9,9,9,9,9
1.0,3,9,9,9,9,5,9,9,9,1,9,9,9,202206,0.9574,22060440,R,9,9,9,9,9,9,9,9,9,9
1.0,3,9,9,9,9,5,9,9,9,1,9,9,9,202206,0.9574,22060441,R,9,9,9,9,9,9,9,9,9,9
1.0,3,9,9,9,9,5,9,9,9,1,9,9,9,202206,0.9574,22060442,R,9,9,9,9,9,9,9,9,9,9
1.0,3,9,9,9,9,5,9,9,9,1,9,9,9,202206,0.9574,22060443,R,9,9,9,9,9,9,9,9,9,9
1.0,3,9,9,9,9,5,9,9,9,1,9,9,9,202206,0.9574,22060444,R,9,9,9,9,9,9,9,9,9,9
1.0,3,9,9,9,9,5,9,9,9,1,9,9,9,202206,0.9574,22060445,R,9,9,9,9,9,9,9,9,9,9
1.0,3,9,9,9,9,5,9,9,9,1,9,9,9,202206,0.9574,22060446,R,9,9,9,9,9,9,9,9,9,9
1.0,3,9,9,9,9,5,9,9,9,1,9,9,9,202206,0.9574,22060447,R,9,9,9,9,9,9,9,9,9,9
1.0,3,9,9,9,9,5,9,9,9,1,9,9,9,202206,0.9574,22060448,R,9,9,9,9,9,9,9,9,9,9
1.0,3,9,9,9,9,5,9,9,9,1,9,9,9,202206,0.9574,22060449,R,9,9,9,9,9,9,9,9,9,9
1.0,3,9,9,9,9,5,9,9,9,1,9,9,9,202206,0.9574,22060450,R,9,9,9,9,9,9,9,9,9,9
1.0,3,9,9,9,9,5,9,9,9,1,9,9,9,202206,0.9574,22060451,R,9,9,9,9,9,9,9,9,9,9
1.0,3,9,9,9,9,5,9,9,9,1,9,9,9,202206,0.9574,22060452,R,9,9,9,9,9,9,9,9,9,9
1.0,3,9,9,9,9,5,9,9,9,1,9,9,9,202206,0.9574,22060453,R,9,9,9,9,9,9,9,9,9,9
1.0,3,9,9,9,9,5,9,9,9,1,9,9,9,202206,0.9574,22060454,R,9,9,9,9,9,9,9,9,9,9
1.0,3,9,9,9,9,5,9,9,9,1,9,9,9,202206,0.9574,22060455,R,9,9,9,9,9,9,9,9,9,9
1.0,3,9,9,9,9,5,9,9,9,1,9,9,9,202206,0.9574,22060456,R,9,9,9,9,9,9,9,9,9,9
1.0,3,9,9,9,9,5,9,9,9,1,9,9,9,202206,0.9574,22060457,R,9,9,9,9,9,9,9,9,9,9
1.0,3,9,9,9,9,5,9,9,9,1,9,9,9,202206,0.9574,22060458,R,9,9,9,9,9,9,9,9,9,9
1.0,3,9,9,9,9,5,9,9,9,1,9,9,9,202206,0.9574,22060459,R,9,9,9,9,9,9,9,9,9,9
1.0,3,9,9,9,9,5,9,9,9,1,9,9,9,202206,0.9574,22060460,R,9,9,9,9,9,9,9,9,9,9
1.0,3,9,9,9,9,5,9,9,9,1,9,9,9,202206,0.9574,22060461,R,9,9,9,9,9,9,9,9,9,9
1.0,3,9,9,9,9,5,9,9,9,1,9,9,9,202206,0.9574,22060462,R,9,9,9,9,9,9,9,9,9,9
1.0,3,9,9,9,9,5,9,9,9,1,9,9,9,202206,0.9574,22060463,R,9,9,9,9,9,9,9,9,9,9
1.0,3,9,9,9,9,5,9,9,9,1,9,9,9,202206,0.9574,22060464,R,9,9,9,9,9,9,9,9,9,9
1.0,3,9,9,9,9,5,9,9,9,1,9,9,9,202206,0.9574,22060465,R,9,9,9,9,9,9,9,9,9,9
1.0,3,9,9,9,9,5,9,9,9,1,9,9,9,202206,0.9574,22060466,R,9,9,9,9,9,9,9,9,9,9
1.0,3,9,9,9,9,5,9,9,9,1,9,9,9,202206,0.9574,22060467,R,9,9,9,9,9,9,9,9,9,9
1.0,3,9,9,9,9,5,9,9,9,1,9,9,9,202206,0.9574,22060468,R,9,9,9,9,9,9,9,9,9,9
1.0,3,9,9,9,9,5,9,9,9,1,9,9,9,202206,0.9574,22060469,R,9,9,9,9,9,9,9,9,9,9
1.0,3,9,9,9,9,5,9,9,9,1,9,9,9,202206,0.9574,22060470,R,9,9,9,9,9,9,9,9,9,9
1.0,3,9,9,9,9,5,9,9,9,1,9,9,9,202206,0.9574,22060471,R,9,9,9,9,9,9,9,9,9,9
1.0,3,9,9,9,9,5,9,9,9,1,9,9,9,202206,0.9574,22060472,R,9,9,9,9,9,9,9,9,9,9
1.0,3,9,9,9,9,5,9,9,9,1,9,9,9,202206,0.9574,22060473,R,9,9,9,9,9,9,9,9,9,9
1.0,3,9,9,9,9,5,9,9,9,1,9,9,9,202206,0.9574,22060474,R,9,9,9,9,9,9,9,9,9,9
1.0,3,9,9,9,9,5,9,9,9,1,9,9,9,202206,0.9574,22060475,R,9,9,9,9,9,9,9,9,9,9
1.0,3,9,9,9,9,5,9,9,9,1,9,9,9,202206,0.9574,22060476,R,9,9,9,9,9,9,9,9,9,9
1.0,3,9,9,9,9,5,9,9,9,1,9,9,9,202206,0.9574,22060477,R,9,9,9,9,9,9,9,9,9,9
1.0,3,9,9,9,9,5,9,9,9,1,9,9,9,202206,0.9574,22060478,R,9,9,9,9,9,9,9,9,9,9
1.0,3,9,9,9,9,5,9,9,9,1,9,9,9,202206,0.9574,22060479,R,9,9,9,9,9,9,9,9,9,9
1.0,3,9,9,9,9,5,9,9,9,1,9,9,9,202206,0.9574,22060480,R,9,9,9,9,9,9,9,9,9,9
1.0,3,9,9,9,9,5,9,9,9,1,9,9,9,202206,0.9574,22060481,R,9,9,9,9,9,9,9,9,9,9
1.0,3,9,9,9,9,5,9,9,9,1,9,9,9,202206,0.9574,22060482,R,9,9,9,9,9,9,9,9,9,9
1.0,3,9,9,9,9,5,9,9,9,1,9,9,9,202206,0.9574,22060483,R,9,9,9,9,9,9,9,9,9,9
1.0,3,9,9,9,9,5,9,9,9,1,9,9,9,202206,0.9574,22060484,R,9,9,9,9,9,9,9,9,9,9
1.0,3,9,9,9,9,5,9,9,9,1,9,9,9,202206,0.9574,22060485,R,9,9,9,9,9,9,9,9,9,9
1.0,3,9,9,9,9,5,9,9,9,1,9,9,9,202206,0.9574,22060486,R,9,9,9,9,9,9,9,9,9,9
1.0,3,9,9,9,9,5,9,9,9,1,9,9,9,202206,0.9574,22060487,R,9,9,9,9,9,9,9,9,9,9
1.0,3,9,9,9,9,5,9,9,9,1,9,9,9,202206,0.9574,22060488,R,9,9,9,9,9,9,9,9,9,9
1.0,3,9,9,9,9,5,9,9,9,1,9,9,9,202206,0.9574,22060489,R,9,9,9,9,9,9,9,9,9,9
1.0,3,9,9,9,9,5,9,9,9,1,9,9,9,202206,0.9574,22060490,R,9,9,9,9,9,9,9,9,9,9
1.0,3,9,9,9,9,5,9,9,9,1,9,9,9,202206,0.9574,22060491,R,9,9,9,9,9,9,9,9,9,9
1.0,3,9,9,9,9,5,9,9,9,1,9,9,9,202206,0.9574,22060492,R,9,9,9,9,9,9,9,9,9,9
1.0,3,9,9,9,9,5,9,9,9,1,9,9,9,202206,0.9574,22060493,R,9,9,9,9,9,9,9,9,9,9
1.0,3,9,9,9,9,5,9,9,9,1,9,9,9,202206,0.9574,22060494,R,9,9,9,9,9,9,9,9,9,9
1.0,3,9,9,9,9,5,9,9,9,1,9,9,9,202206,0.9574,22060495,R,9,9,9,9,9,9,9,9,9,9
1.0,3,9,9,9,9,5,9,9,9,1,9,9,9,202206,0.9574,22060496,R,9,9,9,9,9,9,9,9,9,9
1.0,3,9,9,9,9,5,9,9,9,1,9,9,9,202206,0.9574,22060497,R,9,9,9,9,9,9,9,9,9,9
1.0,3,9,9,9,9,5,9,9,9,1,9,9,9,202206,0.9574,22060498,R,9,9,9,9,9,9,9,9,9,9
1.0,3,9,9,9,9,5,9,9,9,1,9,9,9,202206,0.9574,22060499,R,9,9,9,9,9,9,9,9,9,9
1.0,3,9,9,9,9,5,9,9,9,1,9,9,9,202206,0.9574,22060500,R,9,9,9,9,9,9,9,9,9,9
1.0,3,9,9,9,9,5,9,9,9,1,9,9,9,202206,0.9574,22060501,R,9,9,9,9,9,9,9,9,9,9
1.0,3,9,9,9,9,5,9,9,9,1,9,9,9,202206,0.9574,22060502,R,9,9,9,9,9,9,9,9,9,9
1.0,3,9,9,9,9,5,9,9,9,1,9,9,9,202206,0.9574,22060503,R,9,9,9,9,9,9,9,9,9,9
1.0,3,9,9,9,9,5,9,9,9,1,9,9,9,202206,0.9574,22060504,R,9,9,9,9,9,9,9,9,9,9
1.0,3,9,9,9,9,5,9,9,9,1,9,9,9,202206,0.9574,22060505,R,9,9,9,9,9,9,9,9,9,9
1.0,3,9,9,9,9,5,9,9,9,1,9,9,9,202206,0.9574,22060506,R,9,9,9,9,9,9,9,9,9,9
1.0,3,9,9,9,9,5,9,9,9,1,9,9,9,202206,0.9574,22060507,R,9,9,9,9,9,9,9,9,9,9
1.0,3,9,9,9,9,5,9,9,9,1,9,9,9,202206,0.9574,22060508,R,9,9,9,9,9,9,9,9,9,9
1.0,3,9,9,9,9,5,9,9,9,1,9,9,9,202206,0.9574,22060509,R,9,9,9,9,9,9,9,9,9,9
1.0,3,9,9,9,9,5,9,9,9,1,9,9,9,202206,0.9574,22060510,R,9,9,9,9,9,9,9,9,9,9
1.0,3,9,9,9,9,5,9,9,9,1,9,9,9,202206,0.9574,22060511,R,9,9,9,9,9,9,9,9,9,9
1.0,3,9,9,9,9,5,9,9,9,1,9,9,9,202206,0.9574,22060512,R,9,9,9,9,9,9,9,9,9,9
1.0,3,9,9,9,9,5,9,9,9,1,9,9,9,202206,0.9574,22060513,R,9,9,9,9,9,9,9,9,9,9
1.0,3,9,9,9,9,5,9,9,9,1,9,9,9,202206,0.9574,22060514,R,9,9,9,9,9,9,9,9,9,9
1.0,3,9,9,9,9,5,9,9,9,1,9,9,9,202206,0.9574,22060515,R,9,9,9,9,9,9,9,9,9,9
1.0,3,9,9,9,9,5,9,9,9,1,9,9,9,202206,0.9574,22060516,R,9,9,9,9,9,9,9,9,9,9
1.0,3,9,9,9,9,5,9,9,9,1,9,9,9,202206,0.9574,22060517,R,9,9,9,9,9,9,9,9,9,9
1.0,3,9,9,9,9,5,9,9,9,1,9,9,9,202206,0.9574,22060518,R,9,9,9,9,9,9,9,9,9,9
1.0,3,9,9,9,9,5,9,9,9,1,9,9,9,202206,0.9574,22060519,R,9,9,9,9,9,9,9,9,9,9
1.0,3,9,9,9,9,5,9,9,9,1,9,9,9,202206,0.9574,22060520,R,9,9,9,9,9,9,9,9,9,9
1.0,3,9,9,9,9,5,9,9,9,1,9,9,9,202206,0.9574,22060521,R,9,9,9,9,9,9,9,9,9,9
1.0,3,9,9,9,9,5,9,9,9,1,9,9,9,202206,0.9574,22060522,R,9,9,9,9,9,9,9,9,9,9
1.0,3,9,9,9,9,5,9,9,9,1,9,9,9,202206,0.9574,22060523,R,9,9,9,9,9,9,9,9,9,9
1.0,3,9,9,9,9,5,9,9,9,1,9,9,9,202206,0.9574,22060524,R,9,9,9,9,9,9,9,9,9,9
1.0,3,9,9,9,9,5,9,9,9,1,9,9,9,202206,0.9574,22060525,R,9,9,9,9,9,9,9,9,9,9
1.0,3,9,9,9,9,5,9,9,9,1,9,9,9,202206,0.9574,22060526,R,9,9,9,9,9,9,9,9,9,9
1.0,3,9,9,9,9,5,9,9,9,1,9,9,9,202206,0.9574,22060527,R,9,9,9,9,9,9,9,9,9,9
1.0,3,9,9,9,9,5,9,9,9,1,9,9,9,202206,0.9574,22060528,R,9,9,9,9,9,9,9,9,9,9
1.0,3,9,9,9,9,5,9,9,9,1,9,9,9,202206,0.9574,22060529,R,9,9,9,9,9,9,9,9,9,9
1.0,3,9,9,9,9,5,9,9,9,1,9,9,9,202206,0.9574,22060530,R,9,9,9,9,9,9,9,9,9,9
1.0,3,9,9,9,9,5,9,9,9,1,9,9,9,202206,0.9574,22060531,R,9,9,9,9,9,9,9,9,9,9
1.0,3,9,9,9,9,5,9,9,9,1,9,9,9,202206,0.9574,22060532,R,9,9,9,9,9,9,9,9,9,9
1.0,3,9,9,9,9,5,9,9,9,1,9,9,9,202206,0.9574,22060533,R,9,9,9,9,9,9,9,9,9,9
1.0,3,9,9,9,9,5,9,9,9,1,9,9,9,202206,0.9574,22060534,R,9,9,9,9,9,9,9,9,9,9
1.0,3,9,9,9,9,5,9,9,9,1,9,9,9,202206,0.9574,22060535,R,9,9,9,9,9,9,9,9,9,9
1.0,3,9,9,9,9,5,9,9,9,1,9,9,9,202206,0.9574,22060536,R,9,9,9,9,9,9,9,9,9,9
1.0,3,9,9,9,9,5,9,9,9,1,9,9,9,202206,0.9574,22060537,R,9,9,9,9,9,9,9,9,9,9
1.0,3,9,9,9,9,5,9,9,9,1,9,9,9,202206,0.9574,22060538,R,9,9,9,9,9,9,9,9,9,9
1.0,3,9,9,9,9,5,9,9,9,1,9,9,9,202206,0.9574,22060539,R,9,9,9,9,9,9,9,9,9,9
1.0,3,9,9,9,9,5,9,9,9,1,9,9,9,202206,0.9574,22060540,R,9,9,9,9,9,9,9,9,9,9
1.0,3,9,9,9,9,5,9,9,9,1,9,9,9,202206,0.9574,22060541,R,9,9,9,9,9,9,9,9,9,9
1.0,3,9,9,9,9,5,9,9,9,1,9,9,9,202206,0.9574,22060542,R,9,9,9,9,9,9,9,9,9,9
1.0,3,9,9,9,9,5,9,9,9,1,9,9,9,202206,0.9574,22060543,R,9,9,9,9,9,9,9,9,9,9
1.0,3,9,9,9,9,5,9,9,9,1,9,9,9,202206,0.9574,22060544,R,9,9,9,9,9,9,9,9,9,9
1.0,3,9,9,9,9,5,9,9,9,1,9,9,9,202206,0.9574,22060545,R,9,9,9,9,9,9,9,9,9,9
1.0,3,9,9,9,9,5,9,9,9,1,9,9,9,202206,0.9574,22060546,R,9,9,9,9,9,9,9,9,9,9
1.0,3,9,9,9,9,5,9,9,9,1,9,9,9,202206,0.9574,22060547,R,9,9,9,9,9,9,9,9,9,9
1.0,3,9,9,9,9,5,9,9,9,1,9,9,9,202206,0.9574,22060548,R,9,9,9,9,9,9,9,9,9,9
1.0,3,9,9,9,9,5,9,9,9,1,9,9,9,202206,0.9574,22060549,R,9,9,9,9,9,9,9,9,9,9
1.0,3,9,9,9,9,5,9,9,9,1,9,9,9,202206,0.9574,22060550,R,9,9,9,9,9,9,9,9,9,9
1.0,3,9,9,9,9,5,9,9,9,1,9,9,9,202206,0.9574,22060551,R,9,9,9,9,9,9,9,9,9,9
1.0,3,9,9,9,9,5,9,9,9,1,9,9,9,202206,0.9574,22060552,R,9,9,9,9,9,9,9,9,9,9
1.0,3,9,9,9,9,5,9,9,9,1,9,9,9,202206,0.9574,22060553,R,9,9,9,9,9,9,9,9,9,9
1.0,3,9,9,9,9,5,9,9,9,1,9,9,9,202206,0.9574,22060554,R,9,9,9,9,9,9,9,9,9,9
1.0,3,9,9,9,9,5,9,9,9,1,9,9,9,202206,0.9574,22060555,R,9,9,9,9,9,9,9,9,9,9
1.0,3,9,9,9,9,5,9,9,9,1,9,9,9,202206,0.9574,22060556,R,9,9,9,9,9,9,9,9,9,9
1.0,3,9,9,9,9,5,9,9,9,1,9,9,9,202206,0.9574,22060557,R,9,9,9,9,9,9,9,9,9,9
1.0,3,9,9,9,9,5,9,9,9,1,9,9,9,202206,0.9574,22060558,R,9,9,9,9,9,9,9,9,9,9
1.0,3,9,9,9,9,5,9,9,9,1,9,9,9,202206,0.9574,22060559,R,9,9,9,9,9,9,9,9,9,9
1.0,3,9,9,9,9,5,9,9,9,1,9,9,9,202206,0.9574,22060560,R,9,9,9,9,9,9,9,9,9,9
1.0,3,9,9,9,9,5,9,9,9,1,9,9,9,202206,0.9574,22060561,R,9,9,9,9,9,9,9,9,9,9
1.0,3,9,9,9,9,5,9,9,9,1,9,9,9,202206,0.9574,22060562,R,9,9,9,9,9,9,9,9,9,9
1.0,3,9,9,9,9,5,9,9,9,1,9,9,9,202206,0.9574,22060563,R,9,9,9,9,9,9,9,9,9,9
1.0,3,9,9,9,9,5,9,9,9,1,9,9,9,202206,0.9574,22060564,R,9,9,9,9,9,9,9,9,9,9
1.0,3,9,9,9,9,5,9,9,9,1,9,9,9,202206,0.9574,22060565,R,9,9,9,9,9,9,9,9,9,9
1.0,3,9,9,9,9,5,9,9,9,1,9,9,9,202206,0.9574,22060566,R,9,9,9,9,9,9,9,9,9,9
1.0,3,9,9,9,9,5,9,9,9,1,9,9,9,202206,0.9574,22060567,R,9,9,9,9,9,9,9,9,9,9
1.0,3,9,9,9,9,5,9,9,9,1,9,9,9,202206,0.9574,22060568,R,9,9,9,9,9,9,9,9,9,9
1.0,3,9,9,9,9,5,9,9,9,1,9,9,9,202206,0.9574,22060569,R,9,9,9,9,9,9,9,9,9,9
1.0,3,9,9,9,9,5,9,9,9,1,9,9,9,202206,0.9574,22060570,R,9,9,9,9,9,9,9,9,9,9
1.0,3,9,9,9,9,5,9,9,9,1,9,9,9,202206,0.9574,22060571,R,9,9,9,9,9,9,9,9,9,9
1.0,3,9,9,9,9,5,9,9,9,1,9,9,9,202206,0.9574,22060572,R,9,9,9,9,9,9,9,9,9,9
1.0,3,9,9,9,9,5,9,9,9,1,9,9,9,202206,0.9574,22060573,R,9,9,9,9,9,9,9,9,9,9
1.0,3,9,9,9,9,5,9,9,9,1,9,9,9,202206,0.9574,22060574,R,9,9,9,9,9,9,9,9,9,9
1.0,3,9,9,9,9,5,9,9,9,1,9,9,9,202206,0.9574,22060575,R,9,9,9,9,9,9,9,9,9,9
1.0,3,9,9,9,9,5,9,9,9,1,9,9,9,202206,0.9574,22060576,R,9,9,9,9,9,9,9,9,9,9
1.0,3,9,9,9,9,5,9,9,9,1,9,9,9,202206,0.9574,22060577,R,9,9,9,9,9,9,9,9,9,9
1.0,3,9,9,9,9,5,9,9,9,1,9,9,9,202206,0.9574,22060578,R,9,9,9,9,9,9,9,9,9,9
1.0,3,9,9,9,9,5,9,9,9,1,9,9,9,202206,0.9574,22060579,R,9,9,9,9,9,9,9,9,9,9
1.0,3,9,9,9,9,5,9,9,9,1,9,9,9,202206,0.9574,22060580,R,9,9,9,9,9,9,9,9,9,9
1.0,3,9,9,9,9,5,9,9,9,1,9,9,9,202206,0.9574,22060581,R,9,9,9,9,9,9,9,9,9,9
1.0,3,9,9,9,9,5,9,9,9,1,9,9,9,202206,0.9574,22060582,R,9,9,9,9,9,9,9,9,9,9
1.0,3,9,9,9,9,5,9,9,9,1,9,9,9,202206,0.9574,22060583,R,9,9,9,9,9,9,9,9,9,9
1.0,3,9,9,9,9,5,9,9,9,1,9,9,9,202206,0.9574,22060584,R,9,9,9,9,9,9,9,9,9,9
1.0,3,9,9,9,9,5,9,9,9,1,9,9,9,202206,0.9574,22060585,R,9,9,9,9,9,9,9,9,9,9
1.0,3,9,9,9,9,5,9,9,9,1,9,9,9,202206,0.9574,22060586,R,9,9,9,9,9,9,9,9,9,9
1.0,3,9,9,9,9,5,9,9,9,1,9,9,9,202206,0.9574,22060587,R,9,9,9,9,9,9,9,9,9,9
1.0,3,9,9,9,9,5,9,9,9,1,9,9,9,202206,0.9574,22060588,R,9,9,9,9,9,9,9,9,9,9
1.0,3,9,9,9,9,5,9,9,9,1,9,9,9,202206,0.9574,22060589,R,9,9,9,9,9,9,9,9,9,9
1.0,3,9,9,9,9,5,9,9,9,1,9,9,9,202206,0.9574,22060590,R,9,9,9,9,9,9,9,9,9,9
1.0,3,9,9,9,9,5,9,9,9,1,9,9,9,202206,0.9574,22060591,R,9,9,9,9,9,9,9,9,9,9
1.0,3,9,9,9,9,5,9,9,9,1,9,9,9,202206,0.9574,22060592,R,9,9,9,9,9,9,9,9,9,9
1.0,3,9,9,9,9,5,9,9,9,1,9,9,9,202206,0.9574,22060593,R,9,9,9,9,9,9,9,9,9,9
1.0,3,9,9,9,9,5,9,9,9,1,9,9,9,202206,0.9574,22060594,R,9,9,9,9,9,9,9,9,9,9
1.0,3,9,9,9,9,5,9,9,9,1,9,9,9,202206,0.9574,22060595,R,9,9,9,9,9,9,9,9,9,9
1.0,3,9,9,9,9,5,9,9,9,1,9,9,9,202206,0.9574,22060596,R,9,9,9,9,9,9,9,9,9,9
1.0,3,9,9,9,9,5,9,9,9,1,9,9,9,202206,0.9574,22060597,R,9,9,9,9,9,9,9,9,9,9
1.0,3,9,9,9,9,5,9,9,9,1,9,9,9,202206,0.9574,22060598,R,9,9,9,9,9,9,9,9,9,9
1.0,3,9,9,9,9,5,9,9,9,1,9,9,9,202206,0.9574,22060599,R,9,9,9,9,9,9,9,9,9,9
1.0,3,9,9,9,9,5,9,9,9,1,9,9,9,202206,0.9574,22060600,R,9,9,9,9,9,9,9,9,9,9
1.0,3,9,9,9,9,5,9,9,9,1,9,9,9,202206,0.9574,22060601,R,9,9,9,9,9,9,9,9,9,9
1.0,3,9,9,9,9,5,9,9,9,1,9,9,9,202206,0.9574,22060602,R,9,9,9,9,9,9,9,9,9,9
1.0,3,9,9,9,9,5,9,9,9,1,9,9,9,202206,0.9574,22060603,R,9,9,9,9,9,9,9,9,9,9
1.0,3,9,9,9,9,5,9,9,9,1,9,9,9,202206,0.9574,22060604,R,9,9,9,9,9,9,9,9,9,9
1.0,3,9,9,9,9,5,9,9,9,1,9,9,9,202206,0.9574,22060605,R,9,9,9,9,9,9,9,9,9,9
1.0,3,9,9,9,9,5,9,9,9,1,9,9,9,202206,0.9574,22060606,R,9,9,9,9,9,9,9,9,9,9
1.0,3,9,9,9,9,5,9,9,9,1,9,9,9,202206,0.9574,22060607,R,9,9,9,9,9,9,9,9,9,9
1.0,3,9,9,9,9,5,9,9,9,1,9,9,9,202206,0.9574,22060608,R,9,9,9,9,9,9,9,9,9,9
1.0,3,9,9,9,9,5,9,9,9,1,9,9,9,202206,0.9574,22060609,R,9,9,9,9,9,9,9,9,9,9
1.0,3,9,9,9,9,5,9,9,9,1,9,9,9,202206,0.9574,22060610,R,9,9,9,9,9,9,9,9,9,9
1.0,3,9,9,9,9,5,9,9,9,1,9,9,9,202206,0.9574,22060611,R,9,9,9,9,9,9,9,9,9,9
1.0,3,9,9,9,9,5,9,9,9,1,9,9,9,202206,0.9574,22060612,R,9,9,9,9,9,9,9,9,9,9
1.0,3,9,9,9,9,5,9,9,9,1,9,9,9,202206,0.9574,22060613,R,9,9,9,9,9,9,9,9,9,9
1.0,3,9,9,9,9,5,9,9,9,1,9,9,9,202206,0.9574,22060614,R,9,9,9,9,9,9,9,9,9,9
1.0,3,9,9,9,9,5,9,9,9,1,9,9,9,202206,0.9574,22060615,R,9,9,9,9,9,9,9,9,9,9
1.0,3,9,9,9,9,5,9,9,9,1,9,9,9,202206,0.9574,22060616,R,9,9,9,9,9,9,9,9,9,9
1.0,3,9,9,9,9,5,9,9,9,1,9,9,9,202206,0.9574,22060617,R,9,9,9,9,9,9,9,9,9,9
1.0,3,9,9,9,9,5,9,9,9,1,9,9,9,202206,0.9574,22060618,R,9,9,9,9,9,9,9,9,9,9
1.0,3,9,9,9,9,5,9,9,9,1,9,9,9,202206,0.9574,22060619,R,9,9,9,9,9,9,9,9,9,9
1.0,3,9,9,9,9,5,9,9,9,1,9,9,9,202206,0.9574,22060620,R,9,9,9,9,9,9,9,9,9,9
1.0,3,9,9,9,9,5,9,9,9,1,9,9,9,202206,0.9574,22060621,R,9,9,9,9,9,9,9,9,9,9
1.0,3,9,9,9,9,5,9,9,9,1,9,9,9,202206,0.9574,22060622,R,9,9,9,9,9,9,9,9,9,9
1.0,3,9,9,9,9,5,9,9,9,1,9,9,9,202206,0.9574,22060623,R,9,9,9,9,9,9,9,9,9,9
1.0,3,9,9,9,9,5,9,9,9,1,9,9,9,202206,0.9574,22060624,R,9,9,9,9,9,9,9,9,9,9
1.0,3,9,9,9,9,5,9,9,9,1,9,9,9,202206,0.9574,22060625,R,9,9,9,9,9,9,9,9,9,9
1.0,3,9,9,9,9,5,9,9,9,1,9,9,9,202206,0.9574,22060626,R,9,9,9,9,9,9,9,9,9,9
1.0,3,9,9,9,9,5,9,9,9,1,9,9,9,202206,0.9574,22060627,R,9,9,9,9,9,9,9,9,9,9
1.0,3,9,9,9,9,5,9,9,9,1,9,9,9,202206,0.9574,22060628,R,9,9,9,9,9,9,9,9,9,9
25.5579,3,9,9,9,9,5,9,9,9,1,9,9,9,202206,0.9574,22060629,R,9,9,9,9,9,9,9,9,9,9
1.0,3,9,9,9,9,5,9,9,9,1,9,9,9,202206,0.9574,22060630,R,9,9,9,9,9,9,9,9,9,9
1.0,3,9,9,9,9,5,9,9,9,1,9,9,9,202206,0.9574,22060631,R,9,9,9,9,9,9,9,9,9,9
1.0,3,9,9,9,9,5,9,9,9,1,9,9,9,202206,0.9574,22060632,R,9,9,9,9,9,9,9,9,9,9
1.0,3,9,9,9,9,5,9,9,9,1,9,9,9,202206,0.9574,22060633,R,9,9,9,9,9,9,9,9,9,9
1.0,3,9,9,9,9,5,9,9,9,1,9,9,9,202206,0.9574,22060634,R,9,9,9,9,9,9,9,9,9,9
1.0,3,9,9,9,9,5,9,9,9,1,9,9,9,202206,0.9574,22060635,R,9,9,9,9,9,9,9,9,9,9
1.0,3,9,9,9,9,5,9,9,9,1,9,9,9,202206,0.9574,22060636,R,9,9,9,9,9,9,9,9,9,9
1.0,3,9,9,9,9,5,9,9,9,1,9,9,9,202206,0.9574,22060637,R,9,9,9,9,9,9,9,9,9,9
1.0,3,9,9,9,9,5,9,9,9,1,9,9,9,202206,0.9574,22060638,R,9,9,9,9,9,9,9,9,9,9
1.0,3,9,9,9,9,5,9,9,9,1,9,9,9,202206,0.9574,22060639,R,9,9,9,9,9,9,9,9,9,9
1.0,3,9,9,9,9,5,9,9,9,1,9,9,9,202206,0.9574,22060640,R,9,9,9,9,9,9,9,9,9,9
1.0,3,9,9,9,9,5,9,9,9,1,9,9,9,202206,0.9574,22060641,R,9,9,9,9,9,9,9,9,9,9
1.0,3,9,9,9,9,5,9,9,9,1,9,9,9,202206,0.9574,22060642,R,9,9,9,9,9,9,9,9,9,9
1.0,3,9,9,9,9,5,9,9,9,1,9,9,9,202206,0.9574,22060643,R,9,9,9,9,9,9,9,9,9,9
1.0,3,9,9,9,9,5,9,9,9,1,9,9,9,202206,0.9574,22060644,R,9,9,9,9,9,9,9,9,9,9
1.0,3,9,9,9,9,5,9,9,9,1,9,9,9,202206,0.9574,22060645,R,9,9,9,9,9,9,9,9,9,9
1.0,3,9,9,9,9,5,9,9,9,1,9,9,9,202206,0.9574,22060646,R,9,9,9,9,9,9,9,9,9,9
1.0,3,9,9,9,9,5,9,9,9,1,9,9,9,202206,0.9574,22060647,R,9,9,9,9,9,9,9,9,9,9
1.0,3,9,9,9,9,5,9,9,9,1,9,9,9,202206,0.9574,22060648,R,9,9,9,9,9,9,9,9,9,9
1.0,3,9,9,9,9,5,9,9,9,1,9,9,9,202206,0.9574,22060649,R,9,9,9,9,9,9,9,9,9,9
1.0,3,9,9,9,9,5,9,9,9,1,9,9,9,202206,0.9574,22060650,R,9,9,9,9,9,9,9,9,9,9
1.0,3,9,9,9,9,5,9,9,9,1,9,9,9,202206,0.9574,22060651,R,9,9,9,9,9,9,9,9,9,9
1.0,3,9,9,9,9,5,9,9,9,1,9,9,9,202206,0.9574,22060652,R,9,9,9,9,9,9,9,9,9,9
1.0,3,9,9,9,9,5,9,9,9,1,9,9,9,202206,0.9574,22060653,R,9,9,9,9,9,9,9,9,9,9
1.0,3,9,9,9,9,5,9,9,9,1,9,9,9,202206,0.9574,22060654,R,9,9,9,9,9,9,9,9,9,9
1.0,3,9,9,9,9,5,9,9,9,1,9,9,9,202206,0.9574,22060655,R,9,9,9,9,9,9,9,9,9,9
1.0,3,9,9,9,9,5,9,9,9,1,9,9,9,202206,0.9574,22060656,R,9,9,9,9,9,9,9,9,9,9
1.0,3,9,9,9,9,5,9,9,9,1,9,9,9,202206,0.9574,22060657,R,9,9,9,9,9,9,9,9,9,9
1.0,3,9,9,9,9,5,9,9,9,1,9,9,9,202206,0.9574,22060658,R,9,9,9,9,9,9,9,9,9,9
1.0,3,9,9,9,9,5,9,9,9,1,9,9,9,202206,0.9574,22060659,R,9,9,9,9,9,9,9,9,9,9
1.0,3,9,9,9,9,5,9,9,9,1,9,9,9,202206,0.9574,22060660,R,9,9,9,9,9,9,9,9,9,9
1.0,3,9,9,9,9,5,9,9,9,1,9,9,9,202206,0.9574,22060661,R,9,9,9,9,9,9,9,9,9,9
1.0,3,9,9,9,9,5,9,9,9,1,9,9,9,202206,0.9574,22060662,R,9,9,9,9,9,9,9,9,9,9
1.0,3,9,9,9,9,5,9,9,9,1,9,9,9,202206,0.9574,22060663,R,9,9,9,9,9,9,9,9,9,9
1.0,3,9,9,9,9,5,9,9,9,1,9,9,9,202206,0.9574,22060664,R,9,9,9,9,9,9,9,9,9,9
1.0,3,9,9,9,9,5,9,9,9,1,9,9,9,202206,0.9574,22060665,R,9,9,9,9,9,9,9,9,9,9
1.0,3,9,9,9,9,5,9,9,9,1,9,9,9,202206,0.9574,22060666,R,9,9,9,9,9,9,9,9,9,9
1.0,3,9,9,9,9,5,9,9,9,1,9,9,9,202206,0.9574,22060667,R,9,9,9,9,9,9,9,9,9,9
1.0,3,9,9,9,9,5,9,9,9,1,9,9,9,202206,0.9574,22060668,R,9,9,9,9,9,9,9,9,9,9
1.0,3,9,9,9,9,5,9,9,9,1,9,9,9,202206,0.9574,22060669,R,9,9,9,9,9,9,9,9,9,9
1.0,3,9,9,9,9,5,9,9,9,1,9,9,9,202206,0.9574,22060670,R,9,9,9,9,9,9,9,9,9,9
1.0,3,9,9,9,9,5,9,9,9,1,9,9,9,202206,0.9574,22060671,R,9,9,9,9,9,9,9,9,9,9
1.0,3,9,9,9,9,5,9,9,9,1,9,9,9,202206,0.9574,22060672,R,9,9,9,9,9,9,9,9,9,9
1.0,3,9,9,9,9,5,9,9,9,1,9,9,9,202206,0.9574,22060673,R,9,9,9,9,9,9,9,9,9,9
1.0,3,9,9,9,9,5,9,9,9,1,9,9,9,202206,0.9574,22060674,R,9,9,9,9,9,9,9,9,9,9
1.0,3,9,9,9,9,5,9,9,9,1,9,9,9,202206,0.9574,22060675,R,9,9,9,9,9,9,9,9,9,9
1.0,3,9,9,9,9,5,9,9,9,1,9,9,9,202206,0.9574,22060676,R,9,9,9,9,9,9,9,9,9,9
39.707100000000004,2,1,3,2,2,3,1,1,2,2,160000,1700,3,202206,1.0606,22060677,R,I,R,R,R,R,R,R,R,R,R
39.707100000000004,1,1,3,2,3,3,1,1,2,2,180000,2500,3,202206,1.0606,22060678,R,R,R,R,R,R,R,R,R,R,R
12.7789,2,1,3,2,2,4,1,1,2,2,160000,1900,3,202206,1.0606,22060679,R,R,R,R,R,R,R,R,R,R,R
12.7789,2,1,3,2,2,4,1,1,2,2,96000,1300,3,202206,1.0606,22060680,R,R,R,R,R,R,R,R,R,R,R
8.519300000000001,2,1,3,2,2,5,1,1,2,3,230000,2200,3,202206,1.0606,22060681,R,R,R,R,R,R,R,R,R,R,R
12.7789,2,1,3,2,3,4,1,1,2,2,130000,1300,3,202206,1.0606,22060682,I,I,I,I,I,I,I,I,I,I,I
12.7789,2,1,3,2,2,4,1,3,1,2,160000,1700,3,202206,1.0606,22060683,R,I,R,R,R,R,R,R,R,R,R
12.7789,2,1,3,2,1,4,3,1,1,2,190000,1400,3,202206,1.0606,22060684,R,R,R,R,R,R,R,R,R,R,R
12.7789,2,1,4,2,1,4,3,2,2,2,140000,1300,3,202206,1.0606,22060685,I,I,I,I,I,I,I,I,I,I,I
12.7789,1,1,3,2,1,4,3,1,2,2,210000,2200,3,202206,1.0606,22060686,I,I,I,I,I,I,I,I,I,I,I
12.7789,1,1,4,2,3,4,3,1,1,2,190000,1500,3,202206,1.0606,22060687,R,R,R,R,R,R,R,R,R,R,R
12.7789,1,1,4,2,1,4,3,1,1,2,140000,1400,1,202206,1.0606,22060688,I,I,I,I,I,I,I,I,I,I,I
12.7789,2,1,3,2,1,4,3,2,1,2,190000,2200,3,202206,1.0606,22060689,I,I,I,I,I,I,I,I,I,I,I
12.7789,2,1,3,2,1,4,3,1,1,2,160000,1700,3,202206,1.0606,22060690,I,I,I,I,I,I,I,I,I,I,I
12.7789,2,1,3,2,3,4,1,1,2,2,130000,2000,3,202206,1.0606,22060691,R,R,R,R,R,R,R,R,R,R,R
12.7789,1,1,4,2,1,4,3,1,3,2,180000,1400,1,202206,1.0606,22060692,R,R,R,R,R,R,R,R,R,R,R
39.707100000000004,2,1,5,2,3,3,1,3,2,2,87000,1500,3,202206,1.0606,22060693,R,R,R,R,R,R,R,R,R,R,R
12.7789,2,1,3,2,1,4,3,3,1,2,96000,910,1,202206,1.0606,22060694,I,I,I,I,I,I,I,I,I,I,I
12.7789,1,1,3,2,1,4,3,1,1,2,150000,1600,1,202206,1.0606,22060695,I,I,I,I,I,I,I,I,I,I,I
12.7789,1,1,4,2,1,4,2,1,2,2,220000,1500,3,202206,1.0606,22060696,R,R,R,R,R,R,R,R,R,R,R
12.7789,2,1,4,2,1,4,3,1,2,2,130000,1200,3,202206,1.0606,22060697,R,I,I,I,I,R,I,I,I,I,I
12.7789,1,1,5,2,2,4,1,3,1,2,250000,1600,3,202206,1.0606,22060698,R,R,R,R,R,R,R,R,R,R,R
8.519300000000001,2,1,3,2,1,5,3,2,2,3,200000,2200,3,202206,1.0606,22060699,R,I,I,I,R,R,I,I,R,I,I
12.7789,2,1,5,2,2,4,4,1,2,2,150000,1500,3,202206,1.0606,22060700,R,I,R,R,R,R,R,R,R,R,R
12.7789,2,1,4,2,1,4,3,1,2,2,240000,1400,3,202206,1.0606,22060701,R,R,R,R,R,R,R,R,R,R,R
12.7789,2,1,4,2,1,4,3,1,2,2,160000,1700,3,202206,1.0606,22060702,I,I,I,I,I,I,I,I,I,I,I
12.7789,1,1,4,2,1,4,2,1,2,2,300000,1500,3,202206,1.0606,22060703,R,R,R,R,R,R,R,R,R,R,R
12.7789,2,1,4,2,1,4,3,1,2,2,140000,1400,3,202206,1.0606,22060704,I,I,I,I,I,I,I,I,I,I,I
12.7789,2,1,3,2,1,4,1,1,2,2,96000,1200,3,202206,1.0606,22060705,R,R,R,R,R,R,R,R,R,R,R
12.7789,1,1,4,2,1,4,2,1,2,2,200000,910,3,202206,1.0606,22060706,R,R,R,R,R,R,R,R,R,R,R
12.7789,1,1,3,1,1,4,1,1,2,2,9,1700,3,202206,1.0606,22060707,R,9,R,R,R,R,I,I,R,I,I
12.7789,1,1,3,2,1,4,1,1,2,2,140000,1400,3,202206,1.0606,22060708,I,I,I,I,I,I,I,I,I,I,I
12.7789,1,1,3,2,1,4,1,1,2,2,150000,1600,3,202206,1.0606,22060709,I,I,I,I,I,I,I,I,I,I,I
39.707100000000004,1,1,4,2,2,3,1,1,2,2,87000,1100,3,202206,1.0606,22060710,R,R,R,R,R,R,R,R,R,R,R
39.707100000000004,2,1,4,2,2,3,1,1,2,2,140000,1600,3,202206,1.0606,22060711,R,R,R,R,R,R,R,R,R,R,R
39.707100000000004,2,1,5,2,3,3,1,1,2,2,130000,1300,3,202206,1.0606,22060712,R,R,R,R,R,R,R,R,R,R,R
39.707100000000004,2,1,5,2,3,3,1,1,2,2,150000,1900,3,202206,1.0606,22060713,R,R,R,R,R,R,R,R,R,R,R
39.707100000000004,2,1,3,2,1,3,1,1,1,2,140000,1300,3,202206,1.0606,22060714,R,I,I,I,R,R,I,I,R,I,I
39.707100000000004,2,1,5,2,3,3,1,1,2,2,87000,1300,3,202206,1.0606,22060715,R,R,R,R,R,R,R,R,R,R,R
39.707100000000004,2,1,3,2,2,3,1,1,1,2,140000,1400,3,202206,1.0606,22060716,R,I,I,I,I,R,I,I,I,I,I
39.707100000000004,2,1,3,2,2,3,1,1,1,2,100000,1600,3,202206,1.0606,22060717,R,R,R,R,R,R,R,R,R,R,R
39.707100000000004,2,1,3,2,2,3,1,1,2,2,150000,2200,3,202206,1.0606,22060718,R,R,R,R,R,R,R,R,R,R,R
12.7789,2,1,3,2,1,4,3,1,2,2,170000,1800,3,202206,1.0606,22060719,I,I,I,I,I,I,I,I,I,I,I
9.1091,1,1,3,2,2,2,1,1,1,2,250000,1700,3,202206,1.0606,22060720,R,R,R,R,R,R,R,R,R,R,R
9.1091,2,1,5,2,1,2,1,1,1,2,140000,1300,3,202206,1.0606,22060721,I,I,I,I,I,I,I,I,I,I,I
9.1091,1,1,3,2,1,2,1,1,2,2,160000,1700,3,202206,1.0606,22060722,I,I,I,I,I,I,I,I,I,I,I
39.707100000000004,2,1,3,2,2,3,1,1,2,2,100000,1600,3,202206,1.0606,22060723,R,R,R,R,R,R,R,R,R,R,R
39.707100000000004,2,1,5,2,3,3,1,1,2,2,180000,1900,3,202206,1.0606,22060724,R,I,I,I,I,I,I,I,I,I,I
39.707100000000004,1,1,5,1,1,3,1,1,1,2,9,2200,1,202206,1.0606,22060725,R,9,R,R,R,R,R,R,R,R,R
39.707100000000004,2,1,3,2,4,3,1,1,2,2,210000,2500,3,202206,1.0606,22060726,R,R,R,R,R,R,R,R,R,R,R
9.1091,1,1,3,2,1,2,1,1,1,2,190000,2100,3,202206,1.0606,22060727,I,I,I,I,I,I,I,I,I,I,I
9.1091,1,1,5,2,1,2,1,1,2,2,110000,1300,3,202206,1.0606,22060728,R,R,R,R,R,R,I,I,R,I,I
9.1091,2,1,5,2,2,2,2,3,3,2,140000,1300,3,202206,1.0606,22060729,R,I,R,R,R,R,R,R,R,R,R
9.1091,2,1,3,2,1,2,1,1,2,2,130000,1700,3,202206,1.0606,22060730,R,R,R,R,R,R,R,I,R,I,I
9.1091,1,1,3,2,1,2,1,1,2,2,120000,1100,3,202206,1.0606,22060731,R,I,I,I,R,R,I,I,R,I,I
9.1091,2,1,3,2,1,2,1,1,2,2,110000,1400,3,202206,1.0606,22060732,R,R,R,R,R,R,R,I,R,I,I
9.1091,1,1,5,2,1,2,1,1,1,2,110000,1500,3,202206,1.0606,22060733,R,R,R,R,R,R,R,R,R,R,R
9.1091,2,1,3,2,2,2,1,1,2,2,140000,1700,3,202206,1.0606,22060734,R,R,R,R,R,R,R,R,R,R,R
39.707100000000004,1,1,3,2,3,3,1,1,2,2,160000,1700,3,202206,1.0606,22060735,I,I,I,I,I,I,I,I,I,I,I
9.1091,2,1,3,2,3,2,1,1,3,2,170000,1700,3,202206,1.0606,22060736,R,R,R,R,R,R,R,R,R,R,R
12.7789,2,1,3,1,2,2,1,1,2,2,9,2200,3,202206,1.0606,22060737,R,9,R,R,R,R,R,R,R,R,R
9.1091,2,1,3,2,2,2,1,1,2,2,110000,1700,3,202206,1.0606,22060738,R,R,R,R,R,R,R,R,R,R,R
9.1091,2,1,3,2,3,2,1,1,2,2,89000,1300,3,202206,1.0606,22060739,R,R,R,R,R,R,R,R,R,R,R
9.1091,2,1,3,2,3,2,1,1,2,2,200000,2400,3,202206,1.0606,22060740,I,I,I,I,I,I,I,I,I,I,I
9.1091,1,1,3,2,2,2,1,1,2,2,120000,1100,3,202206,1.0606,22060741,I,I,I,I,I,I,I,I,I,I,I
9.1091,2,1,3,1,2,2,1,1,2,2,9,2400,3,202206,1.0606,22060742,R,9,R,R,R,R,R,R,R,R,R
9.1091,2,1,3,1,2,2,1,1,2,2,9,1500,3,202206,1.0606,22060743,I,9,I,I,I,I,I,I,I,I,I
9.1091,1,1,3,2,1,2,1,1,2,2,100000,1100,3,202206,1.0606,22060744,R,R,R,R,R,R,R,R,R,R,R
8.519300000000001,2,1,4,2,2,5,3,2,1,3,350000,2900,3,202206,1.0606,22060745,R,R,R,R,R,R,R,R,R,R,R
12.7789,2,1,3,2,3,4,1,2,2,2,150000,1300,3,202206,1.0606,22060746,R,R,R,R,R,R,R,I,R,R,I
12.7789,2,1,5,2,2,4,1,3,2,2,190000,2200,3,202206,1.0606,22060747,I,I,I,I,I,I,I,I,I,I,I
12.7789,1,1,3,2,1,4,1,1,2,2,140000,1400,3,202206,1.0606,22060748,R,R,R,R,R,R,R,R,R,R,R
12.7789,2,1,3,2,2,4,1,1,2,2,140000,1400,3,202206,1.0606,22060749,I,I,I,I,I,I,I,I,I,I,I
8.125,1,1,3,1,1,1,1,1,2,2,9,1600,3,202206,1.0606,22060750,I,9,I,I,I,I,I,I,I,I,I
39.707100000000004,2,1,3,2,3,3,1,1,1,2,130000,1600,3,202206,1.0606,22060751,R,R,R,R,R,R,R,R,R,R,R
39.707100000000004,2,1,3,2,3,3,1,1,2,2,190000,2100,3,202206,1.0606,22060752,R,I,R,R,R,R,R,R,R,R,R
39.707100000000004,2,1,3,2,3,3,1,1,1,2,170000,2100,3,202206,1.0606,22060753,R,R,R,R,R,R,I,R,R,R,R
39.707100000000004,2,1,3,2,3,3,1,1,1,2,150000,1600,3,202206,1.0606,22060754,R,I,R,R,R,R,R,R,R,R,R
39.707100000000004,2,1,3,2,3,3,1,1,2,2,160000,1500,3,202206,1.0606,22060755,R,R,R,R,R,R,R,R,R,R,R
39.707100000000004,1,1,3,2,3,3,1,1,2,2,170000,1300,3,202206,1.0606,22060756,R,R,R,R,R,R,R,R,R,R,R
9.1091,2,1,3,2,2,2,1,1,2,2,150000,1600,3,202206,1.0606,22060757,R,I,R,R,R,R,R,R,R,R,R
9.1091,1,1,4,2,1,2,1,1,2,2,150000,1500,3,202206,1.0606,22060758,I,I,I,I,I,I,I,I,I,I,I
9.1091,2,1,3,2,1,2,1,1,2,2,150000,1600,3,202206,1.0606,22060759,I,I,I,I,I,I,I,I,I,I,I
12.7789,1,1,3,1,3,4,1,1,2,2,9,1200,3,202206,1.0606,22060760,I,9,I,I,I,I,I,I,I,I,I
12.7789,2,1,3,2,2,4,1,1,2,2,170000,2200,3,202206,1.0606,22060761,R,R,R,R,R,R,R,R,R,R,R
12.7789,2,1,3,2,2,4,3,1,1,2,190000,1300,3,202206,1.0606,22060762,R,R,R,R,R,R,R,R,R,R,R
12.7789,1,1,3,2,3,4,1,1,2,2,120000,910,1,202206,1.0606,22060763,R,R,R,R,R,R,R,R,R,R,R
12.7789,2,1,3,2,2,4,1,1,2,2,150000,1500,3,202206,1.0606,22060764,I,I,I,I,I,I,I,I,I,I,I
8.125,1,1,3,2,1,1,1,2,2,2,99000,1600,3,202206,1.0606,22060765,R,R,R,R,R,R,R,R,R,R,R
8.125,1,1,3,2,1,1,1,1,2,2,110000,1300,3,202206,1.0606,22060766,R,R,R,R,R,R,R,R,R,R,R
8.125,2,1,3,2,1,1,1,1,2,2,150000,1600,3,202206,1.0606,22060767,I,I,I,I,I,I,I,I,I,I,I
8.125,2,1,3,2,2,1,1,1,2,2,130000,1400,3,202206,1.0606,22060768,R,R,R,R,R,R,R,R,R,R,R
8.125,2,1,3,2,2,1,1,1,1,2,130000,1200,3,202206,1.0606,22060769,I,I,I,I,I,I,I,I,I,I,I
8.125,1,1,3,2,1,1,1,2,2,2,85000,990,1,202206,1.0606,22060770,R,R,R,R,R,R,R,R,R,R,R
8.125,1,1,3,1,1,1,1,1,2,2,9,1200,3,202206,1.0606,22060771,R,9,R,R,R,R,R,R,R,R,R
8.125,2,1,3,2,1,1,1,1,1,2,150000,1600,3,202206,1.0606,22060772,I,I,I,I,I,I,I,I,I,I,I
8.125,2,1,3,2,2,1,1,1,2,2,130000,1600,3,202206,1.0606,22060773,R,R,R,R,R,R,R,R,R,R,R
8.125,1,1,3,2,1,1,1,1,2,2,130000,1600,3,202206,1.0606,22060774,R,R,R,R,R,R,R,R,R,R,R
39.707100000000004,2,1,3,2,2,3,1,1,2,2,150000,1600,3,202206,1.0606,22060775,R,R,R,R,R,R,R,R,R,R,R
39.707100000000004,2,1,5,2,3,3,1,1,2,2,160000,1700,3,202206,1.0606,22060776,I,I,I,I,I,I,I,I,I,I,I
39.707100000000004,2,1,3,2,2,3,2,2,2,2,130000,1600,3,202206,1.0606,22060777,R,R,R,R,R,R,R,R,R,R,R
39.707100000000004,2,1,3,2,2,3,1,1,2,2,190000,2200,3,202206,1.0606,22060778,R,I,R,R,R,R,R,R,R,R,R
39.707100000000004,2,1,3,2,2,3,1,1,2,2,150000,1700,3,202206,1.0606,22060779,R,R,R,R,R,R,R,R,R,R,R
39.707100000000004,2,1,3,2,1,3,1,1,2,2,140000,1600,3,202206,1.0606,22060780,R,R,R,R,R,R,R,R,R,R,R
39.707100000000004,2,1,3,2,2,3,1,2,2,2,180000,2000,3,202206,1.0606,22060781,R,I,I,I,I,I,I,I,I,I,I
39.707100000000004,2,1,3,2,2,3,1,1,2,2,240000,2500,3,202206,1.0606,22060782,R,R,R,R,R,R,R,R,R,R,R
39.707100000000004,2,1,3,2,2,3,1,1,2,2,240000,2300,3,202206,1.0606,22060783,R,R,R,R,R,R,R,R,R,R,R
39.707100000000004,2,1,5,2,3,3,1,2,1,2,150000,1600,3,202206,1.0606,22060784,I,I,I,I,I,I,I,I,I,I,I
39.707100000000004,2,1,3,2,2,3,1,1,2,2,130000,1100,3,202206,1.0606,22060785,R,R,R,R,R,R,R,R,R,R,R
39.707100000000004,2,1,5,2,3,3,1,1,2,2,180000,2000,1,202206,1.0606,22060786,R,I,R,R,R,R,R,R,R,R,R
39.707100000000004,2,1,3,2,2,3,3,1,2,2,190000,2000,3,202206,1.0606,22060787,R,R,R,R,R,R,R,R,R,R,R
9.1091,2,1,5,2,4,2,4,1,3,2,190000,2100,3,202206,1.0606,22060788,R,I,R,R,R,R,I,R,R,R,R
12.7789,2,1,1,2,3,4,0,0,1,2,130000,1700,3,202206,1.0606,22060789,R,R,R,R,R,R,R,R,R,R,R
12.7789,2,1,1,2,3,4,0,0,2,2,150000,1600,1,202206,1.0606,22060790,R,R,R,R,R,R,R,R,R,R,R
12.7789,2,1,1,2,3,4,0,0,1,2,240000,1400,1,202206,1.0606,22060791,R,R,R,R,R,R,R,R,R,R,R
12.7789,2,1,2,2,2,4,0,0,2,2,200000,1400,1,202206,1.0606,22060792,R,R,R,R,R,R,R,R,R,R,R
12.7789,2,1,1,2,1,4,0,0,2,2,150000,1600,3,202206,1.0606,22060793,I,I,I,I,I,I,I,R,I,I,R
12.7789,2,1,1,2,3,4,0,0,2,2,220000,1700,3,202206,1.0606,22060794,R,R,R,R,R,R,R,R,R,R,R
12.7789,1,1,1,2,1,4,0,0,2,2,120000,910,3,202206,1.0606,22060795,I,I,I,I,I,I,I,R,I,I,R
12.7789,2,1,2,2,2,4,0,0,1,2,220000,1200,3,202206,1.0606,22060796,R,R,R,R,R,R,R,R,R,R,R
12.7789,2,1,1,2,2,4,0,0,2,2,96000,1700,3,202206,1.0606,22060797,R,R,R,R,R,R,I,R,R,I,R
8.125,2,1,1,2,2,1,0,0,2,2,160000,1500,3,202206,1.0606,22060798,R,R,R,R,R,R,R,R,R,R,R
8.125,2,1,1,2,3,1,0,0,3,2,200000,1900,3,202206,1.0606,22060799,R,R,R,R,R,R,R,R,R,R,R
8.125,2,1,1,2,3,1,0,0,2,2,140000,1500,1,202206,1.0606,22060800,R,R,R,R,R,R,R,R,R,R,R
8.125,2,1,1,2,3,1,0,0,1,2,150000,1300,3,202206,1.0606,22060801,R,R,R,R,R,R,R,R,R,R,R
8.125,1,1,1,2,1,1,0,0,2,2,130000,1200,1,202206,1.0606,22060802,R,I,R,R,R,R,R,R,R,R,R
8.125,2,1,1,2,3,1,0,0,3,2,140000,1600,3,202206,1.0606,22060803,R,R,R,R,R,R,R,R,R,R,R
8.125,2,1,1,2,2,1,0,0,2,2,160000,1600,3,202206,1.0606,22060804,R,R,R,R,R,R,R,R,R,R,R
8.125,2,1,1,2,3,1,0,0,3,2,160000,1700,3,202206,1.0606,22060805,R,R,R,R,R,R,R,R,R,R,R
8.125,1,1,1,2,1,1,0,0,2,2,140000,1400,1,202206,1.0606,22060806,I,I,I,I,I,I,I,R,I,I,R
8.125,2,1,1,2,3,1,0,0,2,2,140000,1400,1,202206,1.0606,22060807,R,R,R,R,R,R,R,R,R,R,R
8.125,2,1,1,2,3,1,0,0,2,2,140000,990,1,202206,1.0606,22060808,R,R,R,R,R,R,R,R,R,R,R
39.707100000000004,2,1,1,2,2,3,0,0,2,2,180000,1900,3,202206,1.0606,22060809,I,I,I,I,I,I,I,R,I,I,R
39.707100000000004,2,1,1,1,2,3,0,0,2,2,9,1600,3,202206,1.0606,22060810,R,9,I,I,R,R,I,R,I,I,R
39.707100000000004,1,1,1,2,1,3,0,0,3,2,170000,1400,3,202206,1.0606,22060811,R,R,R,R,R,R,R,R,R,R,R
12.7789,2,1,1,2,1,4,0,0,1,2,210000,2200,3,202206,1.0606,22060812,I,I,I,I,I,I,I,R,I,I,R
9.1091,2,1,1,1,1,2,0,0,2,2,9,1600,3,202206,1.0606,22060813,I,9,I,I,I,I,I,R,I,I,R
39.707100000000004,2,1,2,2,2,3,0,0,3,2,150000,1300,3,202206,1.0606,22060814,R,R,R,R,R,R,R,R,R,R,R
9.1091,2,1,1,2,1,2,0,0,3,2,150000,1500,3,202206,1.0606,22060815,R,I,I,I,R,R,I,R,R,I,R
12.7789,2,1,2,2,2,4,0,0,3,2,140000,1400,1,202206,1.0606,22060816,I,I,I,I,I,I,I,R,I,I,R
8.125,2,1,1,2,1,1,0,0,2,2,190000,1900,3,202206,1.0606,22060817,R,R,R,R,R,R,I,R,I,R,R
8.125,2,1,1,2,3,1,0,0,2,2,100000,1200,3,202206,1.0606,22060818,R,R,R,R,R,R,R,R,R,R,R
8.125,2,1,1,2,3,1,0,0,1,2,120000,1500,1,202206,1.0606,22060819,R,R,R,R,R,R,R,R,R,R,R
8.125,2,1,1,2,1,1,0,0,2,2,150000,1500,1,202206,1.0606,22060820,R,I,I,I,I,R,I,R,I,I,R
9.1091,2,1,1,2,1,2,0,0,2,2,160000,1700,3,202206,1.0606,22060821,I,I,I,I,I,I,I,R,I,I,R
12.7789,2,1,1,2,2,4,0,0,2,2,130000,1200,3,202206,1.0606,22060822,R,I,I,I,I,I,I,R,I,I,R
12.7789,2,1,1,2,2,4,0,0,1,2,170000,1900,3,202206,1.0606,22060823,R,I,I,I,I,I,I,R,I,I,R
8.125,2,1,2,2,3,1,0,0,1,2,85000,1200,3,202206,1.0606,22060824,R,R,R,R,R,R,R,R,R,R,R
8.125,2,1,1,2,1,1,0,0,2,2,130000,1500,1,202206,1.0606,22060825,R,R,R,R,R,R,R,R,R,R,R
8.125,2,1,1,2,1,1,0,0,2,2,200000,1400,3,202206,1.0606,22060826,R,R,R,R,R,R,R,R,R,R,R
8.125,1,1,2,2,1,1,0,0,2,2,160000,1300,1,202206,1.0606,22060827,R,R,R,R,R,R,R,R,R,R,R
8.125,2,1,2,2,3,1,0,0,1,2,160000,1900,3,202206,1.0606,22060828,R,R,R,R,R,R,R,R,R,R,R
8.125,1,1,1,2,1,1,0,0,2,2,140000,1400,3,202206,1.0606,22060829,R,R,R,R,R,R,R,R,R,R,R
39.707100000000004,1,1,1,2,1,3,0,0,2,2,240000,1900,3,202206,1.0606,22060830,R,R,R,R,R,R,R,R,R,R,R
9.1091,1,1,1,2,1,2,0,0,1,2,160000,1700,3,202206,1.0606,22060831,I,I,I,I,I,I,I,R,I,I,R
9.1091,2,1,1,2,3,2,0,0,1,2,160000,1600,3,202206,1.0606,22060832,R,R,R,R,R,R,R,R,R,R,R
9.1091,2,1,1,2,1,2,0,0,2,2,140000,1400,3,202206,1.0606,22060833,R,I,I,I,I,R,I,R,R,I,R
12.7789,1,2,9,2,9,4,9,9,9,2,180000,2000,3,202206,1.0606,22060834,I,I,I,I,I,I,9,9,9,9,9
12.7789,1,2,9,2,9,4,9,9,9,2,160000,1700,3,202206,1.0606,22060835,I,I,I,I,I,I,9,9,9,9,9
12.7789,1,2,9,2,9,4,9,9,9,2,150000,1500,3,202206,1.0606,22060836,I,I,I,I,I,I,9,9,9,9,9
12.7789,1,2,9,2,9,4,9,9,9,2,140000,2200,3,202206,1.0606,22060837,R,R,R,R,R,R,9,9,9,9,9
39.707100000000004,1,2,9,2,9,3,9,9,9,2,140000,1300,3,202206,1.0606,22060838,I,I,I,I,I,I,9,9,9,9,9
39.707100000000004,1,2,9,2,9,3,9,9,9,2,190000,2200,3,202206,1.0606,22060839,I,I,I,I,I,I,9,9,9,9,9
39.707100000000004,1,2,9,2,9,3,9,9,9,2,110000,1100,3,202206,1.0606,22060840,I,I,I,I,I,I,9,9,9,9,9
39.707100000000004,1,2,9,2,9,3,9,9,9,2,240000,2500,3,202206,1.0606,22060841,I,I,I,I,I,I,9,9,9,9,9
39.707100000000004,1,2,9,2,9,3,9,9,9,2,170000,1900,3,202206,1.0606,22060842,R,I,R,R,R,R,9,9,9,9,9
39.707100000000004,1,2,9,2,9,3,9,9,9,2,170000,1900,3,202206,1.0606,22060843,R,R,R,R,R,R,9,9,9,9,9
39.707100000000004,1,2,9,2,9,3,9,9,9,2,220000,2500,3,202206,1.0606,22060844,R,R,R,R,R,R,9,9,9,9,9
39.707100000000004,1,2,9,2,9,3,9,9,9,2,190000,2100,3,202206,1.0606,22060845,I,I,I,I,I,I,9,9,9,9,9
12.7789,1,2,9,2,9,4,9,9,9,2,190000,2200,3,202206,1.0606,22060846,R,I,R,R,R,R,9,9,9,9,9
12.7789,1,2,9,2,9,4,9,9,9,2,220000,1800,3,202206,1.0606,22060847,R,R,R,R,R,R,9,9,9,9,9
39.707100000000004,1,2,9,2,9,3,9,9,9,2,240000,2500,3,202206,1.0606,22060848,R,R,R,R,R,R,9,9,9,9,9
39.707100000000004,1,2,9,2,9,3,9,9,9,2,160000,1900,3,202206,1.0606,22060849,R,R,R,R,R,R,9,9,9,9,9
9.1091,1,2,9,2,9,2,9,9,9,2,150000,1500,3,202206,1.0606,22060850,I,I,I,I,I,I,9,9,9,9,9
9.1091,1,2,9,2,9,2,9,9,9,2,140000,1400,3,202206,1.0606,22060851,I,I,I,I,I,I,9,9,9,9,9
9.1091,1,2,9,2,9,2,9,9,9,2,150000,1700,3,202206,1.0606,22060852,R,R,R,R,R,R,9,9,9,9,9
9.1091,1,2,9,2,9,2,9,9,9,2,170000,1800,3,202206,1.0606,22060853,I,I,I,I,I,I,9,9,9,9,9
9.1091,1,2,9,2,9,2,9,9,9,2,160000,1700,3,202206,1.0606,22060854,I,I,I,I,I,I,9,9,9,9,9
9.1091,1,2,9,2,9,2,9,9,9,2,180000,1500,3,202206,1.0606,22060855,R,R,R,R,R,R,9,9,9,9,9
9.1091,1,2,9,2,9,2,9,9,9,2,150000,1500,3,202206,1.0606,22060856,I,I,I,I,I,I,9,9,9,9,9
8.125,1,2,9,2,9,1,9,9,9,2,130000,1300,1,202206,1.0606,22060857,R,I,I,I,I,R,9,9,9,9,9
9.1091,1,2,9,2,9,2,9,9,9,2,120000,1300,3,202206,1.0606,22060858,R,R,R,R,R,R,9,9,9,9,9
39.707100000000004,1,2,9,2,9,3,9,9,9,2,180000,2500,3,202206,1.0606,22060859,R,R,R,R,R,R,9,9,9,9,9
39.707100000000004,1,2,9,2,9,3,9,9,9,2,87000,1600,3,202206,1.0606,22060860,R,R,R,R,R,R,9,9,9,9,9
12.7789,1,2,9,2,9,4,9,9,9,2,210000,1700,3,202206,1.0606,22060861,R,R,R,R,R,R,9,9,9,9,9
12.7789,1,2,9,2,9,4,9,9,9,2,140000,1400,1,202206,1.0606,22060862,I,I,I,I,I,I,9,9,9,9,9
39.707100000000004,1,2,9,2,9,3,9,9,9,2,140000,1800,3,202206,1.0606,22060863,R,R,R,R,R,R,9,9,9,9,9
12.7789,1,2,9,2,9,4,9,9,9,2,300000,2200,3,202206,1.0606,22060864,R,R,R,R,R,R,9,9,9,9,9
39.707100000000004,1,2,9,2,9,3,9,9,9,2,200000,2200,3,202206,1.0606,22060865,I,I,I,I,I,I,9,9,9,9,9
12.7789,1,2,9,2,9,4,9,9,9,2,300000,2200,3,202206,1.0606,22060866,R,R,R,R,R,R,9,9,9,9,9
9.1091,2,2,9,2,9,2,9,9,9,2,150000,1600,3,202206,1.0606,22060867,I,I,I,I,I,I,9,9,9,9,9
39.707100000000004,1,2,9,2,9,3,9,9,9,2,180000,2000,3,202206,1.0606,22060868,I,I,I,I,I,I,9,9,9,9,9
39.707100000000004,1,2,9,2,9,3,9,9,9,2,210000,2500,3,202206,1.0606,22060869,I,I,I,I,I,I,9,9,9,9,9
12.7789,1,2,9,2,9,3,9,9,9,2,160000,1700,3,202206,1.0606,22060870,I,I,I,I,I,I,9,9,9,9,9
39.707100000000004,1,2,9,2,9,3,9,9,9,2,190000,2500,3,202206,1.0606,22060871,R,R,R,R,R,R,9,9,9,9,9
39.707100000000004,1,2,9,2,9,3,9,9,9,2,110000,1700,3,202206,1.0606,22060872,R,R,R,R,R,R,9,9,9,9,9
39.707100000000004,1,2,9,2,9,3,9,9,9,2,150000,1600,3,202206,1.0606,22060873,R,I,I,I,R,R,9,9,9,9,9
39.707100000000004,1,2,9,2,9,3,9,9,9,2,170000,1900,3,202206,1.0606,22060874,I,I,I,I,I,I,9,9,9,9,9
9.1091,1,2,9,2,9,2,9,9,9,2,160000,1800,3,202206,1.0606,22060875,R,R,R,R,R,R,9,9,9,9,9
39.707100000000004,1,2,9,2,9,3,9,9,9,2,160000,1800,3,202206,1.0606,22060876,R,R,R,R,R,R,9,9,9,9,9
12.7789,1,2,9,2,9,4,9,9,9,2,210000,2200,3,202206,1.0606,22060877,R,R,R,R,R,R,9,9,9,9,9
39.707100000000004,1,2,9,2,9,3,9,9,9,2,180000,1900,3,202206,1.0606,22060878,R,I,R,R,R,R,9,9,9,9,9
12.7789,1,2,9,2,9,4,9,9,9,2,220000,1800,3,202206,1.0606,22060879,R,R,R,R,R,R,9,9,9,9,9
12.7789,2,2,9,2,9,4,9,9,9,2,200000,1200,3,202206,1.0606,22060880,R,R,R,R,R,R,9,9,9,9,9
8.125,1,2,9,2,9,1,9,9,9,2,140000,1400,3,202206,1.0606,22060881,I,I,I,I,I,I,9,9,9,9,9
39.707100000000004,1,2,9,2,9,3,9,9,9,2,110000,1100,3,202206,1.0606,22060882,I,I,I,I,I,I,9,9,9,9,9
12.7789,1,2,9,2,9,4,9,9,9,2,180000,1600,3,202206,1.0606,22060883,R,R,R,R,R,R,9,9,9,9,9
12.7789,1,2,9,2,9,4,9,9,9,2,300000,2200,3,202206,1.0606,22060884,R,R,R,R,R,R,9,9,9,9,9
39.707100000000004,1,2,9,2,9,3,9,9,9,2,190000,2000,3,202206,1.0606,22060885,R,R,R,R,R,R,9,9,9,9,9
39.707100000000004,1,2,9,2,9,3,9,9,9,2,180000,1900,3,202206,1.0606,22060886,I,I,I,I,I,I,9,9,9,9,9
39.707100000000004,1,2,9,2,9,3,9,9,9,2,150000,2000,3,202206,1.0606,22060887,R,R,R,R,R,R,9,9,9,9,9
39.707100000000004,1,2,9,2,9,3,9,9,9,2,170000,1900,3,202206,1.0606,22060888,I,I,I,I,I,I,9,9,9,9,9
9.1091,1,2,9,2,9,2,9,9,9,2,140000,1300,3,202206,1.0606,22060889,R,I,I,I,R,R,9,9,9,9,9
9.1091,1,2,9,2,9,2,9,9,9,2,89000,1300,3,202206,1.0606,22060890,R,R,R,R,R,R,9,9,9,9,9
39.707100000000004,1,2,9,2,9,3,9,9,9,2,160000,1700,3,202206,1.0606,22060891,R,I,R,R,R,R,9,9,9,9,9
39.707100000000004,1,2,9,2,9,3,9,9,9,2,130000,1300,3,202206,1.0606,22060892,R,R,R,R,R,R,9,9,9,9,9
9.1091,1,2,9,2,9,2,9,9,9,2,140000,1500,3,202206,1.0606,22060893,I,I,I,I,I,I,9,9,9,9,9
39.707100000000004,1,2,9,2,9,3,9,9,9,2,190000,2200,3,202206,1.0606,22060894,I,I,I,I,I,I,9,9,9,9,9
39.707100000000004,1,2,9,2,9,3,9,9,9,2,180000,2000,1,202206,1.0606,22060895,I,I,I,I,I,I,9,9,9,9,9
39.707100000000004,1,2,9,2,9,3,9,9,9,2,190000,2100,3,202206,1.0606,22060896,R,I,R,R,R,R,9,9,9,9,9
39.707100000000004,1,2,9,2,9,3,9,9,9,2,140000,1900,3,202206,1.0606,22060897,R,R,R,R,R,R,9,9,9,9,9
12.7789,1,2,9,2,9,4,9,9,9,2,170000,1800,3,202206,1.0606,22060898,R,I,R,R,R,R,9,9,9,9,9
39.707100000000004,1,2,9,2,9,3,9,9,9,2,99000,1600,3,202206,1.0606,22060899,R,R,R,R,R,R,9,9,9,9,9
39.707100000000004,1,2,9,2,9,3,9,9,9,2,150000,1600,3,202206,1.0606,22060900,R,I,R,R,R,R,9,9,9,9,9
39.707100000000004,1,2,9,2,9,3,9,9,9,2,160000,1900,3,202206,1.0606,22060901,R,R,R,R,R,R,9,9,9,9,9
9.1091,1,2,9,2,9,4,9,9,9,2,160000,1700,3,202206,1.0606,22060902,I,I,I,I,I,I,9,9,9,9,9
9.1091,1,2,9,2,9,2,9,9,9,2,89000,1200,3,202206,1.0606,22060903,R,R,R,R,R,R,9,9,9,9,9
39.707100000000004,1,2,9,2,9,3,9,9,9,2,130000,1700,3,202206,1.0606,22060904,R,R,R,R,R,R,9,9,9,9,9
12.7789,1,2,9,2,9,4,9,9,9,2,190000,2200,3,202206,1.0606,22060905,I,I,I,I,I,I,9,9,9,9,9
12.7789,1,2,9,2,9,4,9,9,9,2,170000,1800,3,202206,1.0606,22060906,I,I,I,I,I,I,9,9,9,9,9
12.7789,1,2,9,2,9,4,9,9,9,2,190000,1600,3,202206,1.0606,22060907,R,R,R,R,R,R,9,9,9,9,9
8.519300000000001,2,2,9,2,9,5,9,9,9,3,240000,3100,3,202206,1.0606,22060908,R,R,R,R,R,R,9,9,9,9,9
12.7789,1,2,9,2,9,4,9,9,9,2,140000,1900,3,202206,1.0606,22060909,R,R,R,R,R,R,9,9,9,9,9
12.7789,1,2,9,2,9,4,9,9,9,2,170000,1800,3,202206,1.0606,22060910,I,I,I,I,I,I,9,9,9,9,9
12.7789,1,2,9,2,9,4,9,9,9,2,150000,1500,3,202206,1.0606,22060911,R,I,R,R,R,R,9,9,9,9,9
39.707100000000004,1,2,9,2,9,3,9,9,9,2,240000,2500,3,202206,1.0606,22060912,R,R,R,R,R,R,9,9,9,9,9
8.125,1,2,9,2,9,1,9,9,9,2,130000,1500,3,202206,1.0606,22060913,R,R,R,R,R,R,9,9,9,9,9
39.707100000000004,1,2,9,2,9,3,9,9,9,2,160000,1900,3,202206,1.0606,22060914,R,R,R,R,R,R,9,9,9,9,9
39.707100000000004,1,2,9,2,9,3,9,9,9,2,170000,2100,3,202206,1.0606,22060915,R,R,R,R,R,R,9,9,9,9,9
12.7789,1,2,9,2,9,4,9,9,9,2,170000,1300,3,202206,1.0606,22060916,R,R,R,R,R,R,9,9,9,9,9
9.1091,1,2,9,2,9,2,9,9,9,2,250000,1800,3,202206,1.0606,22060917,R,R,R,R,R,R,9,9,9,9,9
9.1091,1,2,9,2,9,2,9,9,9,2,130000,1400,3,202206,1.0606,22060918,R,R,R,R,R,R,9,9,9,9,9
8.125,1,2,9,2,9,1,9,9,9,2,95000,1300,3,202206,1.0606,22060919,R,R,R,R,R,R,9,9,9,9,9
8.125,1,2,9,2,9,1,9,9,9,2,140000,1300,3,202206,1.0606,22060920,I,I,I,I,I,I,9,9,9,9,9
9.1091,1,2,9,2,9,2,9,9,9,2,250000,1300,3,202206,1.0606,22060921,R,R,R,R,I,I,9,9,9,9,9
9.1091,1,2,9,2,9,2,9,9,9,2,150000,1600,3,202206,1.0606,22060922,I,I,I,I,I,I,9,9,9,9,9
39.707100000000004,1,2,9,2,9,3,9,9,9,2,160000,1700,3,202206,1.0606,22060923,R,R,R,R,R,R,9,9,9,9,9
8.125,1,2,9,2,9,1,9,9,9,2,85000,1600,3,202206,1.0606,22060924,R,R,R,R,R,R,9,9,9,9,9
9.1091,1,2,9,2,9,2,9,9,9,2,130000,1200,3,202206,1.0606,22060925,I,I,I,I,I,I,9,9,9,9,9
8.125,1,2,9,2,9,1,9,9,9,2,140000,1600,3,202206,1.0606,22060926,R,R,R,R,R,R,9,9,9,9,9
39.707100000000004,1,2,9,2,9,3,9,9,9,2,200000,2300,3,202206,1.0606,22060927,R,R,R,R,R,R,9,9,9,9,9
8.125,1,2,9,2,9,1,9,9,9,2,120000,1600,3,202206,1.0606,22060928,R,R,R,R,R,R,9,9,9,9,9
8.125,1,2,9,2,9,1,9,9,9,2,85000,1600,3,202206,1.0606,22060929,R,R,R,R,R,R,9,9,9,9,9
12.7789,2,2,9,2,9,4,9,9,9,2,190000,2200,3,202206,1.0606,22060930,I,I,I,I,I,I,9,9,9,9,9
9.1091,1,2,9,2,9,3,9,9,9,2,130000,1300,3,202206,1.0606,22060931,R,R,R,R,R,R,9,9,9,9,9
9.1091,1,2,9,2,9,2,9,9,9,2,150000,1600,3,202206,1.0606,22060932,I,I,I,I,I,I,9,9,9,9,9
9.1091,1,2,9,2,9,2,9,9,9,2,89000,1100,3,202206,1.0606,22060933,R,R,R,R,R,R,9,9,9,9,9
8.125,1,2,9,2,9,1,9,9,9,2,120000,1300,3,202206,1.0606,22060934,R,R,R,R,R,R,9,9,9,9,9
39.707100000000004,1,2,9,2,9,3,9,9,9,2,190000,1900,3,202206,1.0606,22060935,R,R,R,R,R,R,9,9,9,9,9
8.125,1,2,9,2,9,1,9,9,9,2,140000,1700,3,202206,1.0606,22060936,R,R,R,R,R,R,9,9,9,9,9
8.125,1,2,9,2,9,1,9,9,9,2,130000,1200,1,202206,1.0606,22060937,I,I,I,I,I,I,9,9,9,9,9
8.125,1,2,9,2,9,1,9,9,9,2,130000,1500,3,202206,1.0606,22060938,R,R,R,R,R,R,9,9,9,9,9
12.7789,1,2,9,2,9,4,9,9,9,2,130000,1300,3,202206,1.0606,22060939,I,I,I,I,I,I,9,9,9,9,9
9.1091,1,2,9,2,9,2,9,9,9,2,110000,1600,3,202206,1.0606,22060940,R,R,R,R,R,R,9,9,9,9,9
39.707100000000004,1,2,9,2,9,3,9,9,9,2,170000,2100,3,202206,1.0606,22060941,R,R,R,R,R,R,9,9,9,9,9
39.707100000000004,1,2,9,2,9,3,9,9,9,2,210000,2100,3,202206,1.0606,22060942,R,R,R,R,R,R,9,9,9,9,9
39.707100000000004,1,2,9,2,9,3,9,9,9,2,140000,2200,3,202206,1.0606,22060943,R,R,R,R,R,R,9,9,9,9,9
9.1091,1,2,9,2,9,2,9,9,9,2,190000,2400,3,202206,1.0606,22060944,R,R,R,R,R,R,9,9,9,9,9
39.707100000000004,1,2,9,2,9,3,9,9,9,2,130000,1100,3,202206,1.0606,22060945,I,I,I,I,I,I,9,9,9,9,9
39.707100000000004,2,2,9,2,9,3,9,9,9,2,130000,1100,3,202206,1.0606,22060946,R,I,R,R,R,R,9,9,9,9,9
39.707100000000004,1,2,9,2,9,3,9,9,9,2,120000,1600,3,202206,1.0606,22060947,R,R,R,R,R,R,9,9,9,9,9
39.707100000000004,1,2,9,2,9,3,9,9,9,2,120000,1700,3,202206,1.0606,22060948,R,R,R,R,R,R,9,9,9,9,9
9.1091,1,2,9,2,9,2,9,9,9,2,110000,1600,3,202206,1.0606,22060949,R,R,R,R,R,R,9,9,9,9,9
39.707100000000004,1,2,9,2,9,3,9,9,9,2,120000,1600,3,202206,1.0606,22060950,R,R,R,R,R,R,9,9,9,9,9
9.1091,1,2,9,2,9,2,9,9,9,2,160000,1300,3,202206,1.0606,22060951,R,R,R,R,R,R,9,9,9,9,9
39.707100000000004,1,2,9,2,9,3,9,9,9,2,87000,1900,3,202206,1.0606,22060952,R,R,R,R,R,R,9,9,9,9,9
39.707100000000004,1,2,9,2,9,3,9,9,9,2,140000,1900,3,202206,1.0606,22060953,R,R,R,R,R,R,9,9,9,9,9
39.707100000000004,1,2,9,2,9,3,9,9,9,2,130000,1900,3,202206,1.0606,22060954,R,R,R,R,R,R,9,9,9,9,9
9.1091,1,2,9,2,9,2,9,9,9,2,160000,1700,3,202206,1.0606,22060955,I,I,I,I,I,I,9,9,9,9,9
9.1091,1,2,9,2,9,2,9,9,9,2,190000,1600,3,202206,1.0606,22060956,R,R,R,R,R,R,9,9,9,9,9
9.1091,1,2,9,2,9,2,9,9,9,2,190000,2200,3,202206,1.0606,22060957,I,I,I,I,I,I,9,9,9,9,9
9.1091,1,2,9,2,9,2,9,9,9,2,150000,1500,3,202206,1.0606,22060958,I,I,I,I,I,I,9,9,9,9,9
9.1091,1,2,9,1,9,2,9,9,9,2,9,1300,3,202206,1.0606,22060959,I,9,I,I,I,I,9,9,9,9,9
39.707100000000004,3,9,9,9,9,5,9,9,9,2,9,9,9,202206,1.0606,22060960,R,9,9,9,9,9,9,9,9,9,9
12.7789,3,9,9,9,9,5,9,9,9,2,9,9,9,202206,1.0606,22060961,I,9,9,9,9,9,9,9,9,9,9
8.125,3,9,9,9,9,5,9,9,9,2,9,9,9,202206,1.0606,22060962,R,9,9,9,9,9,9,9,9,9,9
9.1091,3,9,9,9,9,5,9,9,9,2,9,9,9,202206,1.0606,22060963,R,9,9,9,9,9,9,9,9,9,9
57.1571,1,1,5,2,1,3,1,1,3,1,60000,840,1,202207,1.1433,22070001,R,R,R,R,R,R,R,R,R,R,R
20.1053,2,1,4,2,1,4,3,1,2,1,150000,840,3,202207,1.1433,22070002,R,R,R,R,R,R,R,R,R,R,R
20.1053,2,1,4,2,1,4,1,1,2,1,96000,1300,3,202207,1.1433,22070003,I,I,I,I,I,I,I,I,I,I,I
14.6545,2,1,4,2,1,4,1,1,2,1,87000,1100,1,202207,1.1433,22070004,I,I,I,I,I,I,I,I,I,I,I
20.1053,1,1,3,2,1,4,1,1,2,1,85000,1100,3,202207,1.1433,22070005,R,R,R,R,R,R,I,I,R,I,I
20.1053,1,1,3,1,1,4,1,1,2,1,9,1100,3,202207,1.1433,22070006,R,9,R,R,R,R,I,I,R,I,I
20.1053,1,1,3,2,1,4,1,1,2,1,85000,1100,3,202207,1.1433,22070007,R,R,R,R,R,R,I,I,R,I,I
57.1571,1,1,4,1,1,3,1,2,3,1,9,920,3,202207,1.1433,22070008,R,9,R,R,R,R,R,R,R,R,R
57.1571,2,1,3,2,3,3,1,1,2,1,76000,660,1,202207,1.1433,22070009,I,I,I,I,I,I,I,I,I,I,I
14.6545,2,1,3,2,3,2,1,1,1,1,56000,900,1,202207,1.1433,22070010,R,R,R,R,R,R,R,R,R,R,R
14.6545,1,1,3,2,1,2,1,1,1,1,79000,840,1,202207,1.1433,22070011,I,I,I,I,I,I,I,I,I,I,I
14.6545,2,1,5,2,1,2,1,1,2,1,68000,1200,3,202207,1.1433,22070012,R,R,R,R,R,R,I,I,R,I,I
14.6545,1,1,3,2,1,2,1,1,2,1,88000,1200,3,202207,1.1433,22070013,R,R,R,R,R,R,I,I,R,I,I
14.6545,1,1,3,2,1,2,1,1,2,1,96000,1300,3,202207,1.1433,22070014,I,I,I,I,I,I,I,I,I,I,I
14.6545,1,1,3,2,1,2,1,1,2,1,84000,1100,3,202207,1.1433,22070015,R,R,R,R,R,R,R,R,R,R,R
14.6545,1,1,3,2,1,2,1,1,2,1,70000,1200,3,202207,1.1433,22070016,R,R,R,R,R,R,I,I,R,I,I
57.1571,2,1,5,2,1,3,1,1,1,1,84000,980,3,202207,1.1433,22070017,I,I,I,I,I,I,I,I,I,I,I
57.1571,1,1,5,2,3,3,1,1,2,1,84000,980,3,202207,1.1433,22070018,I,I,I,I,I,I,I,I,I,I,I
14.6545,1,1,3,2,1,2,1,1,2,1,81000,900,1,202207,1.1433,22070019,I,I,I,I,I,I,I,I,I,I,I
14.6545,2,1,3,2,1,2,1,1,2,1,94000,1200,3,202207,1.1433,22070020,I,I,I,I,I,I,I,I,I,I,I
14.6545,2,1,3,2,3,2,1,1,3,1,75000,900,1,202207,1.1433,22070021,R,R,R,R,R,R,R,R,R,R,R
14.6545,1,1,3,2,1,2,1,1,2,1,56000,900,1,202207,1.1433,22070022,R,R,R,R,R,R,I,I,R,I,I
14.6545,1,1,3,1,1,2,1,1,2,1,9,980,3,202207,1.1433,22070023,R,9,R,R,R,R,R,R,R,R,R
14.6545,2,1,3,2,1,2,1,1,3,1,81000,900,1,202207,1.1433,22070024,I,I,I,I,I,I,I,I,I,I,I
14.6545,2,1,3,2,1,2,1,1,1,1,78000,1200,3,202207,1.1433,22070025,R,R,R,R,R,R,I,I,R,I,I
14.6545,1,1,3,2,1,2,1,1,2,1,85000,1100,3,202207,1.1433,22070026,R,R,R,R,R,R,I,I,R,I,I
14.6545,1,1,3,2,1,2,1,1,2,1,90000,1100,3,202207,1.1433,22070027,I,I,I,I,I,I,I,I,I,I,I
14.6545,2,1,3,2,1,2,1,1,2,1,90000,1100,3,202207,1.1433,22070028,R,R,R,R,R,R,I,I,R,I,I
57.1571,2,1,3,2,2,3,1,1,2,1,130000,1300,3,202207,1.1433,22070029,R,R,R,R,R,R,R,R,R,R,R
57.1571,2,1,3,2,3,3,1,1,2,1,53000,900,1,202207,1.1433,22070030,R,R,I,I,R,R,R,R,R,I,I
14.6545,2,1,3,2,3,2,1,1,2,1,94000,1200,3,202207,1.1433,22070031,I,I,I,I,I,I,I,I,I,I,I
14.6545,1,1,3,2,1,2,1,3,2,1,120000,1100,3,202207,1.1433,22070032,R,R,R,R,R,R,I,I,R,I,I
14.6545,1,1,3,2,1,2,1,1,2,1,120000,1200,3,202207,1.1433,22070033,R,R,R,R,R,R,R,R,R,R,R
14.6545,2,1,5,2,3,2,1,1,2,1,87000,1100,3,202207,1.1433,22070034,I,I,I,I,I,I,I,I,I,I,I
14.6545,1,1,3,2,3,2,1,2,1,1,94000,1200,3,202207,1.1433,22070035,I,I,I,I,I,I,I,I,I,I,I
20.1053,2,1,3,2,2,4,1,1,2,1,96000,1300,3,202207,1.1433,22070036,R,I,R,R,R,R,R,R,R,R,R
14.6545,1,1,3,2,2,2,1,1,2,1,94000,1200,3,202207,1.1433,22070037,I,I,I,I,I,I,I,I,I,I,I
20.1053,2,1,4,2,1,4,3,1,3,1,87000,1100,3,202207,1.1433,22070038,I,I,I,I,I,I,I,I,I,I,I
11.2,2,1,3,2,1,1,1,1,1,1,82000,1200,1,202207,1.1433,22070039,R,R,R,R,I,I,R,I,I,I,I
57.1571,2,1,3,2,3,3,1,1,1,1,79000,840,1,202207,1.1433,22070040,I,I,I,I,I,I,I,I,I,I,I
14.6545,2,1,3,2,1,2,1,1,2,1,85000,1200,1,202207,1.1433,22070041,R,R,R,R,R,R,I,I,R,I,I
14.6545,1,1,3,2,1,2,1,1,2,1,94000,1200,1,202207,1.1433,22070042,I,I,I,I,I,I,I,I,I,I,I
14.6545,2,1,3,2,1,2,1,1,2,1,56000,920,3,202207,1.1433,22070043,R,R,R,R,R,R,R,R,R,R,R
14.6545,2,1,3,2,1,2,1,1,2,1,84000,980,3,202207,1.1433,22070044,I,I,I,I,I,I,I,I,I,I,I
20.1053,2,1,3,2,1,3,1,2,2,1,87000,1100,3,202207,1.1433,22070045,R,I,I,I,R,R,I,I,R,I,I
11.2,2,1,3,2,1,1,1,1,2,1,92000,1200,3,202207,1.1433,22070046,I,I,I,I,I,I,I,I,I,I,I
11.2,2,1,3,2,1,1,1,1,2,1,92000,1200,3,202207,1.1433,22070047,I,I,I,I,I,I,I,I,I,I,I
11.2,1,1,3,2,1,1,1,1,1,1,85000,1100,3,202207,1.1433,22070048,R,R,R,R,R,R,I,I,R,I,I
11.2,2,1,3,2,1,1,1,1,2,1,87000,1100,3,202207,1.1433,22070049,R,I,I,I,I,R,I,I,R,I,I
57.1571,2,1,3,2,2,3,1,1,2,1,97000,1300,3,202207,1.1433,22070050,I,I,I,I,I,I,I,I,I,I,I
57.1571,1,1,5,1,1,3,1,1,2,1,9,1200,3,202207,1.1433,22070051,R,9,R,R,R,R,R,R,R,R,R
57.1571,2,1,3,2,3,3,1,1,1,1,94000,1200,3,202207,1.1433,22070052,I,I,I,I,I,I,I,I,I,I,I
57.1571,1,1,3,2,3,3,1,1,2,1,100000,1100,1,202207,1.1433,22070053,R,R,R,R,R,R,R,R,R,R,R
57.1571,2,1,5,2,1,3,1,1,2,1,85000,1200,3,202207,1.1433,22070054,R,R,R,R,R,R,R,R,R,R,R
57.1571,2,1,3,2,2,3,1,1,2,1,94000,1200,3,202207,1.1433,22070055,I,I,I,I,I,I,I,I,I,I,I
20.1053,2,1,2,2,1,4,0,0,2,1,150000,660,1,202207,1.1433,22070056,R,R,R,R,R,R,R,R,R,R,R
20.1053,2,1,2,2,3,4,0,0,2,1,110000,1100,1,202207,1.1433,22070057,R,R,R,R,R,R,R,R,R,R,R
11.2,2,1,1,2,2,1,0,0,2,1,98000,860,1,202207,1.1433,22070058,R,R,R,R,R,R,I,R,R,R,R
11.2,2,1,1,2,1,1,0,0,2,1,86000,920,1,202207,1.1433,22070059,R,R,R,R,R,R,R,R,R,R,R
11.2,1,1,1,2,1,1,0,0,1,1,110000,1000,3,202207,1.1433,22070060,R,R,R,R,R,R,R,R,R,R,R
11.2,1,1,1,2,1,1,0,0,1,1,110000,1000,3,202207,1.1433,22070061,R,R,R,R,R,R,R,R,R,R,R
11.2,1,1,1,2,2,1,0,0,2,1,83000,630,1,202207,1.1433,22070062,R,R,R,R,R,R,I,R,R,I,R
14.6545,2,1,1,2,1,2,0,0,2,1,96000,1300,3,202207,1.1433,22070063,I,I,I,I,I,I,I,R,I,I,R
57.1571,2,1,1,2,2,3,0,0,2,1,110000,1100,3,202207,1.1433,22070064,R,R,R,R,R,R,R,R,R,R,R
14.6545,1,1,1,2,1,2,0,0,1,1,68000,1200,3,202207,1.1433,22070065,R,R,R,R,R,R,I,R,R,I,R
11.2,2,1,1,2,1,1,0,0,2,1,120000,1200,1,202207,1.1433,22070066,R,R,R,R,I,I,R,R,I,I,R
11.2,1,1,1,2,1,1,0,0,2,1,92000,1200,3,202207,1.1433,22070067,R,I,I,I,I,R,R,R,R,R,R
57.1571,2,1,2,2,2,3,0,0,2,1,53000,840,1,202207,1.1433,22070068,R,R,R,R,R,R,R,R,R,R,R
57.1571,2,1,1,2,3,3,0,0,2,1,88000,1100,1,202207,1.1433,22070069,I,I,I,I,I,I,I,R,I,I,R
14.6545,1,1,1,2,3,2,0,0,2,1,94000,1200,1,202207,1.1433,22070070,R,I,R,R,I,I,R,R,I,I,R
14.6545,2,1,1,2,1,2,0,0,1,1,96000,1300,3,202207,1.1433,22070071,R,I,R,R,R,R,I,R,I,I,R
57.1571,1,2,9,2,9,3,9,9,9,1,70000,900,1,202207,1.1433,22070072,R,R,R,R,R,R,9,9,9,9,9
57.1571,1,2,9,2,9,3,9,9,9,1,68000,660,1,202207,1.1433,22070073,R,R,R,R,R,R,9,9,9,9,9
14.6545,1,2,9,2,9,2,9,9,9,1,86000,1100,1,202207,1.1433,22070074,R,R,R,R,R,R,9,9,9,9,9
14.6545,1,2,9,2,9,2,9,9,9,1,88000,1100,3,202207,1.1433,22070075,I,I,I,I,I,I,9,9,9,9,9
20.1053,1,2,9,2,9,4,9,9,9,1,87000,1100,3,202207,1.1433,22070076,I,I,I,I,I,I,9,9,9,9,9
20.1053,2,2,9,2,9,4,9,9,9,1,87000,1100,3,202207,1.1433,22070077,I,I,I,I,I,I,9,9,9,9,9
57.1571,2,2,9,2,9,3,9,9,9,1,79000,840,1,202207,1.1433,22070078,I,I,I,I,I,I,9,9,9,9,9
14.6545,1,2,9,2,9,2,9,9,9,1,87000,1100,3,202207,1.1433,22070079,I,I,I,I,I,I,9,9,9,9,9
57.1571,1,2,9,2,9,3,9,9,9,1,94000,1200,3,202207,1.1433,22070080,I,I,I,I,I,I,9,9,9,9,9
14.6545,1,2,9,2,9,2,9,9,9,1,64000,1200,3,202207,1.1433,22070081,R,R,I,I,R,R,9,9,9,9,9
57.1571,1,2,9,2,9,3,9,9,9,1,85000,660,1,202207,1.1433,22070082,R,R,R,R,R,R,9,9,9,9,9
57.1571,1,2,9,2,9,3,9,9,9,1,110000,1200,3,202207,1.1433,22070083,R,R,R,R,R,R,9,9,9,9,9
57.1571,1,2,9,2,9,3,9,9,9,1,84000,980,3,202207,1.1433,22070084,I,I,I,I,I,I,9,9,9,9,9
14.6545,1,2,9,2,9,2,9,9,9,1,81000,900,1,202207,1.1433,22070085,I,I,I,I,I,I,9,9,9,9,9
14.6545,1,2,9,2,9,2,9,9,9,1,87000,1100,3,202207,1.1433,22070086,I,I,I,I,I,I,9,9,9,9,9
14.6545,1,2,9,2,9,2,9,9,9,1,56000,900,1,202207,1.1433,22070087,R,R,R,R,R,R,9,9,9,9,9
57.1571,1,2,9,1,9,3,9,9,9,1,9,980,3,202207,1.1433,22070088,I,9,I,I,I,I,9,9,9,9,9
11.2,1,2,9,2,9,1,9,9,9,1,79000,860,1,202207,1.1433,22070089,I,I,I,I,I,I,9,9,9,9,9
57.1571,1,2,9,2,9,3,9,9,9,1,66000,660,1,202207,1.1433,22070090,I,I,I,I,I,I,9,9,9,9,9
20.1053,1,2,9,2,9,4,9,9,9,1,79000,1100,3,202207,1.1433,22070091,R,R,R,R,R,R,9,9,9,9,9
57.1571,2,2,9,2,9,3,9,9,9,1,60000,840,1,202207,1.1433,22070092,R,R,R,R,R,R,9,9,9,9,9
14.6545,1,2,9,2,9,2,9,9,9,1,88000,1200,3,202207,1.1433,22070093,R,R,R,R,R,R,9,9,9,9,9
57.1571,1,2,9,2,9,3,9,9,9,1,84000,980,3,202207,1.1433,22070094,I,I,I,I,I,I,9,9,9,9,9
20.1053,1,2,9,2,9,4,9,9,9,1,78000,730,1,202207,1.1433,22070095,R,R,R,R,R,R,9,9,9,9,9
57.1571,1,2,9,2,9,3,9,9,9,1,94000,1200,3,202207,1.1433,22070096,I,I,I,I,I,I,9,9,9,9,9
14.6545,2,2,9,2,9,2,9,9,9,1,82000,920,3,202207,1.1433,22070097,I,I,I,I,I,I,9,9,9,9,9
20.1053,1,2,9,2,9,4,9,9,9,1,87000,1100,3,202207,1.1433,22070098,I,I,I,I,I,I,9,9,9,9,9
14.6545,1,2,9,1,9,2,9,9,9,1,9,1300,3,202207,1.1433,22070099,R,9,R,R,R,R,9,9,9,9,9
14.6545,1,2,9,2,9,2,9,9,9,1,73000,1100,3,202207,1.1433,22070100,R,R,R,R,R,R,9,9,9,9,9
14.6545,2,2,9,1,9,2,9,9,9,1,9,900,1,202207,1.1433,22070101,I,9,I,I,I,I,9,9,9,9,9
11.2,1,2,9,2,9,1,9,9,9,1,82000,920,1,202207,1.1433,22070102,I,I,I,I,I,I,9,9,9,9,9
57.1571,1,2,9,2,9,3,9,9,9,1,84000,980,3,202207,1.1433,22070103,I,I,I,I,I,I,9,9,9,9,9
14.6545,1,2,9,2,9,2,9,9,9,1,94000,1200,3,202207,1.1433,22070104,I,I,I,I,I,I,9,9,9,9,9
14.6545,1,2,9,2,9,2,9,9,9,1,80000,1100,3,202207,1.1433,22070105,R,R,R,R,R,R,9,9,9,9,9
14.6545,1,2,9,2,9,2,9,9,9,1,94000,1100,1,202207,1.1433,22070106,R,R,R,R,I,I,9,9,9,9,9
14.6545,1,2,9,2,9,2,9,9,9,1,96000,1200,1,202207,1.1433,22070107,R,R,R,R,I,I,9,9,9,9,9
11.2,1,2,9,2,9,1,9,9,9,1,92000,1200,3,202207,1.1433,22070108,I,I,I,I,I,I,9,9,9,9,9
11.2,1,2,9,2,9,1,9,9,9,1,110000,1200,3,202207,1.1433,22070109,R,R,R,R,R,R,9,9,9,9,9
57.1571,1,2,9,2,9,3,9,9,9,1,79000,840,1,202207,1.1433,22070110,I,I,I,I,I,I,9,9,9,9,9
14.6545,1,2,9,2,9,3,9,9,9,1,82000,920,3,202207,1.1433,22070111,I,I,I,I,I,I,9,9,9,9,9
14.6545,1,2,9,2,9,2,9,9,9,1,69000,840,1,202207,1.1433,22070112,R,R,R,R,R,R,9,9,9,9,9
1.0,3,9,9,9,9,5,9,9,9,1,9,9,9,202207,1.1433,22070113,R,9,9,9,9,9,9,9,9,9,9
1.0,3,9,9,9,9,5,9,9,9,1,9,9,9,202207,1.1433,22070114,R,9,9,9,9,9,9,9,9,9,9
1.0,3,9,9,9,9,5,9,9,9,1,9,9,9,202207,1.1433,22070115,R,9,9,9,9,9,9,9,9,9,9
1.0,3,9,9,9,9,5,9,9,9,1,9,9,9,202207,1.1433,22070116,R,9,9,9,9,9,9,9,9,9,9
1.0,3,9,9,9,9,5,9,9,9,1,9,9,9,202207,1.1433,22070117,R,9,9,9,9,9,9,9,9,9,9
1.0,3,9,9,9,9,5,9,9,9,1,9,9,9,202207,1.1433,22070118,R,9,9,9,9,9,9,9,9,9,9
1.0,3,9,9,9,9,5,9,9,9,1,9,9,9,202207,1.1433,22070119,R,9,9,9,9,9,9,9,9,9,9
1.0,3,9,9,9,9,5,9,9,9,1,9,9,9,202207,1.1433,22070120,R,9,9,9,9,9,9,9,9,9,9
1.0,3,9,9,9,9,5,9,9,9,1,9,9,9,202207,1.1433,22070121,R,9,9,9,9,9,9,9,9,9,9
1.0,3,9,9,9,9,5,9,9,9,1,9,9,9,202207,1.1433,22070122,R,9,9,9,9,9,9,9,9,9,9
1.0,3,9,9,9,9,5,9,9,9,1,9,9,9,202207,1.1433,22070123,R,9,9,9,9,9,9,9,9,9,9
1.0,3,9,9,9,9,5,9,9,9,1,9,9,9,202207,1.1433,22070124,R,9,9,9,9,9,9,9,9,9,9
1.0,3,9,9,9,9,5,9,9,9,1,9,9,9,202207,1.1433,22070125,R,9,9,9,9,9,9,9,9,9,9
1.0,3,9,9,9,9,5,9,9,9,1,9,9,9,202207,1.1433,22070126,R,9,9,9,9,9,9,9,9,9,9
20.1053,3,9,9,9,9,5,9,9,9,1,9,9,9,202207,1.1433,22070127,I,9,9,9,9,9,9,9,9,9,9
1.0,3,9,9,9,9,5,9,9,9,1,9,9,9,202207,1.1433,22070128,R,9,9,9,9,9,9,9,9,9,9
1.0,3,9,9,9,9,5,9,9,9,1,9,9,9,202207,1.1433,22070129,R,9,9,9,9,9,9,9,9,9,9
1.0,3,9,9,9,9,5,9,9,9,1,9,9,9,202207,1.1433,22070130,R,9,9,9,9,9,9,9,9,9,9
1.0,3,9,9,9,9,5,9,9,9,1,9,9,9,202207,1.1433,22070131,R,9,9,9,9,9,9,9,9,9,9
1.0,3,9,9,9,9,5,9,9,9,1,9,9,9,202207,1.1433,22070132,R,9,9,9,9,9,9,9,9,9,9
1.0,3,9,9,9,9,5,9,9,9,1,9,9,9,202207,1.1433,22070133,R,9,9,9,9,9,9,9,9,9,9
1.0,3,9,9,9,9,5,9,9,9,1,9,9,9,202207,1.1433,22070134,R,9,9,9,9,9,9,9,9,9,9
1.0,3,9,9,9,9,5,9,9,9,1,9,9,9,202207,1.1433,22070135,R,9,9,9,9,9,9,9,9,9,9
1.0,3,9,9,9,9,5,9,9,9,1,9,9,9,202207,1.1433,22070136,R,9,9,9,9,9,9,9,9,9,9
1.0,3,9,9,9,9,5,9,9,9,1,9,9,9,202207,1.1433,22070137,R,9,9,9,9,9,9,9,9,9,9
1.0,3,9,9,9,9,5,9,9,9,1,9,9,9,202207,1.1433,22070138,R,9,9,9,9,9,9,9,9,9,9
1.0,3,9,9,9,9,5,9,9,9,1,9,9,9,202207,1.1433,22070139,R,9,9,9,9,9,9,9,9,9,9
1.0,3,9,9,9,9,5,9,9,9,1,9,9,9,202207,1.1433,22070140,R,9,9,9,9,9,9,9,9,9,9
1.0,3,9,9,9,9,5,9,9,9,1,9,9,9,202207,1.1433,22070141,R,9,9,9,9,9,9,9,9,9,9
1.0,3,9,9,9,9,5,9,9,9,1,9,9,9,202207,1.1433,22070142,R,9,9,9,9,9,9,9,9,9,9
1.0,3,9,9,9,9,5,9,9,9,1,9,9,9,202207,1.1433,22070143,R,9,9,9,9,9,9,9,9,9,9
1.0,3,9,9,9,9,5,9,9,9,1,9,9,9,202207,1.1433,22070144,R,9,9,9,9,9,9,9,9,9,9
1.0,3,9,9,9,9,5,9,9,9,1,9,9,9,202207,1.1433,22070145,R,9,9,9,9,9,9,9,9,9,9
1.0,3,9,9,9,9,5,9,9,9,1,9,9,9,202207,1.1433,22070146,R,9,9,9,9,9,9,9,9,9,9
1.0,3,9,9,9,9,5,9,9,9,1,9,9,9,202207,1.1433,22070147,R,9,9,9,9,9,9,9,9,9,9
1.0,3,9,9,9,9,5,9,9,9,1,9,9,9,202207,1.1433,22070148,R,9,9,9,9,9,9,9,9,9,9
1.0,3,9,9,9,9,5,9,9,9,1,9,9,9,202207,1.1433,22070149,R,9,9,9,9,9,9,9,9,9,9
1.0,3,9,9,9,9,5,9,9,9,1,9,9,9,202207,1.1433,22070150,R,9,9,9,9,9,9,9,9,9,9
1.0,3,9,9,9,9,5,9,9,9,1,9,9,9,202207,1.1433,22070151,R,9,9,9,9,9,9,9,9,9,9
1.0,3,9,9,9,9,5,9,9,9,1,9,9,9,202207,1.1433,22070152,R,9,9,9,9,9,9,9,9,9,9
1.0,3,9,9,9,9,5,9,9,9,1,9,9,9,202207,1.1433,22070153,R,9,9,9,9,9,9,9,9,9,9
1.0,3,9,9,9,9,5,9,9,9,1,9,9,9,202207,1.1433,22070154,R,9,9,9,9,9,9,9,9,9,9
1.0,3,9,9,9,9,5,9,9,9,1,9,9,9,202207,1.1433,22070155,R,9,9,9,9,9,9,9,9,9,9
1.0,3,9,9,9,9,5,9,9,9,1,9,9,9,202207,1.1433,22070156,R,9,9,9,9,9,9,9,9,9,9
1.0,3,9,9,9,9,5,9,9,9,1,9,9,9,202207,1.1433,22070157,R,9,9,9,9,9,9,9,9,9,9
1.0,3,9,9,9,9,5,9,9,9,1,9,9,9,202207,1.1433,22070158,R,9,9,9,9,9,9,9,9,9,9
1.0,3,9,9,9,9,5,9,9,9,1,9,9,9,202207,1.1433,22070159,R,9,9,9,9,9,9,9,9,9,9
1.0,3,9,9,9,9,5,9,9,9,1,9,9,9,202207,1.1433,22070160,R,9,9,9,9,9,9,9,9,9,9
1.0,3,9,9,9,9,5,9,9,9,1,9,9,9,202207,1.1433,22070161,R,9,9,9,9,9,9,9,9,9,9
1.0,3,9,9,9,9,5,9,9,9,1,9,9,9,202207,1.1433,22070162,R,9,9,9,9,9,9,9,9,9,9
1.0,3,9,9,9,9,5,9,9,9,1,9,9,9,202207,1.1433,22070163,R,9,9,9,9,9,9,9,9,9,9
1.0,3,9,9,9,9,5,9,9,9,1,9,9,9,202207,1.1433,22070164,R,9,9,9,9,9,9,9,9,9,9
1.0,3,9,9,9,9,5,9,9,9,1,9,9,9,202207,1.1433,22070165,R,9,9,9,9,9,9,9,9,9,9
1.0,3,9,9,9,9,5,9,9,9,1,9,9,9,202207,1.1433,22070166,R,9,9,9,9,9,9,9,9,9,9
1.0,3,9,9,9,9,5,9,9,9,1,9,9,9,202207,1.1433,22070167,R,9,9,9,9,9,9,9,9,9,9
28.5786,2,1,3,2,3,3,1,2,2,2,160000,2500,3,202207,0.9946,22070168,R,R,R,R,R,R,R,R,R,R,R
28.5786,2,1,5,2,3,3,1,1,2,2,110000,2000,3,202207,0.9946,22070169,R,R,R,R,R,R,R,R,R,R,R
28.5786,1,1,5,1,1,3,1,1,2,2,9,1500,3,202207,0.9946,22070170,R,9,R,R,R,R,R,R,R,R,R
10.0526,2,1,3,2,3,4,1,1,2,2,150000,1200,3,202207,0.9946,22070171,I,I,I,I,I,I,I,I,I,I,I
10.0526,2,1,3,2,3,4,1,1,1,2,220000,2000,3,202207,0.9946,22070172,R,R,R,R,R,R,I,R,R,I,I
10.0526,2,1,3,2,3,4,1,1,1,2,120000,1300,3,202207,0.9946,22070173,R,R,R,R,R,R,R,R,R,R,R
10.0526,2,1,3,2,2,4,1,1,1,2,130000,1200,1,202207,0.9946,22070174,R,R,R,R,R,R,R,R,R,R,R
10.0526,2,1,3,2,1,4,1,1,2,2,170000,1200,3,202207,0.9946,22070175,R,R,R,R,R,R,R,R,R,R,R
10.0526,2,1,3,2,2,4,3,2,2,2,120000,1100,3,202207,0.9946,22070176,R,R,R,R,R,R,I,I,R,I,I
10.0526,1,1,3,2,1,4,3,1,3,2,160000,1400,1,202207,0.9946,22070177,R,R,R,R,R,R,I,I,R,I,I
10.0526,2,1,4,2,1,4,3,2,2,2,150000,1300,3,202207,0.9946,22070178,I,I,I,I,I,I,I,I,I,I,I
10.0526,2,1,5,2,1,4,3,1,2,2,170000,1800,3,202207,0.9946,22070179,I,I,I,I,I,I,I,I,I,I,I
28.5786,2,1,3,2,2,3,1,1,2,2,180000,1900,3,202207,0.9946,22070180,R,R,R,R,R,R,R,R,R,R,R
10.0526,1,1,4,2,1,4,3,1,1,2,150000,1300,3,202207,0.9946,22070181,I,I,I,I,I,I,I,I,I,I,I
10.0526,2,1,3,2,3,4,3,2,1,2,170000,1100,3,202207,0.9946,22070182,R,R,R,R,R,R,R,R,R,R,R
10.0526,2,1,3,2,3,4,3,3,1,2,170000,1200,3,202207,0.9946,22070183,R,R,R,R,R,R,R,R,R,R,R
10.0526,2,1,4,2,1,4,3,1,2,2,220000,1200,3,202207,0.9946,22070184,R,R,R,R,R,R,R,R,R,R,R
10.0526,2,1,3,2,1,4,3,2,2,2,140000,1100,3,202207,0.9946,22070185,I,I,I,I,I,I,I,I,I,I,I
10.0526,1,1,4,2,1,4,3,1,2,2,160000,1600,3,202207,0.9946,22070186,R,R,R,R,R,R,R,R,R,R,R
10.0526,2,1,5,2,1,4,3,1,2,2,130000,910,1,202207,0.9946,22070187,R,I,R,R,R,R,I,I,I,I,I
10.0526,2,1,3,2,1,4,3,3,1,2,160000,1500,1,202207,0.9946,22070188,I,I,I,I,I,I,I,I,I,I,I
10.0526,2,1,5,2,1,4,2,1,2,2,110000,1100,3,202207,0.9946,22070189,R,R,R,R,R,R,R,R,R,R,R
10.0526,2,1,3,1,1,4,3,2,1,2,9,910,1,202207,0.9946,22070190,R,9,I,I,I,R,I,I,R,I,I
6.7018,2,1,4,2,1,5,3,1,2,3,160000,1800,3,202207,0.9946,22070191,I,I,I,I,I,I,I,I,I,I,I
5.0263,2,1,4,9,9,5,3,2,2,3,160000,1800,3,202207,0.9946,22070192,R,I,I,I,9,R,I,I,9,I,I
10.0526,1,1,4,2,1,4,3,2,2,2,96000,1100,3,202207,0.9946,22070193,R,R,R,R,R,R,R,R,R,R,R
10.0526,2,1,5,2,2,4,2,1,2,2,180000,1800,3,202207,0.9946,22070194,R,R,R,R,R,R,R,R,R,R,R
10.0526,1,1,4,2,1,4,3,1,2,2,160000,1400,3,202207,0.9946,22070195,I,I,I,I,I,I,I,I,I,I,I
10.0526,1,1,3,2,3,4,1,2,1,2,170000,1200,3,202207,0.9946,22070196,R,R,R,R,R,R,R,R,R,R,R
10.0526,2,1,4,2,1,4,3,2,2,2,300000,1200,3,202207,0.9946,22070197,R,R,I,I,R,R,I,R,R,I,R
10.0526,2,1,4,2,1,4,2,1,2,2,300000,1200,3,202207,0.9946,22070198,R,R,R,R,R,R,R,R,R,R,R
10.0526,2,1,4,2,1,4,3,1,2,2,150000,1200,3,202207,0.9946,22070199,I,I,I,I,I,I,I,I,I,I,I
10.0526,1,1,4,2,1,4,3,1,2,2,150000,1400,3,202207,0.9946,22070200,I,I,I,I,I,I,I,I,I,I,I
10.0526,2,1,4,2,1,4,3,1,2,2,130000,910,3,202207,0.9946,22070201,R,R,R,R,R,R,R,R,R,R,R
5.6,2,1,3,2,3,1,1,1,2,2,210000,1700,3,202207,0.9946,22070202,R,R,R,R,R,R,R,R,R,R,R
28.5786,1,1,3,2,1,3,1,2,2,2,87000,1100,3,202207,0.9946,22070203,R,R,R,R,R,R,I,I,R,I,I
5.6,2,1,3,2,1,3,1,1,2,2,160000,1600,3,202207,0.9946,22070204,R,R,R,R,R,R,R,R,R,R,R
28.5786,2,1,5,2,1,3,1,1,2,2,210000,1700,3,202207,0.9946,22070205,R,R,R,R,R,R,R,R,R,R,R
28.5786,2,1,3,2,3,3,1,1,2,2,170000,1800,3,202207,0.9946,22070206,I,I,I,I,I,I,I,I,I,I,I
28.5786,2,1,3,2,3,3,1,1,1,2,160000,1500,3,202207,0.9946,22070207,I,I,I,I,I,I,I,I,I,I,I
28.5786,2,1,4,2,3,3,1,1,2,2,110000,1100,1,202207,0.9946,22070208,R,R,R,R,R,R,R,R,R,R,R
28.5786,2,1,3,2,3,3,1,1,2,2,130000,1800,3,202207,0.9946,22070209,R,R,R,R,R,R,R,R,R,R,R
28.5786,1,1,4,2,3,3,1,1,2,2,160000,1600,3,202207,0.9946,22070210,I,I,I,I,I,I,I,I,I,I,I
28.5786,2,1,4,2,2,3,1,1,2,2,180000,2200,3,202207,0.9946,22070211,R,R,R,R,R,R,R,R,R,R,R
28.5786,2,1,4,2,2,3,1,1,1,2,160000,1600,3,202207,0.9946,22070212,I,I,I,I,I,I,I,I,I,I,I
28.5786,2,1,4,2,3,3,1,1,1,2,87000,1600,3,202207,0.9946,22070213,R,R,R,R,R,R,R,R,R,R,R
28.5786,2,1,3,2,3,3,1,1,1,2,210000,2500,3,202207,0.9946,22070214,R,R,R,R,R,R,R,R,R,R,R
28.5786,2,1,5,2,3,3,1,1,2,2,160000,1600,3,202207,0.9946,22070215,R,I,R,R,R,R,R,R,R,R,R
10.0526,2,1,4,2,1,4,3,1,2,2,210000,1300,3,202207,0.9946,22070216,R,R,R,R,R,R,R,R,R,R,R
7.3273,2,1,3,2,3,2,1,1,2,2,170000,1700,3,202207,0.9946,22070217,R,I,R,R,R,R,R,R,R,R,R
7.3273,2,1,3,2,3,2,1,1,2,2,250000,1900,3,202207,0.9946,22070218,R,R,R,R,R,R,R,R,R,R,R
7.3273,1,1,3,2,1,2,1,1,2,2,180000,1600,3,202207,0.9946,22070219,R,R,R,R,R,R,I,I,R,I,I
7.3273,1,1,3,2,1,2,1,1,1,2,110000,1600,3,202207,0.9946,22070220,R,R,R,R,R,R,R,R,R,R,R
7.3273,2,1,3,2,1,2,1,2,2,2,150000,1400,3,202207,0.9946,22070221,I,I,I,I,I,I,I,I,I,I,I
7.3273,1,1,5,2,1,2,1,1,2,2,160000,1600,3,202207,0.9946,22070222,R,R,R,R,R,R,I,R,R,R,R
7.3273,1,1,3,1,1,2,1,1,2,2,9,1600,3,202207,0.9946,22070223,I,9,I,I,I,I,I,I,I,I,I
7.3273,2,1,3,2,3,2,1,2,1,2,250000,1800,1,202207,0.9946,22070224,R,R,R,R,R,R,R,R,R,R,R
28.5786,2,1,3,2,3,3,1,1,2,2,170000,1700,3,202207,0.9946,22070225,I,I,I,I,I,I,I,I,I,I,I
28.5786,1,1,3,2,3,3,1,2,2,2,100000,2000,3,202207,0.9946,22070226,R,R,R,R,R,R,R,R,R,R,R
28.5786,2,1,3,2,3,3,1,2,2,2,180000,2000,3,202207,0.9946,22070227,I,I,I,I,I,I,I,I,I,I,I
28.5786,2,1,3,2,3,3,1,1,2,2,200000,2500,3,202207,0.9946,22070228,R,I,R,R,R,R,R,R,R,R,R
28.5786,2,1,5,2,3,3,1,1,2,2,190000,2300,3,202207,0.9946,22070229,R,R,R,R,R,R,R,R,R,R,R
7.3273,1,1,3,1,1,2,1,1,3,2,9,1500,3,202207,0.9946,22070230,I,9,I,I,I,I,I,I,I,I,I
7.3273,1,1,3,2,1,2,1,1,2,2,120000,1200,3,202207,0.9946,22070231,R,R,R,R,R,R,R,I,R,I,I
7.3273,1,1,3,2,1,2,1,1,3,2,170000,1800,3,202207,0.9946,22070232,R,R,R,R,R,R,I,I,R,R,I
7.3273,2,1,3,2,1,2,1,1,2,2,120000,1400,3,202207,0.9946,22070233,R,R,R,R,R,R,R,I,R,I,I
7.3273,1,1,3,2,1,2,1,1,2,2,120000,1400,3,202207,0.9946,22070234,R,R,R,R,I,I,R,I,I,I,I
7.3273,2,1,3,2,1,2,1,1,2,2,150000,1200,3,202207,0.9946,22070235,I,I,I,I,I,I,I,I,I,I,I
7.3273,1,1,3,1,1,2,1,1,2,2,9,1700,3,202207,0.9946,22070236,R,9,R,R,R,R,R,R,R,R,R
7.3273,2,1,3,2,1,2,4,1,2,2,170000,1700,3,202207,0.9946,22070237,R,R,R,R,R,R,R,R,R,R,R
7.3273,2,1,3,2,1,2,1,1,2,2,160000,1600,3,202207,0.9946,22070238,I,I,I,I,I,I,I,I,I,I,I
7.3273,1,1,3,2,1,2,1,1,1,2,150000,1300,3,202207,0.9946,22070239,I,I,I,I,I,I,I,I,I,I,I
7.3273,2,1,3,2,1,2,1,1,2,2,120000,1700,3,202207,0.9946,22070240,R,R,R,R,R,R,R,I,R,I,I
7.3273,2,1,3,2,1,2,1,1,1,2,170000,1800,3,202207,0.9946,22070241,I,I,I,I,I,I,I,I,I,I,I
7.3273,1,1,3,2,1,2,1,1,2,2,110000,1600,3,202207,0.9946,22070242,R,R,R,R,I,I,R,I,I,I,I
7.3273,2,1,3,2,1,2,1,1,1,2,120000,1600,3,202207,0.9946,22070243,R,R,R,R,R,R,I,I,R,I,I
7.3273,1,1,3,2,3,2,1,1,3,2,120000,1300,3,202207,0.9946,22070244,R,R,R,R,R,R,R,R,R,R,R
7.3273,2,1,3,2,1,2,1,1,2,2,150000,1700,3,202207,0.9946,22070245,R,R,R,R,R,R,R,I,R,I,I
7.3273,2,1,3,2,1,2,1,1,2,2,160000,1600,3,202207,0.9946,22070246,I,I,I,I,I,I,I,I,I,I,I
7.3273,2,1,3,2,1,2,1,1,2,2,160000,1600,3,202207,0.9946,22070247,I,I,I,I,I,I,I,I,I,I,I
7.3273,1,1,3,2,1,2,1,1,2,2,150000,1300,3,202207,0.9946,22070248,R,R,R,R,R,R,I,I,R,I,I
7.3273,1,1,3,2,1,2,1,1,2,2,150000,1300,1,202207,0.9946,22070249,I,I,I,I,I,I,I,I,I,I,I
7.3273,2,1,3,2,1,2,1,1,2,2,160000,1600,3,202207,0.9946,22070250,I,I,I,I,I,I,I,I,I,I,I
7.3273,2,1,3,2,1,2,1,1,2,2,160000,1600,3,202207,0.9946,22070251,I,I,I,I,I,I,I,I,I,I,I
7.3273,2,1,3,2,2,2,1,1,2,2,160000,1500,3,202207,0.9946,22070252,R,I,I,I,I,I,I,I,I,I,I
7.3273,2,1,3,2,2,2,1,1,2,2,170000,1700,3,202207,0.9946,22070253,R,I,R,R,R,R,R,R,R,R,R
10.0526,2,1,4,2,1,4,3,1,3,2,160000,1500,3,202207,0.9946,22070254,I,I,I,I,I,I,I,I,I,I,I
10.0526,2,1,3,2,3,4,3,1,2,2,96000,1200,3,202207,0.9946,22070255,R,R,R,R,R,R,R,R,R,I,I
10.0526,2,1,4,2,1,4,3,1,3,2,180000,2100,3,202207,0.9946,22070256,I,I,I,I,I,I,I,I,I,I,I
10.0526,2,1,4,2,2,4,1,1,2,2,180000,2000,3,202207,0.9946,22070257,I,I,I,I,I,I,I,I,I,I,I
5.6,2,1,3,2,1,1,1,1,2,2,160000,1600,3,202207,0.9946,22070258,I,I,I,I,I,I,I,I,I,I,I
5.6,2,1,3,2,1,1,1,1,3,2,170000,1900,3,202207,0.9946,22070259,I,I,I,I,I,I,I,I,I,I,I
28.5786,1,1,3,2,2,3,1,1,1,2,200000,1600,3,202207,0.9946,22070260,R,R,R,R,R,R,R,R,R,R,R
28.5786,2,1,3,2,3,3,1,1,2,2,160000,1600,3,202207,0.9946,22070261,I,I,I,I,I,I,I,I,I,I,I
28.5786,1,1,3,1,3,3,1,1,2,2,9,2500,3,202207,0.9946,22070262,I,9,I,I,I,I,I,I,I,I,I
7.3273,2,1,3,2,1,2,1,1,1,2,160000,1600,3,202207,0.9946,22070263,I,I,I,I,I,I,I,I,I,I,I
7.3273,1,1,3,2,1,2,1,1,1,2,120000,1900,3,202207,0.9946,22070264,R,R,R,R,I,I,R,I,I,I,I
7.3273,2,1,3,2,2,2,1,1,2,2,89000,1600,3,202207,0.9946,22070265,R,R,R,R,R,R,R,R,R,R,R
10.0526,2,1,3,2,3,3,1,1,2,2,180000,2000,3,202207,0.9946,22070266,I,I,I,I,I,I,I,I,I,I,I
28.5786,2,1,3,2,3,3,1,1,2,2,140000,2000,3,202207,0.9946,22070267,R,R,R,R,R,R,R,R,R,R,R
10.0526,2,1,3,2,3,4,1,1,2,2,140000,1900,1,202207,0.9946,22070268,R,R,R,R,R,R,R,R,R,R,R
10.0526,2,1,3,2,2,4,4,1,2,2,130000,1700,1,202207,0.9946,22070269,R,R,R,R,R,R,R,R,R,R,R
10.0526,2,1,5,2,3,4,1,1,2,2,190000,1500,1,202207,0.9946,22070270,R,R,R,R,R,R,R,R,R,R,R
10.0526,2,1,3,2,2,4,1,1,1,2,180000,2100,1,202207,0.9946,22070271,I,I,I,I,I,I,I,I,I,I,I
6.7018,2,1,3,2,2,5,1,1,2,3,270000,1800,3,202207,0.9946,22070272,R,R,R,R,R,R,R,R,R,R,R
10.0526,2,1,3,2,2,4,1,1,2,2,150000,1500,3,202207,0.9946,22070273,R,R,R,R,R,R,R,R,R,R,R
10.0526,1,1,3,2,1,4,1,1,2,2,170000,1400,3,202207,0.9946,22070274,R,R,R,R,R,R,R,R,R,R,R
10.0526,2,1,3,2,2,4,1,1,2,2,240000,2100,1,202207,0.9946,22070275,R,R,R,R,R,R,R,R,R,R,R
10.0526,1,1,3,2,2,4,1,1,2,2,150000,1300,3,202207,0.9946,22070276,R,I,R,R,R,I,I,I,I,I,I
10.0526,2,1,3,2,2,4,1,1,2,2,96000,910,1,202207,0.9946,22070277,R,R,R,R,R,R,R,R,R,R,R
5.6,2,1,3,2,2,1,1,2,1,2,130000,1200,3,202207,0.9946,22070278,R,R,R,R,R,R,R,R,R,R,R
5.6,2,1,3,2,2,1,1,1,1,2,150000,1300,3,202207,0.9946,22070279,R,I,R,R,R,R,R,R,R,R,R
5.6,1,1,3,2,1,1,1,1,2,2,130000,990,1,202207,0.9946,22070280,R,R,R,R,R,R,R,R,R,R,R
5.6,2,1,3,2,3,1,1,2,1,2,140000,1600,3,202207,0.9946,22070281,R,R,R,R,R,R,R,R,R,R,R
5.6,2,1,3,2,1,1,1,1,2,2,170000,1700,3,202207,0.9946,22070282,I,I,I,I,I,I,I,I,I,I,I
28.5786,2,1,5,2,3,3,1,1,2,2,160000,2100,3,202207,0.9946,22070283,R,R,R,R,R,R,R,R,R,R,R
28.5786,2,1,3,2,3,3,1,1,2,2,200000,2500,3,202207,0.9946,22070284,R,I,I,I,I,I,I,I,I,I,I
28.5786,2,1,3,2,2,3,1,1,2,2,170000,1700,3,202207,0.9946,22070285,R,I,R,R,R,R,R,R,R,R,R
28.5786,2,1,3,2,2,3,1,1,2,2,150000,1600,3,202207,0.9946,22070286,R,R,R,R,R,R,R,R,R,R,R
28.5786,2,1,3,1,2,3,1,1,2,2,9,1600,3,202207,0.9946,22070287,R,9,R,R,R,R,R,R,R,R,R
28.5786,2,1,3,2,2,3,1,1,1,2,160000,1600,3,202207,0.9946,22070288,I,I,I,I,I,I,I,I,I,I,I
28.5786,2,1,3,2,3,3,1,1,2,2,87000,1500,3,202207,0.9946,22070289,R,R,R,R,R,R,R,R,R,R,R
28.5786,1,1,3,2,3,3,1,1,1,2,190000,2200,3,202207,0.9946,22070290,I,I,I,I,I,I,I,I,I,I,I
28.5786,2,1,5,2,3,3,1,2,2,2,140000,2200,3,202207,0.9946,22070291,R,R,R,R,I,I,R,I,I,I,I
28.5786,1,1,5,1,3,3,1,1,2,2,9,2000,3,202207,0.9946,22070292,I,9,I,I,I,I,I,I,I,I,I
28.5786,2,1,5,2,3,3,1,3,2,2,150000,2000,3,202207,0.9946,22070293,R,R,R,R,R,R,R,R,R,R,R
28.5786,2,1,3,2,3,3,1,1,2,2,160000,2000,3,202207,0.9946,22070294,R,R,R,R,R,R,R,R,R,R,R
28.5786,2,1,3,2,3,3,1,1,2,2,240000,2000,3,202207,0.9946,22070295,R,R,R,R,R,R,R,R,R,R,R
28.5786,2,1,3,2,3,3,1,1,1,2,190000,2300,3,202207,0.9946,22070296,R,I,R,R,R,R,R,R,R,R,R
7.3273,2,1,3,2,2,3,1,1,2,2,150000,1800,3,202207,0.9946,22070297,R,R,R,R,R,R,R,R,R,R,R
28.5786,2,1,3,2,3,3,1,2,1,2,190000,2300,3,202207,0.9946,22070298,I,I,I,I,I,I,I,I,I,I,I
28.5786,2,1,3,2,3,3,1,2,2,2,240000,1800,3,202207,0.9946,22070299,R,R,R,R,R,R,R,R,R,R,R
28.5786,2,1,5,2,3,3,1,1,1,2,150000,1600,3,202207,0.9946,22070300,R,R,R,R,R,R,R,R,R,R,R
10.0526,2,1,1,2,3,4,0,0,2,2,240000,1500,1,202207,0.9946,22070301,R,R,R,R,R,R,R,R,R,R,R
10.0526,1,1,2,2,1,4,0,0,3,2,180000,2000,3,202207,0.9946,22070302,I,I,I,I,I,I,I,R,I,I,R
10.0526,2,1,2,2,1,4,0,0,2,2,140000,1100,3,202207,0.9946,22070303,I,I,I,I,I,I,I,R,I,I,R
10.0526,2,1,2,2,1,4,0,0,2,2,170000,1800,3,202207,0.9946,22070304,I,I,I,I,I,I,I,R,I,I,R
5.6,2,1,1,2,3,1,0,0,3,2,150000,1500,3,202207,0.9946,22070305,R,R,R,R,R,R,R,R,R,R,R
5.6,2,1,1,2,2,1,0,0,1,2,160000,1600,3,202207,0.9946,22070306,R,R,R,R,R,R,R,R,R,I,R
5.6,2,1,1,2,3,1,0,0,1,2,130000,1400,3,202207,0.9946,22070307,R,R,R,R,R,R,R,R,R,R,R
5.6,1,1,1,2,1,1,0,0,1,2,150000,1300,3,202207,0.9946,22070308,I,I,I,I,I,I,I,R,I,I,R
5.6,2,1,1,2,1,1,0,0,3,2,160000,1500,3,202207,0.9946,22070309,I,I,I,I,I,I,I,R,I,I,R
5.6,1,1,1,2,1,1,0,0,1,2,150000,1400,3,202207,0.9946,22070310,I,I,I,I,I,I,I,R,I,I,R
5.6,2,1,1,2,2,1,0,0,2,2,180000,1300,3,202207,0.9946,22070311,R,R,R,R,R,R,R,R,R,R,R
5.6,2,1,1,2,1,1,0,0,1,2,160000,1600,3,202207,0.9946,22070312,I,I,I,I,I,I,I,R,I,I,R
28.5786,2,1,1,2,1,3,0,0,1,2,170000,1800,3,202207,0.9946,22070313,R,I,I,I,R,R,I,R,R,I,R
6.7018,2,1,2,2,3,5,0,0,1,3,260000,2300,3,202207,0.9946,22070314,R,R,R,R,R,R,R,R,R,R,R
7.3273,2,1,1,2,2,2,0,0,2,2,140000,1100,3,202207,0.9946,22070315,R,I,R,R,R,R,R,R,R,R,R
28.5786,2,1,1,2,3,3,0,0,2,2,180000,2000,3,202207,0.9946,22070316,I,I,I,I,I,I,I,R,I,I,R
7.3273,2,1,1,2,1,2,0,0,2,2,170000,1700,3,202207,0.9946,22070317,I,I,I,I,I,I,I,R,I,I,R
7.3273,2,1,1,2,3,2,0,0,2,2,130000,1900,3,202207,0.9946,22070318,R,R,R,R,R,R,R,R,R,R,R
10.0526,2,1,2,2,2,4,0,0,3,2,150000,1200,3,202207,0.9946,22070319,I,I,I,I,I,I,I,R,I,I,R
5.6,2,1,1,2,3,1,0,0,2,2,100000,1300,3,202207,0.9946,22070320,R,R,R,R,R,R,R,R,R,R,R
5.6,1,1,1,2,1,1,0,0,2,2,170000,1600,3,202207,0.9946,22070321,R,R,R,R,R,R,R,R,R,R,R
5.6,2,1,1,2,3,1,0,0,2,2,140000,1700,3,202207,0.9946,22070322,R,R,R,R,R,R,R,R,R,R,R
5.6,2,1,1,2,3,1,0,0,1,2,170000,1900,3,202207,0.9946,22070323,R,R,R,R,R,R,R,R,R,R,R
5.6,1,1,1,2,1,1,0,0,3,2,120000,1200,3,202207,0.9946,22070324,R,R,R,R,R,R,R,R,R,R,R
5.6,2,1,1,2,1,1,0,0,1,2,170000,1700,3,202207,0.9946,22070325,I,I,I,I,I,I,I,R,I,I,R
5.6,2,1,1,2,3,1,0,0,2,2,160000,1900,3,202207,0.9946,22070326,R,R,R,R,R,R,R,R,R,R,R
5.6,2,1,1,2,2,1,0,0,2,2,150000,1400,3,202207,0.9946,22070327,R,R,R,R,R,R,R,R,R,R,R
7.3273,1,1,1,2,1,2,0,0,3,2,150000,1400,3,202207,0.9946,22070328,R,R,R,R,R,R,R,R,R,R,R
5.6,2,1,1,2,1,1,0,0,2,2,150000,1200,3,202207,0.9946,22070329,R,I,I,I,R,R,I,R,R,I,R
5.6,1,1,2,1,1,1,0,0,2,2,9,1500,3,202207,0.9946,22070330,I,9,I,I,I,I,I,R,I,I,R
5.6,1,1,1,2,1,1,0,0,2,2,170000,1700,3,202207,0.9946,22070331,R,I,R,R,R,R,R,R,R,R,R
5.6,1,1,1,2,1,1,0,0,2,2,160000,1600,3,202207,0.9946,22070332,I,I,I,I,I,I,I,R,I,I,R
28.5786,2,1,2,2,2,3,0,0,2,2,160000,2200,3,202207,0.9946,22070333,R,R,R,R,R,R,R,R,R,R,R
7.3273,2,1,1,2,3,2,0,0,3,2,120000,1300,1,202207,0.9946,22070334,R,R,R,R,R,R,R,R,R,R,R
7.3273,2,1,1,2,3,2,0,0,3,2,140000,1600,3,202207,0.9946,22070335,R,R,R,R,R,R,R,R,R,R,R
7.3273,2,1,1,2,3,2,0,0,3,2,130000,1600,3,202207,0.9946,22070336,R,R,R,R,R,R,R,R,R,R,R
10.0526,1,2,9,2,9,4,9,9,9,2,210000,1600,3,202207,0.9946,22070337,R,R,R,R,R,R,9,9,9,9,9
10.0526,1,2,9,2,9,4,9,9,9,2,230000,1800,3,202207,0.9946,22070338,R,R,R,R,R,R,9,9,9,9,9
10.0526,2,2,9,2,9,4,9,9,9,2,200000,1500,3,202207,0.9946,22070339,R,R,R,R,R,R,9,9,9,9,9
28.5786,1,2,9,2,9,3,9,9,9,2,170000,1700,3,202207,0.9946,22070340,R,I,R,R,R,R,9,9,9,9,9
28.5786,1,2,9,2,9,3,9,9,9,2,87000,1600,3,202207,0.9946,22070341,R,R,R,R,R,R,9,9,9,9,9
28.5786,1,2,9,2,9,3,9,9,9,2,140000,1100,1,202207,0.9946,22070342,I,I,I,I,I,I,9,9,9,9,9
28.5786,1,2,9,2,9,3,9,9,9,2,200000,1900,3,202207,0.9946,22070343,R,R,R,R,R,R,9,9,9,9,9
28.5786,1,2,9,1,9,3,9,9,9,2,9,1100,1,202207,0.9946,22070344,R,9,R,R,R,R,9,9,9,9,9
28.5786,1,2,9,2,9,3,9,9,9,2,140000,1100,3,202207,0.9946,22070345,I,I,I,I,I,I,9,9,9,9,9
28.5786,1,2,9,2,9,3,9,9,9,2,130000,1100,3,202207,0.9946,22070346,R,R,R,R,R,R,9,9,9,9,9
28.5786,1,2,9,2,9,3,9,9,9,2,130000,1500,3,202207,0.9946,22070347,R,R,R,R,R,R,9,9,9,9,9
28.5786,1,2,9,2,9,3,9,9,9,2,180000,2500,3,202207,0.9946,22070348,R,R,R,R,R,R,9,9,9,9,9
28.5786,1,2,9,2,9,3,9,9,9,2,140000,1700,3,202207,0.9946,22070349,R,R,R,R,R,R,9,9,9,9,9
28.5786,1,2,9,2,9,3,9,9,9,2,180000,2000,3,202207,0.9946,22070350,R,I,R,R,R,R,9,9,9,9,9
28.5786,1,2,9,2,9,3,9,9,9,2,160000,1600,3,202207,0.9946,22070351,I,I,I,I,I,I,9,9,9,9,9
10.0526,1,2,9,2,9,4,9,9,9,2,300000,2000,3,202207,0.9946,22070352,R,R,R,R,R,R,9,9,9,9,9
10.0526,1,2,9,2,9,4,9,9,9,2,300000,1800,3,202207,0.9946,22070353,R,R,R,R,R,R,9,9,9,9,9
10.0526,1,2,9,2,9,4,9,9,9,2,170000,1300,3,202207,0.9946,22070354,R,R,R,R,R,R,9,9,9,9,9
10.0526,1,2,9,2,9,4,9,9,9,2,300000,1600,3,202207,0.9946,22070355,R,R,R,R,R,R,9,9,9,9,9
10.0526,1,2,9,2,9,4,9,9,9,2,300000,1600,3,202207,0.9946,22070356,R,R,R,R,R,R,9,9,9,9,9
7.3273,1,2,9,2,9,2,9,9,9,2,160000,1600,3,202207,0.9946,22070357,R,I,R,R,R,R,9,9,9,9,9
7.3273,1,2,9,1,9,2,9,9,9,2,9,1300,3,202207,0.9946,22070358,I,9,I,I,I,I,9,9,9,9,9
7.3273,2,2,9,2,9,2,9,9,9,2,160000,1500,3,202207,0.9946,22070359,R,I,I,I,I,R,9,9,9,9,9
28.5786,1,2,9,2,9,3,9,9,9,2,150000,2200,3,202207,0.9946,22070360,R,R,R,R,R,R,9,9,9,9,9
28.5786,2,2,9,1,9,3,9,9,9,2,9,2000,3,202207,0.9946,22070361,R,9,R,R,I,R,9,9,9,9,9
28.5786,1,2,9,2,9,3,9,9,9,2,100000,2000,3,202207,0.9946,22070362,R,R,R,R,R,R,9,9,9,9,9
28.5786,1,2,9,2,9,3,9,9,9,2,160000,1600,3,202207,0.9946,22070363,I,I,I,I,I,I,9,9,9,9,9
10.0526,1,2,9,2,9,4,9,9,9,2,180000,2000,3,202207,0.9946,22070364,R,I,R,R,R,R,9,9,9,9,9
10.0526,2,2,9,2,9,4,9,9,9,2,130000,1400,3,202207,0.9946,22070365,R,R,R,R,R,R,9,9,9,9,9
6.7018,1,2,9,2,9,5,9,9,9,3,160000,1800,3,202207,0.9946,22070366,I,I,I,I,I,I,9,9,9,9,9
10.0526,2,2,9,2,9,4,9,9,9,2,140000,1300,3,202207,0.9946,22070367,R,R,R,R,R,R,9,9,9,9,9
28.5786,1,2,9,2,9,3,9,9,9,2,130000,1700,3,202207,0.9946,22070368,R,R,R,R,R,R,9,9,9,9,9
5.6,1,2,9,2,9,1,9,9,9,2,140000,990,3,202207,0.9946,22070369,R,I,R,R,R,R,9,9,9,9,9
5.6,1,2,9,2,9,1,9,9,9,2,150000,1300,3,202207,0.9946,22070370,R,I,R,R,R,R,9,9,9,9,9
5.6,1,2,9,2,9,1,9,9,9,2,150000,1900,3,202207,0.9946,22070371,R,R,R,R,R,R,9,9,9,9,9
28.5786,1,2,9,2,9,3,9,9,9,2,150000,1800,3,202207,0.9946,22070372,R,R,R,R,R,R,9,9,9,9,9
28.5786,1,2,9,2,9,3,9,9,9,2,160000,1600,3,202207,0.9946,22070373,I,I,I,I,I,I,9,9,9,9,9
7.3273,1,2,9,2,9,2,9,9,9,2,160000,1500,3,202207,0.9946,22070374,I,I,I,I,I,I,9,9,9,9,9
10.0526,1,2,9,2,9,4,9,9,9,2,250000,2100,3,202207,0.9946,22070375,R,R,R,R,R,R,9,9,9,9,9
28.5786,1,2,9,2,9,3,9,9,9,2,140000,1600,3,202207,0.9946,22070376,R,R,R,R,R,R,9,9,9,9,9
28.5786,1,2,9,2,9,3,9,9,9,2,190000,2200,3,202207,0.9946,22070377,I,I,I,I,I,I,9,9,9,9,9
7.3273,1,2,9,2,9,2,9,9,9,2,89000,1300,3,202207,0.9946,22070378,R,R,R,R,R,R,9,9,9,9,9
10.0526,2,2,9,2,9,4,9,9,9,2,220000,1600,3,202207,0.9946,22070379,R,R,R,R,I,I,9,9,9,9,9
28.5786,1,2,9,2,9,3,9,9,9,2,180000,2000,3,202207,0.9946,22070380,I,I,I,I,I,I,9,9,9,9,9
28.5786,1,2,9,2,9,3,9,9,9,2,190000,2100,3,202207,0.9946,22070381,R,R,R,R,R,R,9,9,9,9,9
28.5786,1,2,9,2,9,3,9,9,9,2,150000,1300,3,202207,0.9946,22070382,R,R,R,R,R,R,9,9,9,9,9
7.3273,1,2,9,2,9,2,9,9,9,2,170000,1800,1,202207,0.9946,22070383,I,I,I,I,I,I,9,9,9,9,9
10.0526,1,2,9,2,9,4,9,9,9,2,230000,1800,3,202207,0.9946,22070384,R,R,R,R,R,R,9,9,9,9,9
28.5786,1,2,9,2,9,3,9,9,9,2,180000,2100,3,202207,0.9946,22070385,I,I,I,I,I,I,9,9,9,9,9
28.5786,1,2,9,2,9,3,9,9,9,2,190000,2300,3,202207,0.9946,22070386,R,I,R,R,R,R,9,9,9,9,9
28.5786,1,2,9,2,9,3,9,9,9,2,170000,1700,3,202207,0.9946,22070387,I,I,I,I,I,I,9,9,9,9,9
28.5786,1,2,9,2,9,3,9,9,9,2,120000,1300,3,202207,0.9946,22070388,R,R,R,R,R,R,9,9,9,9,9
28.5786,1,2,9,2,9,3,9,9,9,2,130000,1600,3,202207,0.9946,22070389,R,R,R,R,R,R,9,9,9,9,9
28.5786,1,2,9,2,9,3,9,9,9,2,170000,1700,3,202207,0.9946,22070390,R,I,R,R,R,R,9,9,9,9,9
28.5786,1,2,9,2,9,3,9,9,9,2,160000,2200,3,202207,0.9946,22070391,R,R,R,R,R,R,9,9,9,9,9
5.6,1,2,9,2,9,1,9,9,9,2,210000,1600,3,202207,0.9946,22070392,R,R,R,R,R,R,9,9,9,9,9
28.5786,1,2,9,2,9,3,9,9,9,2,110000,1600,3,202207,0.9946,22070393,R,R,R,R,R,R,9,9,9,9,9
28.5786,1,2,9,2,9,3,9,9,9,2,150000,1300,3,202207,0.9946,22070394,R,I,I,I,I,I,9,9,9,9,9
28.5786,1,2,9,2,9,3,9,9,9,2,180000,2000,3,202207,0.9946,22070395,I,I,I,I,I,I,9,9,9,9,9
28.5786,1,2,9,2,9,3,9,9,9,2,160000,2200,3,202207,0.9946,22070396,R,R,R,R,R,R,9,9,9,9,9
10.0526,2,2,9,2,9,4,9,9,9,2,170000,1800,3,202207,0.9946,22070397,R,R,R,R,R,R,9,9,9,9,9
7.3273,1,2,9,2,9,2,9,9,9,2,170000,2400,3,202207,0.9946,22070398,R,R,R,R,R,R,9,9,9,9,9
28.5786,1,2,9,2,9,3,9,9,9,2,160000,1700,3,202207,0.9946,22070399,R,R,R,R,R,R,9,9,9,9,9
28.5786,1,2,9,2,9,3,9,9,9,2,200000,2500,3,202207,0.9946,22070400,I,I,I,I,I,I,9,9,9,9,9
28.5786,1,2,9,2,9,3,9,9,9,2,240000,2300,3,202207,0.9946,22070401,R,R,R,R,R,R,9,9,9,9,9
7.3273,1,2,9,2,9,2,9,9,9,2,170000,1600,3,202207,0.9946,22070402,R,R,R,R,R,R,9,9,9,9,9
10.0526,1,2,9,2,9,4,9,9,9,2,160000,1500,1,202207,0.9946,22070403,I,I,I,I,I,I,9,9,9,9,9
10.0526,1,2,9,2,9,4,9,9,9,2,300000,1300,3,202207,0.9946,22070404,R,R,R,R,R,R,9,9,9,9,9
10.0526,1,2,9,2,9,4,9,9,9,2,160000,1600,3,202207,0.9946,22070405,I,I,I,I,I,I,9,9,9,9,9
28.5786,1,2,9,2,9,3,9,9,9,2,160000,1500,3,202207,0.9946,22070406,I,I,I,I,I,I,9,9,9,9,9
28.5786,1,2,9,2,9,3,9,9,9,2,130000,1900,3,202207,0.9946,22070407,R,R,R,R,R,R,9,9,9,9,9
10.0526,2,2,9,2,9,4,9,9,9,2,110000,1200,3,202207,0.9946,22070408,R,R,R,R,R,R,9,9,9,9,9
28.5786,1,2,9,2,9,3,9,9,9,2,170000,1900,3,202207,0.9946,22070409,I,I,I,I,I,I,9,9,9,9,9
28.5786,1,2,9,2,9,3,9,9,9,2,170000,1900,3,202207,0.9946,22070410,R,I,I,I,I,R,9,9,9,9,9
7.3273,1,2,9,2,9,2,9,9,9,2,160000,1500,3,202207,0.9946,22070411,I,I,I,I,I,I,9,9,9,9,9
5.6,1,2,9,2,9,1,9,9,9,2,150000,1700,3,202207,0.9946,22070412,R,R,R,R,R,R,9,9,9,9,9
5.6,1,2,9,2,9,1,9,9,9,2,170000,1500,3,202207,0.9946,22070413,R,R,R,R,R,R,9,9,9,9,9
7.3273,1,2,9,2,9,2,9,9,9,2,170000,1700,3,202207,0.9946,22070414,I,I,I,I,I,I,9,9,9,9,9
10.0526,1,2,9,2,9,4,9,9,9,2,240000,2000,3,202207,0.9946,22070415,R,R,R,R,R,R,9,9,9,9,9
5.6,1,2,9,2,9,1,9,9,9,2,170000,1500,3,202207,0.9946,22070416,R,R,R,R,R,R,9,9,9,9,9
28.5786,1,2,9,2,9,3,9,9,9,2,170000,1500,3,202207,0.9946,22070417,R,R,R,R,R,R,9,9,9,9,9
28.5786,1,2,9,2,9,3,9,9,9,2,170000,1700,3,202207,0.9946,22070418,I,I,I,I,I,I,9,9,9,9,9
7.3273,1,2,9,2,9,2,9,9,9,2,250000,1700,3,202207,0.9946,22070419,R,R,R,R,R,R,9,9,9,9,9
28.5786,1,2,9,2,9,3,9,9,9,2,110000,1700,3,202207,0.9946,22070420,R,R,R,R,R,R,9,9,9,9,9
28.5786,1,2,9,2,9,3,9,9,9,2,140000,2000,3,202207,0.9946,22070421,R,R,R,R,R,R,9,9,9,9,9
28.5786,1,2,9,2,9,3,9,9,9,2,210000,2500,3,202207,0.9946,22070422,R,R,R,R,R,R,9,9,9,9,9
7.3273,1,2,9,2,9,2,9,9,9,2,160000,1500,3,202207,0.9946,22070423,R,I,R,R,R,R,9,9,9,9,9
28.5786,1,2,9,2,9,3,9,9,9,2,170000,1700,3,202207,0.9946,22070424,I,I,I,I,I,I,9,9,9,9,9
28.5786,1,2,9,2,9,3,9,9,9,2,160000,1600,3,202207,0.9946,22070425,I,I,I,I,I,I,9,9,9,9,9
5.6,1,2,9,2,9,1,9,9,9,2,160000,1600,3,202207,0.9946,22070426,R,I,R,R,R,R,9,9,9,9,9
5.6,1,2,9,2,9,1,9,9,9,2,220000,1300,3,202207,0.9946,22070427,R,R,R,R,R,R,9,9,9,9,9
7.3273,1,2,9,2,9,2,9,9,9,2,140000,1100,3,202207,0.9946,22070428,I,I,I,I,I,I,9,9,9,9,9
7.3273,1,2,9,1,9,2,9,9,9,2,9,1500,3,202207,0.9946,22070429,R,9,R,R,R,R,9,9,9,9,9
28.5786,1,2,9,2,9,3,9,9,9,2,160000,1600,3,202207,0.9946,22070430,I,I,I,I,I,I,9,9,9,9,9
10.0526,1,2,9,2,9,4,9,9,9,2,170000,1800,3,202207,0.9946,22070431,I,I,I,I,I,I,9,9,9,9,9
5.6,1,2,9,2,9,1,9,9,9,2,220000,1300,3,202207,0.9946,22070432,R,R,R,R,R,R,9,9,9,9,9
5.6,1,2,9,2,9,1,9,9,9,2,130000,1600,3,202207,0.9946,22070433,R,R,R,R,R,R,9,9,9,9,9
5.6,1,2,9,2,9,1,9,9,9,2,170000,1900,3,202207,0.9946,22070434,I,I,I,I,I,I,9,9,9,9,9
5.6,1,2,9,2,9,1,9,9,9,2,150000,1700,3,202207,0.9946,22070435,R,R,R,R,R,R,9,9,9,9,9
5.6,1,2,9,2,9,1,9,9,9,2,110000,1300,3,202207,0.9946,22070436,R,R,R,R,R,R,9,9,9,9,9
5.6,1,2,9,2,9,1,9,9,9,2,160000,1500,3,202207,0.9946,22070437,R,I,R,R,R,R,9,9,9,9,9
10.0526,1,2,9,2,9,4,9,9,9,2,170000,1800,3,202207,0.9946,22070438,I,I,I,I,I,I,9,9,9,9,9
28.5786,1,2,9,2,9,3,9,9,9,2,190000,1800,3,202207,0.9946,22070439,R,R,R,R,R,R,9,9,9,9,9
7.3273,1,2,9,2,9,2,9,9,9,2,160000,1700,3,202207,0.9946,22070440,R,R,R,R,R,R,9,9,9,9,9
28.5786,1,2,9,2,9,3,9,9,9,2,150000,2200,3,202207,0.9946,22070441,R,R,R,R,R,R,9,9,9,9,9
28.5786,1,2,9,2,9,3,9,9,9,2,150000,1100,3,202207,0.9946,22070442,I,I,I,I,I,I,9,9,9,9,9
28.5786,1,2,9,1,9,3,9,9,9,2,9,1600,3,202207,0.9946,22070443,R,9,R,R,R,R,9,9,9,9,9
28.5786,1,2,9,2,9,3,9,9,9,2,150000,1600,3,202207,0.9946,22070444,R,R,R,R,R,R,9,9,9,9,9
28.5786,1,2,9,2,9,3,9,9,9,2,87000,1600,3,202207,0.9946,22070445,R,R,R,R,R,R,9,9,9,9,9
28.5786,1,2,9,2,9,3,9,9,9,2,120000,1300,3,202207,0.9946,22070446,R,R,R,R,R,R,9,9,9,9,9
7.3273,1,2,9,2,9,3,9,9,9,2,150000,1800,3,202207,0.9946,22070447,R,R,R,R,R,R,9,9,9,9,9
28.5786,1,2,9,2,9,3,9,9,9,2,150000,1600,3,202207,0.9946,22070448,R,R,R,R,R,R,9,9,9,9,9
28.5786,1,2,9,2,9,3,9,9,9,2,110000,2100,3,202207,0.9946,22070449,R,R,R,R,R,R,9,9,9,9,9
28.5786,1,2,9,2,9,3,9,9,9,2,160000,1700,3,202207,0.9946,22070450,R,R,R,R,R,R,9,9,9,9,9
28.5786,1,2,9,2,9,3,9,9,9,2,120000,1700,3,202207,0.9946,22070451,R,R,R,R,R,R,9,9,9,9,9
7.3273,1,2,9,2,9,2,9,9,9,2,180000,2000,3,202207,0.9946,22070452,R,R,R,R,R,R,9,9,9,9,9
28.5786,1,2,9,2,9,3,9,9,9,2,150000,1300,3,202207,0.9946,22070453,R,I,I,I,I,I,9,9,9,9,9
10.0526,3,9,9,9,9,5,9,9,9,2,9,9,9,202207,0.9946,22070454,R,9,9,9,9,9,9,9,9,9,9
28.5786,3,9,9,9,9,5,9,9,9,2,9,9,9,202207,0.9946,22070455,R,9,9,9,9,9,9,9,9,9,9
10.0526,3,9,9,9,9,5,9,9,9,2,9,9,9,202207,0.9946,22070456,R,9,9,9,9,9,9,9,9,9,9
10.0526,3,9,9,9,9,5,9,9,9,2,9,9,9,202207,0.9946,22070457,I,9,9,9,9,9,9,9,9,9,9
28.5786,3,9,9,9,9,5,9,9,9,2,9,9,9,202207,0.9946,22070458,R,9,9,9,9,9,9,9,9,9,9
10.0526,3,9,9,9,9,5,9,9,9,2,9,9,9,202207,0.9946,22070459,R,9,9,9,9,9,9,9,9,9,9
71.9071,2,1,4,2,3,3,1,2,2,1,86000,1200,3,202208,1.0195,22080001,R,R,R,R,R,R,R,R,R,R,R
71.9071,2,1,5,2,1,3,1,3,2,1,71000,1200,3,202208,1.0195,22080002,R,R,R,R,R,R,R,R,R,R,R
26.315800000000003,1,1,5,2,1,4,3,1,1,1,150000,900,3,202208,1.0195,22080003,R,R,R,R,R,R,R,R,R,R,R
26.315800000000003,2,1,4,2,2,4,1,2,2,1,150000,1100,1,202208,1.0195,22080004,R,R,R,R,R,R,R,R,R,R,R
20.3,2,1,4,2,1,4,3,1,2,1,67000,720,1,202208,1.0195,22080005,I,I,I,I,I,I,I,I,I,I,I
26.315800000000003,2,1,4,2,1,4,3,1,2,1,57000,720,3,202208,1.0195,22080006,R,R,R,R,I,I,R,I,I,I,I
26.315800000000003,1,1,4,2,3,4,3,2,1,1,73000,720,1,202208,1.0195,22080007,R,R,R,R,R,R,R,R,R,R,R
26.315800000000003,2,1,3,2,1,4,1,1,2,1,100000,1300,3,202208,1.0195,22080008,R,I,I,I,I,I,I,I,I,I,I
26.315800000000003,1,1,3,1,1,4,1,1,1,1,9,1200,3,202208,1.0195,22080009,R,9,R,R,R,R,I,I,R,I,I
26.315800000000003,2,1,5,2,1,4,1,1,1,1,77000,900,3,202208,1.0195,22080010,R,I,I,I,I,I,I,I,I,I,I
26.315800000000003,1,1,3,2,1,4,1,1,2,1,88000,1100,1,202208,1.0195,22080011,I,I,I,I,I,I,I,I,I,I,I
26.315800000000003,1,1,3,2,1,4,1,1,2,1,85000,960,1,202208,1.0195,22080012,R,R,R,R,R,R,I,I,R,I,I
16.133300000000002,2,1,4,2,1,1,1,1,1,1,66000,700,1,202208,1.0195,22080013,R,I,I,I,R,R,I,I,R,I,I
71.9071,2,1,4,2,1,3,1,2,2,1,53000,1100,3,202208,1.0195,22080014,R,R,R,R,R,R,R,R,R,R,R
71.9071,2,1,5,2,3,3,1,1,2,1,88000,1100,3,202208,1.0195,22080015,I,I,I,I,I,I,I,I,I,I,I
71.9071,2,1,5,2,3,3,1,1,3,1,92000,1200,3,202208,1.0195,22080016,I,I,I,I,I,I,I,I,I,I,I
71.9071,1,1,5,2,2,3,1,1,1,1,86000,1000,1,202208,1.0195,22080017,I,I,I,I,I,I,I,I,I,I,I
71.9071,2,1,5,2,2,3,1,3,1,1,86000,1000,1,202208,1.0195,22080018,I,I,I,I,I,I,I,I,I,I,I
20.3,2,1,3,2,1,2,1,1,1,1,79000,920,3,202208,1.0195,22080019,I,I,I,I,I,I,I,I,I,I,I
20.3,2,1,3,2,1,2,1,1,1,1,87000,1100,3,202208,1.0195,22080020,R,I,I,I,R,R,I,I,R,I,I
20.3,2,1,3,2,1,2,3,1,2,1,98000,1200,3,202208,1.0195,22080021,R,R,R,R,R,R,R,R,R,R,R
20.3,1,1,3,1,1,2,1,1,2,1,9,1200,3,202208,1.0195,22080022,I,9,I,I,I,I,I,I,I,I,I
20.3,1,1,5,2,1,2,3,1,1,1,79000,960,1,202208,1.0195,22080023,R,R,R,R,R,R,R,R,R,R,R
20.3,2,1,3,2,1,2,1,2,2,1,93000,1200,3,202208,1.0195,22080024,I,I,I,I,I,I,I,I,I,I,I
26.315800000000003,2,1,3,1,1,2,1,1,2,1,9,1100,3,202208,1.0195,22080025,R,9,R,R,R,R,I,I,R,I,I
20.3,1,1,3,2,1,2,1,2,2,1,100000,960,1,202208,1.0195,22080026,R,R,R,R,R,R,R,R,R,R,R
20.3,1,1,3,2,1,2,1,2,2,1,100000,960,1,202208,1.0195,22080027,R,R,R,R,R,R,R,R,R,R,R
20.3,1,1,3,2,1,2,1,1,2,1,81000,960,1,202208,1.0195,22080028,I,I,I,I,I,I,I,I,I,I,I
20.3,2,1,3,2,1,2,1,1,2,1,87000,1100,3,202208,1.0195,22080029,I,I,I,I,I,I,I,I,I,I,I
20.3,1,1,3,2,1,2,1,2,2,1,120000,1100,3,202208,1.0195,22080030,R,R,R,R,R,R,I,I,R,I,I
20.3,1,1,3,2,3,2,1,1,2,1,95000,1200,3,202208,1.0195,22080031,I,I,I,I,I,I,I,I,I,I,I
20.3,1,1,3,2,1,2,1,1,2,1,79000,920,3,202208,1.0195,22080032,I,I,I,I,I,I,I,I,I,I,I
20.3,2,1,3,2,1,2,1,1,2,1,96000,1200,3,202208,1.0195,22080033,I,I,I,I,I,I,I,I,I,I,I
71.9071,2,1,3,2,3,3,1,1,2,1,92000,1200,3,202208,1.0195,22080034,I,I,I,I,I,I,I,I,I,I,I
71.9071,2,1,5,2,2,3,1,1,2,1,130000,960,1,202208,1.0195,22080035,R,R,R,R,R,R,R,R,R,R,R
20.3,2,1,5,2,1,2,1,1,1,1,88000,1100,3,202208,1.0195,22080036,I,I,I,I,I,I,I,I,I,I,I
20.3,1,1,3,2,1,2,1,1,1,1,88000,1100,3,202208,1.0195,22080037,I,I,I,I,I,I,I,I,I,I,I
20.3,1,1,3,2,1,2,1,1,2,1,96000,1200,3,202208,1.0195,22080038,I,I,I,I,I,I,I,I,I,I,I
20.3,2,1,5,2,1,2,1,1,1,1,87000,1100,3,202208,1.0195,22080039,I,I,I,I,I,I,I,I,I,I,I
20.3,1,1,3,2,1,2,1,1,2,1,88000,1100,3,202208,1.0195,22080040,I,I,I,I,I,I,I,I,I,I,I
20.3,1,1,3,2,1,2,1,1,3,1,74000,1100,3,202208,1.0195,22080041,R,R,R,R,R,R,R,R,R,R,R
20.3,1,1,3,2,1,2,1,1,2,1,96000,1200,3,202208,1.0195,22080042,I,I,I,I,I,I,I,I,I,I,I
20.3,2,1,3,2,1,2,1,1,2,1,96000,1200,3,202208,1.0195,22080043,I,I,I,I,I,I,I,I,I,I,I
20.3,1,1,3,2,1,2,1,1,2,1,81000,960,1,202208,1.0195,22080044,I,I,I,I,I,I,I,I,I,I,I
20.3,1,1,3,2,1,2,1,1,2,1,100000,1200,3,202208,1.0195,22080045,R,R,R,R,R,R,I,I,R,I,I
20.3,1,1,3,2,1,2,1,1,2,1,84000,1100,3,202208,1.0195,22080046,R,R,R,R,R,R,R,R,R,R,R
20.3,2,1,3,2,1,2,1,1,2,1,87000,1100,3,202208,1.0195,22080047,I,I,I,I,I,I,I,I,I,I,I
20.3,2,1,3,2,1,2,1,1,2,1,82000,1100,3,202208,1.0195,22080048,R,R,R,R,R,R,I,I,R,I,I
20.3,1,1,5,2,3,2,1,1,2,1,100000,1300,3,202208,1.0195,22080049,I,I,I,I,I,I,I,I,I,I,I
26.315800000000003,1,1,4,2,1,4,3,1,3,1,96000,1200,3,202208,1.0195,22080050,I,I,I,I,I,I,I,I,I,I,I
26.315800000000003,2,1,4,2,1,4,3,1,3,1,100000,1300,3,202208,1.0195,22080051,I,I,I,I,I,I,I,I,I,I,I
26.315800000000003,1,1,4,2,1,4,1,2,1,1,98000,1300,3,202208,1.0195,22080052,R,R,R,R,R,R,R,R,R,R,R
26.315800000000003,1,1,4,2,1,4,2,2,3,1,97000,1300,3,202208,1.0195,22080053,R,R,R,R,R,R,R,R,R,R,R
16.133300000000002,2,1,3,2,1,1,3,1,2,1,67000,920,3,202208,1.0195,22080054,R,R,R,R,R,R,R,R,R,R,R
71.9071,2,1,3,2,2,3,1,1,2,1,86000,1000,1,202208,1.0195,22080055,I,I,I,I,I,I,I,I,I,I,I
71.9071,1,1,3,2,3,3,1,1,2,1,74000,840,1,202208,1.0195,22080056,I,I,I,I,I,I,I,I,I,I,I
71.9071,2,1,3,2,3,3,1,1,1,1,81000,960,1,202208,1.0195,22080057,I,I,I,I,I,I,I,I,I,I,I
71.9071,2,1,3,2,4,3,1,3,2,1,60000,840,1,202208,1.0195,22080058,R,R,R,R,R,R,I,R,R,R,R
20.3,1,1,3,2,1,2,1,1,2,1,96000,1200,3,202208,1.0195,22080059,I,I,I,I,I,I,I,I,I,I,I
71.9071,2,1,3,2,2,3,1,1,2,1,130000,1000,1,202208,1.0195,22080060,R,R,R,R,R,R,R,R,R,R,R
71.9071,2,1,3,2,3,3,1,1,2,1,85000,1000,3,202208,1.0195,22080061,I,I,I,I,I,I,I,I,I,I,I
71.9071,2,1,3,2,3,3,1,1,2,1,89000,1100,3,202208,1.0195,22080062,R,I,R,R,R,R,I,I,I,I,I
16.133300000000002,1,1,3,2,1,1,1,1,2,1,87000,1100,3,202208,1.0195,22080063,I,I,I,I,I,I,I,I,I,I,I
16.133300000000002,1,1,3,2,1,1,3,1,2,1,55000,1100,3,202208,1.0195,22080064,R,R,R,R,R,R,R,R,R,R,R
16.133300000000002,1,1,3,2,1,1,1,1,3,1,82000,980,3,202208,1.0195,22080065,I,I,I,I,I,I,I,I,I,I,I
16.133300000000002,2,1,3,1,1,1,1,1,2,1,9,920,3,202208,1.0195,22080066,R,9,I,I,R,R,I,I,R,I,I
71.9071,2,1,3,2,3,3,1,1,2,1,85000,1000,3,202208,1.0195,22080067,I,I,I,I,I,I,I,I,I,I,I
71.9071,2,1,5,2,3,3,1,1,2,1,84000,1000,1,202208,1.0195,22080068,I,I,I,I,I,I,I,I,I,I,I
16.133300000000002,2,1,1,2,1,1,0,0,2,1,77000,900,1,202208,1.0195,22080069,I,I,I,I,I,I,I,R,I,I,R
71.9071,2,1,1,2,2,3,0,0,2,1,86000,1000,1,202208,1.0195,22080070,I,I,I,I,I,I,I,R,I,I,R
20.3,1,1,1,1,1,2,0,0,2,1,9,960,1,202208,1.0195,22080071,I,9,I,I,I,I,I,R,I,I,R
20.3,2,1,1,2,1,2,0,0,2,1,56000,840,3,202208,1.0195,22080072,R,R,R,R,R,R,R,R,R,R,R
20.3,1,1,1,2,1,2,0,0,1,1,66000,1200,3,202208,1.0195,22080073,R,R,R,R,R,R,R,R,R,R,R
20.3,1,1,1,2,1,2,0,0,1,1,78000,1200,3,202208,1.0195,22080074,R,R,R,R,R,R,R,R,R,R,R
20.3,1,1,1,1,1,2,0,0,1,1,9,1200,3,202208,1.0195,22080075,R,9,R,R,R,R,R,R,R,R,R
20.3,1,1,1,1,1,2,0,0,1,1,9,1200,3,202208,1.0195,22080076,R,9,R,R,R,R,R,R,R,R,R
20.3,1,1,1,2,1,2,0,0,1,1,82000,960,1,202208,1.0195,22080077,R,R,R,R,R,R,R,R,R,R,R
16.133300000000002,2,1,1,2,1,1,0,0,2,1,74000,840,1,202208,1.0195,22080078,R,I,I,I,R,R,I,R,R,I,R
16.133300000000002,2,1,1,1,1,1,0,0,1,1,9,980,3,202208,1.0195,22080079,R,9,R,R,R,R,R,R,R,R,R
16.133300000000002,2,1,1,2,2,1,0,0,2,1,61000,840,1,202208,1.0195,22080080,R,R,R,R,R,R,R,R,R,R,R
71.9071,2,1,2,2,3,3,0,0,3,1,96000,1200,3,202208,1.0195,22080081,R,I,I,I,I,R,I,R,R,I,R
26.315800000000003,1,2,9,2,9,4,9,9,9,1,90000,670,1,202208,1.0195,22080082,R,R,R,R,R,R,9,9,9,9,9
71.9071,1,2,9,2,9,3,9,9,9,1,89000,1100,3,202208,1.0195,22080083,I,I,I,I,I,I,9,9,9,9,9
71.9071,1,2,9,2,9,3,9,9,9,1,85000,1100,3,202208,1.0195,22080084,R,R,R,R,R,R,9,9,9,9,9
20.3,1,2,9,2,9,2,9,9,9,1,100000,1300,3,202208,1.0195,22080085,I,I,I,I,I,I,9,9,9,9,9
71.9071,1,2,9,2,9,3,9,9,9,1,86000,1000,1,202208,1.0195,22080086,I,I,I,I,I,I,9,9,9,9,9
71.9071,1,2,9,2,9,3,9,9,9,1,96000,1200,3,202208,1.0195,22080087,I,I,I,I,I,I,9,9,9,9,9
26.315800000000003,1,2,9,2,9,4,9,9,9,1,68000,770,1,202208,1.0195,22080088,R,R,R,R,R,R,9,9,9,9,9
20.3,1,2,9,2,9,2,9,9,9,1,110000,1100,3,202208,1.0195,22080089,R,R,I,I,R,R,9,9,9,9,9
71.9071,2,2,9,2,9,3,9,9,9,1,85000,1000,3,202208,1.0195,22080090,I,I,I,I,I,I,9,9,9,9,9
71.9071,1,2,9,2,9,3,9,9,9,1,85000,1000,3,202208,1.0195,22080091,I,I,I,I,I,I,9,9,9,9,9
16.133300000000002,1,2,9,2,9,1,9,9,9,1,77000,900,1,202208,1.0195,22080092,R,I,R,R,R,R,9,9,9,9,9
16.133300000000002,1,2,9,2,9,1,9,9,9,1,87000,1100,3,202208,1.0195,22080093,R,R,R,R,R,R,9,9,9,9,9
20.3,1,2,9,2,9,2,9,9,9,1,70000,920,3,202208,1.0195,22080094,R,R,R,R,R,R,9,9,9,9,9
71.9071,1,2,9,2,9,3,9,9,9,1,72000,920,3,202208,1.0195,22080095,R,R,R,R,R,R,9,9,9,9,9
20.3,1,2,9,1,9,2,9,9,9,1,9,1200,3,202208,1.0195,22080096,R,9,R,R,R,R,9,9,9,9,9
20.3,1,2,9,1,9,2,9,9,9,1,9,1200,3,202208,1.0195,22080097,I,9,I,I,I,I,9,9,9,9,9
71.9071,1,2,9,2,9,3,9,9,9,1,92000,1200,3,202208,1.0195,22080098,I,I,I,I,I,I,9,9,9,9,9
20.3,1,2,9,2,9,2,9,9,9,1,99000,1200,3,202208,1.0195,22080099,R,R,R,R,R,R,9,9,9,9,9
71.9071,1,2,9,2,9,3,9,9,9,1,75000,1200,3,202208,1.0195,22080100,R,R,R,R,R,R,9,9,9,9,9
71.9071,1,2,9,2,9,3,9,9,9,1,86000,1000,1,202208,1.0195,22080101,I,I,I,I,I,I,9,9,9,9,9
26.315800000000003,1,2,9,2,9,4,9,9,9,1,96000,1200,3,202208,1.0195,22080102,R,R,R,R,R,R,9,9,9,9,9
71.9071,1,2,9,2,9,3,9,9,9,1,81000,960,1,202208,1.0195,22080103,I,I,I,I,I,I,9,9,9,9,9
71.9071,1,2,9,2,9,3,9,9,9,1,85000,1000,3,202208,1.0195,22080104,I,I,I,I,I,I,9,9,9,9,9
71.9071,1,2,9,2,9,3,9,9,9,1,90000,1100,3,202208,1.0195,22080105,I,I,I,I,I,I,9,9,9,9,9
16.133300000000002,1,2,9,2,9,1,9,9,9,1,67000,920,3,202208,1.0195,22080106,R,R,R,R,R,R,9,9,9,9,9
20.3,1,2,9,2,9,2,9,9,9,1,96000,1200,3,202208,1.0195,22080107,I,I,I,I,I,I,9,9,9,9,9
71.9071,1,2,9,2,9,3,9,9,9,1,96000,1200,3,202208,1.0195,22080108,I,I,I,I,I,I,9,9,9,9,9
71.9071,1,2,9,2,9,3,9,9,9,1,79000,920,3,202208,1.0195,22080109,I,I,I,I,I,I,9,9,9,9,9
16.133300000000002,1,2,9,2,9,1,9,9,9,1,87000,1100,3,202208,1.0195,22080110,I,I,I,I,I,I,9,9,9,9,9
20.3,1,2,9,2,9,2,9,9,9,1,96000,1200,3,202208,1.0195,22080111,R,I,R,R,R,R,9,9,9,9,9
71.9071,1,2,9,2,9,3,9,9,9,1,85000,1200,3,202208,1.0195,22080112,R,R,R,R,R,R,9,9,9,9,9
20.3,1,2,9,2,9,2,9,9,9,1,64000,1200,3,202208,1.0195,22080113,R,R,R,R,R,R,9,9,9,9,9
20.3,1,2,9,2,9,2,9,9,9,1,90000,1300,3,202208,1.0195,22080114,R,R,R,R,R,R,9,9,9,9,9
20.3,1,2,9,2,9,2,9,9,9,1,100000,1300,3,202208,1.0195,22080115,R,I,R,R,R,R,9,9,9,9,9
71.9071,1,2,9,2,9,3,9,9,9,1,86000,960,1,202208,1.0195,22080116,R,R,R,R,R,R,9,9,9,9,9
20.3,1,2,9,2,9,2,9,9,9,1,81000,960,1,202208,1.0195,22080117,I,I,I,I,I,I,9,9,9,9,9
16.133300000000002,1,2,9,2,9,1,9,9,9,1,80000,700,1,202208,1.0195,22080118,R,R,R,R,R,R,9,9,9,9,9
20.3,1,2,9,2,9,2,9,9,9,1,74000,840,3,202208,1.0195,22080119,I,I,I,I,I,I,9,9,9,9,9
71.9071,1,2,9,2,9,3,9,9,9,1,87000,1100,3,202208,1.0195,22080120,I,I,I,I,I,I,9,9,9,9,9
20.3,1,2,9,2,9,2,9,9,9,1,87000,1200,3,202208,1.0195,22080121,R,R,R,R,R,R,9,9,9,9,9
71.9071,1,2,9,2,9,3,9,9,9,1,65000,1100,3,202208,1.0195,22080122,R,R,R,R,R,R,9,9,9,9,9
20.3,1,2,9,2,9,2,9,9,9,1,70000,920,3,202208,1.0195,22080123,R,R,R,R,R,R,9,9,9,9,9
20.3,1,2,9,2,9,2,9,9,9,1,96000,1200,3,202208,1.0195,22080124,I,I,I,I,I,I,9,9,9,9,9
20.3,1,2,9,2,9,2,9,9,9,1,72000,1100,3,202208,1.0195,22080125,R,R,R,R,R,R,9,9,9,9,9
71.9071,1,2,9,2,9,3,9,9,9,1,85000,1200,3,202208,1.0195,22080126,R,R,R,R,R,R,9,9,9,9,9
1.0,3,9,9,9,9,5,9,9,9,1,9,9,9,202208,1.0195,22080127,R,9,9,9,9,9,9,9,9,9,9
1.0,3,9,9,9,9,5,9,9,9,1,9,9,9,202208,1.0195,22080128,R,9,9,9,9,9,9,9,9,9,9
1.0,3,9,9,9,9,5,9,9,9,1,9,9,9,202208,1.0195,22080129,R,9,9,9,9,9,9,9,9,9,9
1.0,3,9,9,9,9,5,9,9,9,1,9,9,9,202208,1.0195,22080130,R,9,9,9,9,9,9,9,9,9,9
1.0,3,9,9,9,9,5,9,9,9,1,9,9,9,202208,1.0195,22080131,R,9,9,9,9,9,9,9,9,9,9
1.0,3,9,9,9,9,5,9,9,9,1,9,9,9,202208,1.0195,22080132,R,9,9,9,9,9,9,9,9,9,9
1.0,3,9,9,9,9,5,9,9,9,1,9,9,9,202208,1.0195,22080133,R,9,9,9,9,9,9,9,9,9,9
1.0,3,9,9,9,9,5,9,9,9,1,9,9,9,202208,1.0195,22080134,R,9,9,9,9,9,9,9,9,9,9
1.0,3,9,9,9,9,5,9,9,9,1,9,9,9,202208,1.0195,22080135,R,9,9,9,9,9,9,9,9,9,9
1.0,3,9,9,9,9,5,9,9,9,1,9,9,9,202208,1.0195,22080136,R,9,9,9,9,9,9,9,9,9,9
1.0,3,9,9,9,9,5,9,9,9,1,9,9,9,202208,1.0195,22080137,R,9,9,9,9,9,9,9,9,9,9
1.0,3,9,9,9,9,5,9,9,9,1,9,9,9,202208,1.0195,22080138,R,9,9,9,9,9,9,9,9,9,9
1.0,3,9,9,9,9,5,9,9,9,1,9,9,9,202208,1.0195,22080139,R,9,9,9,9,9,9,9,9,9,9
1.0,3,9,9,9,9,5,9,9,9,1,9,9,9,202208,1.0195,22080140,R,9,9,9,9,9,9,9,9,9,9
1.0,3,9,9,9,9,5,9,9,9,1,9,9,9,202208,1.0195,22080141,R,9,9,9,9,9,9,9,9,9,9
1.0,3,9,9,9,9,5,9,9,9,1,9,9,9,202208,1.0195,22080142,R,9,9,9,9,9,9,9,9,9,9
1.0,3,9,9,9,9,5,9,9,9,1,9,9,9,202208,1.0195,22080143,R,9,9,9,9,9,9,9,9,9,9
1.0,3,9,9,9,9,5,9,9,9,1,9,9,9,202208,1.0195,22080144,R,9,9,9,9,9,9,9,9,9,9
1.0,3,9,9,9,9,5,9,9,9,1,9,9,9,202208,1.0195,22080145,R,9,9,9,9,9,9,9,9,9,9
1.0,3,9,9,9,9,5,9,9,9,1,9,9,9,202208,1.0195,22080146,R,9,9,9,9,9,9,9,9,9,9
1.0,3,9,9,9,9,5,9,9,9,1,9,9,9,202208,1.0195,22080147,R,9,9,9,9,9,9,9,9,9,9
1.0,3,9,9,9,9,5,9,9,9,1,9,9,9,202208,1.0195,22080148,R,9,9,9,9,9,9,9,9,9,9
1.0,3,9,9,9,9,5,9,9,9,1,9,9,9,202208,1.0195,22080149,R,9,9,9,9,9,9,9,9,9,9
1.0,3,9,9,9,9,5,9,9,9,1,9,9,9,202208,1.0195,22080150,R,9,9,9,9,9,9,9,9,9,9
1.0,3,9,9,9,9,5,9,9,9,1,9,9,9,202208,1.0195,22080151,R,9,9,9,9,9,9,9,9,9,9
1.0,3,9,9,9,9,5,9,9,9,1,9,9,9,202208,1.0195,22080152,R,9,9,9,9,9,9,9,9,9,9
1.0,3,9,9,9,9,5,9,9,9,1,9,9,9,202208,1.0195,22080153,R,9,9,9,9,9,9,9,9,9,9
1.0,3,9,9,9,9,5,9,9,9,1,9,9,9,202208,1.0195,22080154,R,9,9,9,9,9,9,9,9,9,9
1.0,3,9,9,9,9,5,9,9,9,1,9,9,9,202208,1.0195,22080155,R,9,9,9,9,9,9,9,9,9,9
1.0,3,9,9,9,9,5,9,9,9,1,9,9,9,202208,1.0195,22080156,R,9,9,9,9,9,9,9,9,9,9
1.0,3,9,9,9,9,5,9,9,9,1,9,9,9,202208,1.0195,22080157,R,9,9,9,9,9,9,9,9,9,9
1.0,3,9,9,9,9,5,9,9,9,1,9,9,9,202208,1.0195,22080158,R,9,9,9,9,9,9,9,9,9,9
1.0,3,9,9,9,9,5,9,9,9,1,9,9,9,202208,1.0195,22080159,R,9,9,9,9,9,9,9,9,9,9
1.0,3,9,9,9,9,5,9,9,9,1,9,9,9,202208,1.0195,22080160,R,9,9,9,9,9,9,9,9,9,9
1.0,3,9,9,9,9,5,9,9,9,1,9,9,9,202208,1.0195,22080161,R,9,9,9,9,9,9,9,9,9,9
1.0,3,9,9,9,9,5,9,9,9,1,9,9,9,202208,1.0195,22080162,R,9,9,9,9,9,9,9,9,9,9
1.0,3,9,9,9,9,5,9,9,9,1,9,9,9,202208,1.0195,22080163,R,9,9,9,9,9,9,9,9,9,9
1.0,3,9,9,9,9,5,9,9,9,1,9,9,9,202208,1.0195,22080164,R,9,9,9,9,9,9,9,9,9,9
1.0,3,9,9,9,9,5,9,9,9,1,9,9,9,202208,1.0195,22080165,R,9,9,9,9,9,9,9,9,9,9
1.0,3,9,9,9,9,5,9,9,9,1,9,9,9,202208,1.0195,22080166,R,9,9,9,9,9,9,9,9,9,9
1.0,3,9,9,9,9,5,9,9,9,1,9,9,9,202208,1.0195,22080167,R,9,9,9,9,9,9,9,9,9,9
1.0,3,9,9,9,9,5,9,9,9,1,9,9,9,202208,1.0195,22080168,R,9,9,9,9,9,9,9,9,9,9
1.0,3,9,9,9,9,5,9,9,9,1,9,9,9,202208,1.0195,22080169,R,9,9,9,9,9,9,9,9,9,9
1.0,3,9,9,9,9,5,9,9,9,1,9,9,9,202208,1.0195,22080170,R,9,9,9,9,9,9,9,9,9,9
1.0,3,9,9,9,9,5,9,9,9,1,9,9,9,202208,1.0195,22080171,R,9,9,9,9,9,9,9,9,9,9
1.0,3,9,9,9,9,5,9,9,9,1,9,9,9,202208,1.0195,22080172,R,9,9,9,9,9,9,9,9,9,9
1.0,3,9,9,9,9,5,9,9,9,1,9,9,9,202208,1.0195,22080173,R,9,9,9,9,9,9,9,9,9,9
1.0,3,9,9,9,9,5,9,9,9,1,9,9,9,202208,1.0195,22080174,R,9,9,9,9,9,9,9,9,9,9
1.0,3,9,9,9,9,5,9,9,9,1,9,9,9,202208,1.0195,22080175,R,9,9,9,9,9,9,9,9,9,9
1.0,3,9,9,9,9,5,9,9,9,1,9,9,9,202208,1.0195,22080176,R,9,9,9,9,9,9,9,9,9,9
1.0,3,9,9,9,9,5,9,9,9,1,9,9,9,202208,1.0195,22080177,R,9,9,9,9,9,9,9,9,9,9
1.0,3,9,9,9,9,5,9,9,9,1,9,9,9,202208,1.0195,22080178,R,9,9,9,9,9,9,9,9,9,9
1.0,3,9,9,9,9,5,9,9,9,1,9,9,9,202208,1.0195,22080179,R,9,9,9,9,9,9,9,9,9,9
1.0,3,9,9,9,9,5,9,9,9,1,9,9,9,202208,1.0195,22080180,R,9,9,9,9,9,9,9,9,9,9
1.0,3,9,9,9,9,5,9,9,9,1,9,9,9,202208,1.0195,22080181,R,9,9,9,9,9,9,9,9,9,9
1.0,3,9,9,9,9,5,9,9,9,1,9,9,9,202208,1.0195,22080182,R,9,9,9,9,9,9,9,9,9,9
1.0,3,9,9,9,9,5,9,9,9,1,9,9,9,202208,1.0195,22080183,R,9,9,9,9,9,9,9,9,9,9
1.0,3,9,9,9,9,5,9,9,9,1,9,9,9,202208,1.0195,22080184,R,9,9,9,9,9,9,9,9,9,9
1.0,3,9,9,9,9,5,9,9,9,1,9,9,9,202208,1.0195,22080185,R,9,9,9,9,9,9,9,9,9,9
1.0,3,9,9,9,9,5,9,9,9,1,9,9,9,202208,1.0195,22080186,R,9,9,9,9,9,9,9,9,9,9
1.0,3,9,9,9,9,5,9,9,9,1,9,9,9,202208,1.0195,22080187,R,9,9,9,9,9,9,9,9,9,9
1.0,3,9,9,9,9,5,9,9,9,1,9,9,9,202208,1.0195,22080188,R,9,9,9,9,9,9,9,9,9,9
1.0,3,9,9,9,9,5,9,9,9,1,9,9,9,202208,1.0195,22080189,R,9,9,9,9,9,9,9,9,9,9
1.0,3,9,9,9,9,5,9,9,9,1,9,9,9,202208,1.0195,22080190,R,9,9,9,9,9,9,9,9,9,9
1.0,3,9,9,9,9,5,9,9,9,1,9,9,9,202208,1.0195,22080191,R,9,9,9,9,9,9,9,9,9,9
1.0,3,9,9,9,9,5,9,9,9,1,9,9,9,202208,1.0195,22080192,R,9,9,9,9,9,9,9,9,9,9
1.0,3,9,9,9,9,5,9,9,9,1,9,9,9,202208,1.0195,22080193,R,9,9,9,9,9,9,9,9,9,9
1.0,3,9,9,9,9,5,9,9,9,1,9,9,9,202208,1.0195,22080194,R,9,9,9,9,9,9,9,9,9,9
1.0,3,9,9,9,9,5,9,9,9,1,9,9,9,202208,1.0195,22080195,R,9,9,9,9,9,9,9,9,9,9
1.0,3,9,9,9,9,5,9,9,9,1,9,9,9,202208,1.0195,22080196,R,9,9,9,9,9,9,9,9,9,9
1.0,3,9,9,9,9,5,9,9,9,1,9,9,9,202208,1.0195,22080197,R,9,9,9,9,9,9,9,9,9,9
1.0,3,9,9,9,9,5,9,9,9,1,9,9,9,202208,1.0195,22080198,R,9,9,9,9,9,9,9,9,9,9
1.0,3,9,9,9,9,5,9,9,9,1,9,9,9,202208,1.0195,22080199,R,9,9,9,9,9,9,9,9,9,9
1.0,3,9,9,9,9,5,9,9,9,1,9,9,9,202208,1.0195,22080200,R,9,9,9,9,9,9,9,9,9,9
1.0,3,9,9,9,9,5,9,9,9,1,9,9,9,202208,1.0195,22080201,R,9,9,9,9,9,9,9,9,9,9
1.0,3,9,9,9,9,5,9,9,9,1,9,9,9,202208,1.0195,22080202,R,9,9,9,9,9,9,9,9,9,9
1.0,3,9,9,9,9,5,9,9,9,1,9,9,9,202208,1.0195,22080203,R,9,9,9,9,9,9,9,9,9,9
1.0,3,9,9,9,9,5,9,9,9,1,9,9,9,202208,1.0195,22080204,R,9,9,9,9,9,9,9,9,9,9
1.0,3,9,9,9,9,5,9,9,9,1,9,9,9,202208,1.0195,22080205,R,9,9,9,9,9,9,9,9,9,9
1.0,3,9,9,9,9,5,9,9,9,1,9,9,9,202208,1.0195,22080206,R,9,9,9,9,9,9,9,9,9,9
1.0,3,9,9,9,9,5,9,9,9,1,9,9,9,202208,1.0195,22080207,R,9,9,9,9,9,9,9,9,9,9
1.0,3,9,9,9,9,5,9,9,9,1,9,9,9,202208,1.0195,22080208,R,9,9,9,9,9,9,9,9,9,9
1.0,3,9,9,9,9,5,9,9,9,1,9,9,9,202208,1.0195,22080209,R,9,9,9,9,9,9,9,9,9,9
1.0,3,9,9,9,9,5,9,9,9,1,9,9,9,202208,1.0195,22080210,R,9,9,9,9,9,9,9,9,9,9
1.0,3,9,9,9,9,5,9,9,9,1,9,9,9,202208,1.0195,22080211,R,9,9,9,9,9,9,9,9,9,9
1.0,3,9,9,9,9,5,9,9,9,1,9,9,9,202208,1.0195,22080212,R,9,9,9,9,9,9,9,9,9,9
1.0,3,9,9,9,9,5,9,9,9,1,9,9,9,202208,1.0195,22080213,R,9,9,9,9,9,9,9,9,9,9
1.0,3,9,9,9,9,5,9,9,9,1,9,9,9,202208,1.0195,22080214,R,9,9,9,9,9,9,9,9,9,9
1.0,3,9,9,9,9,5,9,9,9,1,9,9,9,202208,1.0195,22080215,R,9,9,9,9,9,9,9,9,9,9
1.0,3,9,9,9,9,5,9,9,9,1,9,9,9,202208,1.0195,22080216,R,9,9,9,9,9,9,9,9,9,9
1.0,3,9,9,9,9,5,9,9,9,1,9,9,9,202208,1.0195,22080217,R,9,9,9,9,9,9,9,9,9,9
1.0,3,9,9,9,9,5,9,9,9,1,9,9,9,202208,1.0195,22080218,R,9,9,9,9,9,9,9,9,9,9
1.0,3,9,9,9,9,5,9,9,9,1,9,9,9,202208,1.0195,22080219,R,9,9,9,9,9,9,9,9,9,9
1.0,3,9,9,9,9,5,9,9,9,1,9,9,9,202208,1.0195,22080220,R,9,9,9,9,9,9,9,9,9,9
1.0,3,9,9,9,9,5,9,9,9,1,9,9,9,202208,1.0195,22080221,R,9,9,9,9,9,9,9,9,9,9
1.0,3,9,9,9,9,5,9,9,9,1,9,9,9,202208,1.0195,22080222,R,9,9,9,9,9,9,9,9,9,9
1.0,3,9,9,9,9,5,9,9,9,1,9,9,9,202208,1.0195,22080223,R,9,9,9,9,9,9,9,9,9,9
1.0,3,9,9,9,9,5,9,9,9,1,9,9,9,202208,1.0195,22080224,R,9,9,9,9,9,9,9,9,9,9
1.0,3,9,9,9,9,5,9,9,9,1,9,9,9,202208,1.0195,22080225,R,9,9,9,9,9,9,9,9,9,9
1.0,3,9,9,9,9,5,9,9,9,1,9,9,9,202208,1.0195,22080226,R,9,9,9,9,9,9,9,9,9,9
1.0,3,9,9,9,9,5,9,9,9,1,9,9,9,202208,1.0195,22080227,R,9,9,9,9,9,9,9,9,9,9
1.0,3,9,9,9,9,5,9,9,9,1,9,9,9,202208,1.0195,22080228,R,9,9,9,9,9,9,9,9,9,9
1.0,3,9,9,9,9,5,9,9,9,1,9,9,9,202208,1.0195,22080229,R,9,9,9,9,9,9,9,9,9,9
1.0,3,9,9,9,9,5,9,9,9,1,9,9,9,202208,1.0195,22080230,R,9,9,9,9,9,9,9,9,9,9
1.0,3,9,9,9,9,5,9,9,9,1,9,9,9,202208,1.0195,22080231,R,9,9,9,9,9,9,9,9,9,9
1.0,3,9,9,9,9,5,9,9,9,1,9,9,9,202208,1.0195,22080232,R,9,9,9,9,9,9,9,9,9,9
1.0,3,9,9,9,9,5,9,9,9,1,9,9,9,202208,1.0195,22080233,R,9,9,9,9,9,9,9,9,9,9
1.0,3,9,9,9,9,5,9,9,9,1,9,9,9,202208,1.0195,22080234,R,9,9,9,9,9,9,9,9,9,9
1.0,3,9,9,9,9,5,9,9,9,1,9,9,9,202208,1.0195,22080235,R,9,9,9,9,9,9,9,9,9,9
1.0,3,9,9,9,9,5,9,9,9,1,9,9,9,202208,1.0195,22080236,R,9,9,9,9,9,9,9,9,9,9
1.0,3,9,9,9,9,5,9,9,9,1,9,9,9,202208,1.0195,22080237,R,9,9,9,9,9,9,9,9,9,9
1.0,3,9,9,9,9,5,9,9,9,1,9,9,9,202208,1.0195,22080238,R,9,9,9,9,9,9,9,9,9,9
1.0,3,9,9,9,9,5,9,9,9,1,9,9,9,202208,1.0195,22080239,R,9,9,9,9,9,9,9,9,9,9
1.0,3,9,9,9,9,5,9,9,9,1,9,9,9,202208,1.0195,22080240,R,9,9,9,9,9,9,9,9,9,9
1.0,3,9,9,9,9,5,9,9,9,1,9,9,9,202208,1.0195,22080241,R,9,9,9,9,9,9,9,9,9,9
1.0,3,9,9,9,9,5,9,9,9,1,9,9,9,202208,1.0195,22080242,R,9,9,9,9,9,9,9,9,9,9
1.0,3,9,9,9,9,5,9,9,9,1,9,9,9,202208,1.0195,22080243,R,9,9,9,9,9,9,9,9,9,9
1.0,3,9,9,9,9,5,9,9,9,1,9,9,9,202208,1.0195,22080244,R,9,9,9,9,9,9,9,9,9,9
1.0,3,9,9,9,9,5,9,9,9,1,9,9,9,202208,1.0195,22080245,R,9,9,9,9,9,9,9,9,9,9
1.0,3,9,9,9,9,5,9,9,9,1,9,9,9,202208,1.0195,22080246,R,9,9,9,9,9,9,9,9,9,9
1.0,3,9,9,9,9,5,9,9,9,1,9,9,9,202208,1.0195,22080247,R,9,9,9,9,9,9,9,9,9,9
1.0,3,9,9,9,9,5,9,9,9,1,9,9,9,202208,1.0195,22080248,R,9,9,9,9,9,9,9,9,9,9
1.0,3,9,9,9,9,5,9,9,9,1,9,9,9,202208,1.0195,22080249,R,9,9,9,9,9,9,9,9,9,9
1.0,3,9,9,9,9,5,9,9,9,1,9,9,9,202208,1.0195,22080250,R,9,9,9,9,9,9,9,9,9,9
1.0,3,9,9,9,9,5,9,9,9,1,9,9,9,202208,1.0195,22080251,R,9,9,9,9,9,9,9,9,9,9
1.0,3,9,9,9,9,5,9,9,9,1,9,9,9,202208,1.0195,22080252,R,9,9,9,9,9,9,9,9,9,9
1.0,3,9,9,9,9,5,9,9,9,1,9,9,9,202208,1.0195,22080253,R,9,9,9,9,9,9,9,9,9,9
1.0,3,9,9,9,9,5,9,9,9,1,9,9,9,202208,1.0195,22080254,R,9,9,9,9,9,9,9,9,9,9
1.0,3,9,9,9,9,5,9,9,9,1,9,9,9,202208,1.0195,22080255,R,9,9,9,9,9,9,9,9,9,9
1.0,3,9,9,9,9,5,9,9,9,1,9,9,9,202208,1.0195,22080256,R,9,9,9,9,9,9,9,9,9,9
1.0,3,9,9,9,9,5,9,9,9,1,9,9,9,202208,1.0195,22080257,R,9,9,9,9,9,9,9,9,9,9
1.0,3,9,9,9,9,5,9,9,9,1,9,9,9,202208,1.0195,22080258,R,9,9,9,9,9,9,9,9,9,9
1.0,3,9,9,9,9,5,9,9,9,1,9,9,9,202208,1.0195,22080259,R,9,9,9,9,9,9,9,9,9,9
1.0,3,9,9,9,9,5,9,9,9,1,9,9,9,202208,1.0195,22080260,R,9,9,9,9,9,9,9,9,9,9
1.0,3,9,9,9,9,5,9,9,9,1,9,9,9,202208,1.0195,22080261,R,9,9,9,9,9,9,9,9,9,9
1.0,3,9,9,9,9,5,9,9,9,1,9,9,9,202208,1.0195,22080262,R,9,9,9,9,9,9,9,9,9,9
1.0,3,9,9,9,9,5,9,9,9,1,9,9,9,202208,1.0195,22080263,R,9,9,9,9,9,9,9,9,9,9
1.0,3,9,9,9,9,5,9,9,9,1,9,9,9,202208,1.0195,22080264,R,9,9,9,9,9,9,9,9,9,9
1.0,3,9,9,9,9,5,9,9,9,1,9,9,9,202208,1.0195,22080265,R,9,9,9,9,9,9,9,9,9,9
1.0,3,9,9,9,9,5,9,9,9,1,9,9,9,202208,1.0195,22080266,R,9,9,9,9,9,9,9,9,9,9
1.0,3,9,9,9,9,5,9,9,9,1,9,9,9,202208,1.0195,22080267,R,9,9,9,9,9,9,9,9,9,9
1.0,3,9,9,9,9,5,9,9,9,1,9,9,9,202208,1.0195,22080268,R,9,9,9,9,9,9,9,9,9,9
1.0,3,9,9,9,9,5,9,9,9,1,9,9,9,202208,1.0195,22080269,R,9,9,9,9,9,9,9,9,9,9
1.0,3,9,9,9,9,5,9,9,9,1,9,9,9,202208,1.0195,22080270,R,9,9,9,9,9,9,9,9,9,9
1.0,3,9,9,9,9,5,9,9,9,1,9,9,9,202208,1.0195,22080271,R,9,9,9,9,9,9,9,9,9,9
1.0,3,9,9,9,9,5,9,9,9,1,9,9,9,202208,1.0195,22080272,R,9,9,9,9,9,9,9,9,9,9
1.0,3,9,9,9,9,5,9,9,9,1,9,9,9,202208,1.0195,22080273,R,9,9,9,9,9,9,9,9,9,9
1.0,3,9,9,9,9,5,9,9,9,1,9,9,9,202208,1.0195,22080274,R,9,9,9,9,9,9,9,9,9,9
1.0,3,9,9,9,9,5,9,9,9,1,9,9,9,202208,1.0195,22080275,R,9,9,9,9,9,9,9,9,9,9
1.0,3,9,9,9,9,5,9,9,9,1,9,9,9,202208,1.0195,22080276,R,9,9,9,9,9,9,9,9,9,9
1.0,3,9,9,9,9,5,9,9,9,1,9,9,9,202208,1.0195,22080277,R,9,9,9,9,9,9,9,9,9,9
1.0,3,9,9,9,9,5,9,9,9,1,9,9,9,202208,1.0195,22080278,R,9,9,9,9,9,9,9,9,9,9
1.0,3,9,9,9,9,5,9,9,9,1,9,9,9,202208,1.0195,22080279,R,9,9,9,9,9,9,9,9,9,9
1.0,3,9,9,9,9,5,9,9,9,1,9,9,9,202208,1.0195,22080280,R,9,9,9,9,9,9,9,9,9,9
1.0,3,9,9,9,9,5,9,9,9,1,9,9,9,202208,1.0195,22080281,R,9,9,9,9,9,9,9,9,9,9
1.0,3,9,9,9,9,5,9,9,9,1,9,9,9,202208,1.0195,22080282,R,9,9,9,9,9,9,9,9,9,9
1.0,3,9,9,9,9,5,9,9,9,1,9,9,9,202208,1.0195,22080283,R,9,9,9,9,9,9,9,9,9,9
1.0,3,9,9,9,9,5,9,9,9,1,9,9,9,202208,1.0195,22080284,R,9,9,9,9,9,9,9,9,9,9
1.0,3,9,9,9,9,5,9,9,9,1,9,9,9,202208,1.0195,22080285,R,9,9,9,9,9,9,9,9,9,9
1.0,3,9,9,9,9,5,9,9,9,1,9,9,9,202208,1.0195,22080286,R,9,9,9,9,9,9,9,9,9,9
1.0,3,9,9,9,9,5,9,9,9,1,9,9,9,202208,1.0195,22080287,R,9,9,9,9,9,9,9,9,9,9
1.0,3,9,9,9,9,5,9,9,9,1,9,9,9,202208,1.0195,22080288,R,9,9,9,9,9,9,9,9,9,9
1.0,3,9,9,9,9,5,9,9,9,1,9,9,9,202208,1.0195,22080289,R,9,9,9,9,9,9,9,9,9,9
1.0,3,9,9,9,9,5,9,9,9,1,9,9,9,202208,1.0195,22080290,R,9,9,9,9,9,9,9,9,9,9
1.0,3,9,9,9,9,5,9,9,9,1,9,9,9,202208,1.0195,22080291,R,9,9,9,9,9,9,9,9,9,9
1.0,3,9,9,9,9,5,9,9,9,1,9,9,9,202208,1.0195,22080292,R,9,9,9,9,9,9,9,9,9,9
1.0,3,9,9,9,9,5,9,9,9,1,9,9,9,202208,1.0195,22080293,R,9,9,9,9,9,9,9,9,9,9
1.0,3,9,9,9,9,5,9,9,9,1,9,9,9,202208,1.0195,22080294,R,9,9,9,9,9,9,9,9,9,9
1.0,3,9,9,9,9,5,9,9,9,1,9,9,9,202208,1.0195,22080295,R,9,9,9,9,9,9,9,9,9,9
1.0,3,9,9,9,9,5,9,9,9,1,9,9,9,202208,1.0195,22080296,R,9,9,9,9,9,9,9,9,9,9
1.0,3,9,9,9,9,5,9,9,9,1,9,9,9,202208,1.0195,22080297,R,9,9,9,9,9,9,9,9,9,9
1.0,3,9,9,9,9,5,9,9,9,1,9,9,9,202208,1.0195,22080298,R,9,9,9,9,9,9,9,9,9,9
1.0,3,9,9,9,9,5,9,9,9,1,9,9,9,202208,1.0195,22080299,R,9,9,9,9,9,9,9,9,9,9
1.0,3,9,9,9,9,5,9,9,9,1,9,9,9,202208,1.0195,22080300,R,9,9,9,9,9,9,9,9,9,9
1.0,3,9,9,9,9,5,9,9,9,1,9,9,9,202208,1.0195,22080301,R,9,9,9,9,9,9,9,9,9,9
1.0,3,9,9,9,9,5,9,9,9,1,9,9,9,202208,1.0195,22080302,R,9,9,9,9,9,9,9,9,9,9
1.0,3,9,9,9,9,5,9,9,9,1,9,9,9,202208,1.0195,22080303,R,9,9,9,9,9,9,9,9,9,9
1.0,3,9,9,9,9,5,9,9,9,1,9,9,9,202208,1.0195,22080304,R,9,9,9,9,9,9,9,9,9,9
1.0,3,9,9,9,9,5,9,9,9,1,9,9,9,202208,1.0195,22080305,R,9,9,9,9,9,9,9,9,9,9
1.0,3,9,9,9,9,5,9,9,9,1,9,9,9,202208,1.0195,22080306,R,9,9,9,9,9,9,9,9,9,9
1.0,3,9,9,9,9,5,9,9,9,1,9,9,9,202208,1.0195,22080307,R,9,9,9,9,9,9,9,9,9,9
1.0,3,9,9,9,9,5,9,9,9,1,9,9,9,202208,1.0195,22080308,R,9,9,9,9,9,9,9,9,9,9
1.0,3,9,9,9,9,5,9,9,9,1,9,9,9,202208,1.0195,22080309,R,9,9,9,9,9,9,9,9,9,9
1.0,3,9,9,9,9,5,9,9,9,1,9,9,9,202208,1.0195,22080310,R,9,9,9,9,9,9,9,9,9,9
1.0,3,9,9,9,9,5,9,9,9,1,9,9,9,202208,1.0195,22080311,R,9,9,9,9,9,9,9,9,9,9
1.0,3,9,9,9,9,5,9,9,9,1,9,9,9,202208,1.0195,22080312,R,9,9,9,9,9,9,9,9,9,9
1.0,3,9,9,9,9,5,9,9,9,1,9,9,9,202208,1.0195,22080313,R,9,9,9,9,9,9,9,9,9,9
1.0,3,9,9,9,9,5,9,9,9,1,9,9,9,202208,1.0195,22080314,R,9,9,9,9,9,9,9,9,9,9
1.0,3,9,9,9,9,5,9,9,9,1,9,9,9,202208,1.0195,22080315,R,9,9,9,9,9,9,9,9,9,9
1.0,3,9,9,9,9,5,9,9,9,1,9,9,9,202208,1.0195,22080316,R,9,9,9,9,9,9,9,9,9,9
1.0,3,9,9,9,9,5,9,9,9,1,9,9,9,202208,1.0195,22080317,R,9,9,9,9,9,9,9,9,9,9
1.0,3,9,9,9,9,5,9,9,9,1,9,9,9,202208,1.0195,22080318,R,9,9,9,9,9,9,9,9,9,9
1.0,3,9,9,9,9,5,9,9,9,1,9,9,9,202208,1.0195,22080319,R,9,9,9,9,9,9,9,9,9,9
1.0,3,9,9,9,9,5,9,9,9,1,9,9,9,202208,1.0195,22080320,R,9,9,9,9,9,9,9,9,9,9
1.0,3,9,9,9,9,5,9,9,9,1,9,9,9,202208,1.0195,22080321,R,9,9,9,9,9,9,9,9,9,9
1.0,3,9,9,9,9,5,9,9,9,1,9,9,9,202208,1.0195,22080322,R,9,9,9,9,9,9,9,9,9,9
1.0,3,9,9,9,9,5,9,9,9,1,9,9,9,202208,1.0195,22080323,R,9,9,9,9,9,9,9,9,9,9
1.0,3,9,9,9,9,5,9,9,9,1,9,9,9,202208,1.0195,22080324,R,9,9,9,9,9,9,9,9,9,9
20.3,3,9,9,9,9,5,9,9,9,1,9,9,9,202208,1.0195,22080325,I,9,9,9,9,9,9,9,9,9,9
1.0,3,9,9,9,9,5,9,9,9,1,9,9,9,202208,1.0195,22080326,R,9,9,9,9,9,9,9,9,9,9
1.0,3,9,9,9,9,5,9,9,9,1,9,9,9,202208,1.0195,22080327,R,9,9,9,9,9,9,9,9,9,9
1.0,3,9,9,9,9,5,9,9,9,1,9,9,9,202208,1.0195,22080328,R,9,9,9,9,9,9,9,9,9,9
1.0,3,9,9,9,9,5,9,9,9,1,9,9,9,202208,1.0195,22080329,R,9,9,9,9,9,9,9,9,9,9
1.0,3,9,9,9,9,5,9,9,9,1,9,9,9,202208,1.0195,22080330,R,9,9,9,9,9,9,9,9,9,9
1.0,3,9,9,9,9,5,9,9,9,1,9,9,9,202208,1.0195,22080331,R,9,9,9,9,9,9,9,9,9,9
1.0,3,9,9,9,9,5,9,9,9,1,9,9,9,202208,1.0195,22080332,R,9,9,9,9,9,9,9,9,9,9
1.0,3,9,9,9,9,5,9,9,9,1,9,9,9,202208,1.0195,22080333,R,9,9,9,9,9,9,9,9,9,9
1.0,3,9,9,9,9,5,9,9,9,1,9,9,9,202208,1.0195,22080334,R,9,9,9,9,9,9,9,9,9,9
1.0,3,9,9,9,9,5,9,9,9,1,9,9,9,202208,1.0195,22080335,R,9,9,9,9,9,9,9,9,9,9
1.0,3,9,9,9,9,5,9,9,9,1,9,9,9,202208,1.0195,22080336,R,9,9,9,9,9,9,9,9,9,9
1.0,3,9,9,9,9,5,9,9,9,1,9,9,9,202208,1.0195,22080337,R,9,9,9,9,9,9,9,9,9,9
1.0,3,9,9,9,9,5,9,9,9,1,9,9,9,202208,1.0195,22080338,R,9,9,9,9,9,9,9,9,9,9
1.0,3,9,9,9,9,5,9,9,9,1,9,9,9,202208,1.0195,22080339,R,9,9,9,9,9,9,9,9,9,9
1.0,3,9,9,9,9,5,9,9,9,1,9,9,9,202208,1.0195,22080340,R,9,9,9,9,9,9,9,9,9,9
1.0,3,9,9,9,9,5,9,9,9,1,9,9,9,202208,1.0195,22080341,R,9,9,9,9,9,9,9,9,9,9
1.0,3,9,9,9,9,5,9,9,9,1,9,9,9,202208,1.0195,22080342,R,9,9,9,9,9,9,9,9,9,9
1.0,3,9,9,9,9,5,9,9,9,1,9,9,9,202208,1.0195,22080343,R,9,9,9,9,9,9,9,9,9,9
1.0,3,9,9,9,9,5,9,9,9,1,9,9,9,202208,1.0195,22080344,R,9,9,9,9,9,9,9,9,9,9
1.0,3,9,9,9,9,5,9,9,9,1,9,9,9,202208,1.0195,22080345,R,9,9,9,9,9,9,9,9,9,9
1.0,3,9,9,9,9,5,9,9,9,1,9,9,9,202208,1.0195,22080346,R,9,9,9,9,9,9,9,9,9,9
1.0,3,9,9,9,9,5,9,9,9,1,9,9,9,202208,1.0195,22080347,R,9,9,9,9,9,9,9,9,9,9
1.0,3,9,9,9,9,5,9,9,9,1,9,9,9,202208,1.0195,22080348,R,9,9,9,9,9,9,9,9,9,9
1.0,3,9,9,9,9,5,9,9,9,1,9,9,9,202208,1.0195,22080349,R,9,9,9,9,9,9,9,9,9,9
1.0,3,9,9,9,9,5,9,9,9,1,9,9,9,202208,1.0195,22080350,R,9,9,9,9,9,9,9,9,9,9
1.0,3,9,9,9,9,5,9,9,9,1,9,9,9,202208,1.0195,22080351,R,9,9,9,9,9,9,9,9,9,9
1.0,3,9,9,9,9,5,9,9,9,1,9,9,9,202208,1.0195,22080352,R,9,9,9,9,9,9,9,9,9,9
1.0,3,9,9,9,9,5,9,9,9,1,9,9,9,202208,1.0195,22080353,R,9,9,9,9,9,9,9,9,9,9
1.0,3,9,9,9,9,5,9,9,9,1,9,9,9,202208,1.0195,22080354,R,9,9,9,9,9,9,9,9,9,9
1.0,3,9,9,9,9,5,9,9,9,1,9,9,9,202208,1.0195,22080355,R,9,9,9,9,9,9,9,9,9,9
1.0,3,9,9,9,9,5,9,9,9,1,9,9,9,202208,1.0195,22080356,R,9,9,9,9,9,9,9,9,9,9
1.0,3,9,9,9,9,5,9,9,9,1,9,9,9,202208,1.0195,22080357,R,9,9,9,9,9,9,9,9,9,9
1.0,3,9,9,9,9,5,9,9,9,1,9,9,9,202208,1.0195,22080358,R,9,9,9,9,9,9,9,9,9,9
1.0,3,9,9,9,9,5,9,9,9,1,9,9,9,202208,1.0195,22080359,R,9,9,9,9,9,9,9,9,9,9
1.0,3,9,9,9,9,5,9,9,9,1,9,9,9,202208,1.0195,22080360,R,9,9,9,9,9,9,9,9,9,9
1.0,3,9,9,9,9,5,9,9,9,1,9,9,9,202208,1.0195,22080361,R,9,9,9,9,9,9,9,9,9,9
1.0,3,9,9,9,9,5,9,9,9,1,9,9,9,202208,1.0195,22080362,R,9,9,9,9,9,9,9,9,9,9
1.0,3,9,9,9,9,5,9,9,9,1,9,9,9,202208,1.0195,22080363,R,9,9,9,9,9,9,9,9,9,9
13.157900000000001,2,1,3,2,3,4,1,1,2,2,140000,1300,3,202208,1.0361,22080364,I,I,I,I,I,I,I,I,I,I,I
8.7719,2,1,3,2,2,5,1,1,2,3,240000,2700,3,202208,1.0361,22080365,R,R,R,R,R,R,R,R,R,R,R
13.157900000000001,2,1,3,2,3,4,1,2,1,2,140000,1300,1,202208,1.0361,22080366,I,I,I,I,I,I,I,I,I,I,I
13.157900000000001,2,1,3,2,1,4,1,1,2,2,150000,1500,3,202208,1.0361,22080367,R,I,I,I,I,R,I,I,R,I,I
13.157900000000001,2,1,4,2,1,4,3,1,2,2,200000,2200,3,202208,1.0361,22080368,I,I,I,I,I,I,I,I,I,I,I
13.157900000000001,2,1,4,2,1,4,3,1,2,2,150000,1500,3,202208,1.0361,22080369,I,I,I,I,I,I,I,I,I,I,I
13.157900000000001,2,1,5,2,1,4,3,2,2,2,190000,1500,3,202208,1.0361,22080370,R,R,R,R,R,R,R,I,I,R,I
13.157900000000001,2,1,3,2,1,4,3,1,2,2,150000,1500,3,202208,1.0361,22080371,I,I,I,I,I,I,I,I,I,I,I
13.157900000000001,2,1,3,2,3,4,3,1,2,2,130000,1200,3,202208,1.0361,22080372,R,I,I,I,R,R,I,I,R,I,I
13.157900000000001,2,1,3,2,2,4,3,1,2,2,96000,1200,3,202208,1.0361,22080373,R,R,R,R,R,R,R,I,R,I,I
13.157900000000001,1,1,4,1,1,4,3,2,1,2,9,1300,3,202208,1.0361,22080374,I,9,I,I,I,I,I,I,I,I,I
13.157900000000001,2,1,3,2,3,4,3,2,1,2,250000,1800,3,202208,1.0361,22080375,R,R,R,R,R,R,R,R,R,R,R
13.157900000000001,1,1,4,2,1,4,3,1,2,2,210000,1200,1,202208,1.0361,22080376,R,R,R,R,R,R,R,R,R,R,R
13.157900000000001,2,1,4,2,3,4,3,1,2,2,200000,1600,3,202208,1.0361,22080377,R,R,R,R,R,R,R,R,R,R,R
13.157900000000001,1,1,3,2,1,4,3,1,2,2,180000,1300,3,202208,1.0361,22080378,R,R,R,R,R,R,R,R,R,R,R
13.157900000000001,1,1,3,2,1,4,3,1,2,2,250000,1200,1,202208,1.0361,22080379,R,R,R,R,R,R,R,R,R,R,R
13.157900000000001,2,1,5,2,2,4,4,3,2,2,150000,1600,3,202208,1.0361,22080380,R,I,R,R,R,R,R,R,R,R,R
35.9536,1,1,3,2,3,3,1,1,2,2,110000,1600,3,202208,1.0361,22080381,R,R,R,R,R,R,I,R,R,R,R
13.157900000000001,2,1,3,2,1,4,3,1,1,2,180000,1400,3,202208,1.0361,22080382,R,R,R,R,R,R,I,I,I,I,I
13.157900000000001,2,1,4,2,1,4,3,1,3,2,140000,1300,3,202208,1.0361,22080383,I,I,I,I,I,I,I,I,I,I,I
13.157900000000001,2,1,5,2,2,4,4,3,1,2,140000,1300,3,202208,1.0361,22080384,R,I,R,R,R,R,I,R,R,R,R
13.157900000000001,2,1,3,2,2,4,3,2,1,2,200000,1300,1,202208,1.0361,22080385,R,R,I,I,R,R,R,R,R,R,R
13.157900000000001,2,1,5,2,1,4,3,1,2,2,140000,1300,1,202208,1.0361,22080386,I,I,I,I,I,I,I,I,I,I,I
13.157900000000001,2,1,4,2,1,4,3,1,1,2,170000,1800,3,202208,1.0361,22080387,I,I,I,I,I,I,I,I,I,I,I
13.157900000000001,1,1,3,2,2,4,3,2,1,2,190000,1600,3,202208,1.0361,22080388,R,R,R,R,R,R,R,R,R,R,R
13.157900000000001,2,1,4,2,3,4,3,1,3,2,130000,1200,3,202208,1.0361,22080389,R,R,R,R,R,R,R,R,R,R,R
13.157900000000001,2,1,4,2,1,4,3,1,2,2,180000,1300,3,202208,1.0361,22080390,R,R,R,R,I,I,R,I,I,I,I
13.157900000000001,1,1,3,1,1,4,1,1,2,2,9,1300,3,202208,1.0361,22080391,R,9,R,R,R,R,I,I,R,I,I
13.157900000000001,2,1,4,2,1,4,4,1,2,2,300000,1600,3,202208,1.0361,22080392,R,R,R,R,R,R,R,R,R,R,R
13.157900000000001,2,1,4,2,1,4,4,1,2,2,300000,1600,3,202208,1.0361,22080393,R,R,R,R,R,R,R,R,R,R,R
8.0667,2,1,3,2,2,1,1,1,2,2,130000,1300,3,202208,1.0361,22080394,R,R,R,R,R,R,R,R,R,R,R
23.969,1,1,3,2,3,5,1,1,2,3,240000,3100,3,202208,1.0361,22080395,I,I,I,I,I,I,I,I,I,I,I
35.9536,2,1,4,2,2,3,1,1,1,2,87000,1100,3,202208,1.0361,22080396,R,R,R,R,R,R,R,R,R,R,R
35.9536,2,1,4,2,3,3,1,2,2,2,150000,1600,3,202208,1.0361,22080397,I,I,I,I,I,I,I,I,I,I,I
35.9536,2,1,4,2,3,3,1,1,2,2,150000,1500,3,202208,1.0361,22080398,R,R,R,R,R,R,R,R,R,R,R
35.9536,2,1,4,2,3,3,1,1,2,2,140000,1500,3,202208,1.0361,22080399,R,R,R,R,R,R,R,R,R,R,R
35.9536,2,1,4,2,3,3,1,1,1,2,200000,2500,3,202208,1.0361,22080400,I,I,I,I,I,I,I,I,I,I,I
35.9536,2,1,5,2,3,3,1,1,2,2,120000,1100,1,202208,1.0361,22080401,I,I,I,I,I,I,I,I,I,I,I
35.9536,1,1,4,2,3,3,1,1,2,2,190000,2300,3,202208,1.0361,22080402,I,I,I,I,I,I,I,I,I,I,I
35.9536,2,1,4,2,3,3,1,1,2,2,240000,2200,3,202208,1.0361,22080403,R,R,R,R,R,R,R,R,R,R,R
35.9536,2,1,4,2,3,3,1,1,3,2,220000,2300,3,202208,1.0361,22080404,R,R,R,R,R,R,I,R,R,R,R
35.9536,1,1,3,2,1,3,1,1,3,2,170000,1300,1,202208,1.0361,22080405,R,R,R,R,R,R,R,R,R,R,R
35.9536,2,1,3,2,3,3,1,2,1,2,160000,1900,3,202208,1.0361,22080406,R,R,R,R,R,R,R,R,R,R,R
13.157900000000001,2,1,3,2,1,4,3,1,1,2,160000,1600,3,202208,1.0361,22080407,I,I,I,I,I,I,I,I,I,I,I
10.15,2,1,3,2,2,2,1,1,2,2,190000,2200,3,202208,1.0361,22080408,R,I,R,R,R,R,R,R,R,R,R
10.15,1,1,5,2,1,2,4,2,2,2,130000,1500,3,202208,1.0361,22080409,R,R,R,R,R,R,R,R,R,R,R
10.15,1,1,3,2,1,2,1,1,2,2,110000,1500,3,202208,1.0361,22080410,R,R,R,R,R,R,R,R,R,R,R
10.15,2,1,3,2,3,2,1,1,1,2,150000,1500,3,202208,1.0361,22080411,R,R,R,R,R,R,R,R,R,R,R
10.15,2,1,3,2,3,2,1,2,1,2,250000,2100,3,202208,1.0361,22080412,R,R,R,R,R,R,R,R,R,R,R
10.15,2,1,3,2,3,2,4,1,1,2,150000,1800,3,202208,1.0361,22080413,R,R,R,R,R,R,R,R,R,R,R
10.15,2,1,3,2,1,2,1,1,2,2,160000,1700,3,202208,1.0361,22080414,I,I,I,I,I,I,I,I,I,I,I
35.9536,2,1,3,2,3,3,1,1,2,2,140000,2000,3,202208,1.0361,22080415,R,R,R,R,R,R,R,R,R,R,R
35.9536,2,1,3,2,3,3,1,1,2,2,170000,1900,3,202208,1.0361,22080416,I,I,I,I,I,I,I,I,I,I,I
35.9536,2,1,3,2,3,3,1,1,2,2,120000,1700,3,202208,1.0361,22080417,R,R,R,R,R,R,R,R,R,R,R
35.9536,2,1,3,2,3,3,2,1,2,2,130000,2500,3,202208,1.0361,22080418,R,R,R,R,R,R,R,R,R,R,R
10.15,2,1,3,2,1,2,1,1,2,2,150000,1600,3,202208,1.0361,22080419,I,I,I,I,I,I,I,I,I,I,I
10.15,1,1,5,2,1,2,1,1,2,2,170000,1700,1,202208,1.0361,22080420,R,R,R,R,R,R,R,R,R,R,R
10.15,1,1,3,2,1,2,1,1,2,2,130000,1100,3,202208,1.0361,22080421,R,R,R,R,R,R,R,R,R,R,R
10.15,1,1,3,2,1,2,1,1,2,2,120000,1400,3,202208,1.0361,22080422,R,R,R,R,R,R,R,R,R,R,R
10.15,1,1,3,1,1,2,1,1,1,2,9,1700,1,202208,1.0361,22080423,I,9,I,I,I,I,I,I,I,I,I
35.9536,1,1,3,2,1,2,1,1,2,2,160000,1600,3,202208,1.0361,22080424,R,R,R,R,R,R,R,R,R,R,R
10.15,1,1,3,2,1,2,1,1,2,2,140000,1300,3,202208,1.0361,22080425,I,I,I,I,I,I,I,I,I,I,I
10.15,2,1,3,2,1,2,1,1,2,2,150000,1600,3,202208,1.0361,22080426,R,I,I,I,R,R,I,I,R,I,I
10.15,1,1,3,2,1,2,1,1,1,2,130000,1100,3,202208,1.0361,22080427,I,I,I,I,I,I,I,I,I,I,I
10.15,2,1,3,2,1,2,1,1,2,2,120000,1600,3,202208,1.0361,22080428,R,R,R,R,R,R,I,R,R,R,R
10.15,1,1,3,2,1,2,1,1,2,2,150000,1600,3,202208,1.0361,22080429,I,I,I,I,I,I,I,I,I,I,I
10.15,1,1,3,2,1,2,1,1,2,2,130000,1300,3,202208,1.0361,22080430,R,R,R,R,R,R,I,R,R,R,R
10.15,1,1,3,2,1,2,1,1,2,2,130000,1500,3,202208,1.0361,22080431,R,R,R,R,R,R,R,R,R,R,R
10.15,1,1,3,1,1,2,1,1,3,2,9,1200,3,202208,1.0361,22080432,R,9,R,R,R,R,R,R,R,R,R
10.15,2,1,3,2,2,2,1,1,2,2,120000,1600,3,202208,1.0361,22080433,R,R,R,R,R,R,R,R,R,R,R
10.15,1,1,3,1,1,2,1,1,3,2,9,1100,3,202208,1.0361,22080434,R,9,R,R,R,R,R,R,R,R,R
10.15,1,1,3,2,1,2,1,1,2,2,140000,1600,3,202208,1.0361,22080435,R,R,R,R,R,R,R,R,R,R,R
35.9536,2,1,3,2,3,3,1,2,2,2,240000,2500,3,202208,1.0361,22080436,R,R,R,R,R,R,R,R,R,R,R
35.9536,2,1,4,2,2,3,1,1,2,2,190000,2500,3,202208,1.0361,22080437,R,R,R,R,R,R,R,R,R,R,R
10.15,2,1,3,2,3,2,1,1,1,2,250000,1700,3,202208,1.0361,22080438,R,R,R,R,R,R,R,R,R,R,R
10.15,2,1,3,2,3,2,1,1,1,2,89000,1300,3,202208,1.0361,22080439,R,R,R,R,R,R,R,R,R,R,R
10.15,2,1,3,2,1,2,1,2,1,2,120000,1100,3,202208,1.0361,22080440,R,I,R,R,R,R,I,I,R,I,I
10.15,2,1,3,2,3,2,1,1,2,2,150000,1500,3,202208,1.0361,22080441,I,I,I,I,I,I,I,I,I,I,I
13.157900000000001,2,1,4,2,3,4,1,2,2,2,170000,1800,3,202208,1.0361,22080442,I,I,I,I,I,I,I,I,I,I,I
10.15,1,1,3,2,2,2,1,1,2,2,120000,1100,3,202208,1.0361,22080443,I,I,I,I,I,I,I,I,I,I,I
10.15,1,1,3,2,2,2,1,1,2,2,250000,2400,3,202208,1.0361,22080444,I,I,I,I,I,I,I,I,I,I,I
13.157900000000001,2,1,3,2,2,4,1,1,2,2,170000,1800,3,202208,1.0361,22080445,I,I,I,I,I,I,I,I,I,I,I
13.157900000000001,2,1,3,2,2,4,1,1,2,2,200000,2200,3,202208,1.0361,22080446,R,R,R,R,R,R,R,R,R,R,R
8.0667,1,1,3,2,1,1,1,1,2,2,130000,1500,3,202208,1.0361,22080447,R,R,R,R,R,R,I,R,R,R,R
8.0667,2,1,3,2,1,1,1,2,1,2,140000,1300,3,202208,1.0361,22080448,R,R,R,R,R,R,R,R,R,R,R
35.9536,1,1,3,2,3,3,1,1,2,2,130000,1100,1,202208,1.0361,22080449,I,I,I,I,I,I,I,I,I,I,I
35.9536,2,1,3,2,2,3,1,1,2,2,120000,1900,3,202208,1.0361,22080450,R,R,R,R,R,R,R,R,R,R,R
35.9536,1,1,3,2,3,3,1,1,1,2,190000,1300,3,202208,1.0361,22080451,R,R,R,R,R,R,R,R,R,R,R
35.9536,1,1,3,1,3,3,1,1,1,2,9,1900,3,202208,1.0361,22080452,I,9,I,I,I,I,I,I,I,I,I
35.9536,2,1,4,2,2,3,1,2,2,2,120000,1600,3,202208,1.0361,22080453,R,R,R,R,R,R,R,R,R,R,R
10.15,1,1,3,2,1,2,1,1,2,2,180000,2400,3,202208,1.0361,22080454,R,R,R,R,R,R,R,I,I,I,I
35.9536,2,1,3,2,3,3,1,1,2,2,120000,2100,3,202208,1.0361,22080455,R,R,R,R,R,R,R,I,I,I,I
13.157900000000001,2,1,3,2,3,4,1,1,1,2,210000,1600,1,202208,1.0361,22080456,R,R,R,R,R,R,R,R,R,R,R
13.157900000000001,2,1,3,2,1,4,1,2,2,2,130000,1300,3,202208,1.0361,22080457,R,R,R,R,R,R,R,R,R,R,R
13.157900000000001,2,1,3,2,2,4,1,1,2,2,110000,910,1,202208,1.0361,22080458,I,I,I,I,I,I,I,I,I,I,I
13.157900000000001,2,1,3,2,2,4,1,1,2,2,140000,1300,3,202208,1.0361,22080459,I,I,I,I,I,I,I,I,I,I,I
13.157900000000001,1,1,3,2,2,4,1,1,2,2,96000,1300,3,202208,1.0361,22080460,R,R,R,R,R,R,R,I,I,I,I
13.157900000000001,1,1,3,2,2,4,1,1,2,2,140000,1900,3,202208,1.0361,22080461,R,R,R,R,R,I,I,I,I,I,I
8.0667,2,1,3,2,3,1,1,2,1,2,160000,1400,3,202208,1.0361,22080462,R,R,R,R,R,R,R,R,R,R,R
8.0667,2,1,3,2,2,1,1,1,2,2,150000,1500,3,202208,1.0361,22080463,R,I,R,R,R,R,R,R,R,R,R
8.0667,2,1,3,2,1,1,1,1,2,2,130000,1100,3,202208,1.0361,22080464,R,I,R,R,I,R,R,I,R,I,I
8.0667,2,1,3,2,1,1,1,1,2,2,140000,1500,1,202208,1.0361,22080465,R,R,R,R,R,R,R,R,R,R,R
8.0667,2,1,3,2,1,1,1,1,2,2,150000,1500,3,202208,1.0361,22080466,I,I,I,I,I,I,I,I,I,I,I
8.0667,1,1,3,2,1,1,1,1,2,2,170000,1900,3,202208,1.0361,22080467,R,R,R,R,R,R,R,R,R,R,R
8.0667,1,1,3,2,1,1,1,1,2,2,130000,1400,3,202208,1.0361,22080468,R,R,R,R,R,R,R,R,R,R,R
8.0667,2,1,3,2,3,1,1,1,2,2,120000,1100,3,202208,1.0361,22080469,R,R,R,R,R,R,R,R,R,R,R
8.0667,2,1,3,2,3,1,1,1,2,2,120000,1500,3,202208,1.0361,22080470,R,R,R,R,R,R,R,R,R,R,R
8.0667,1,1,3,1,1,1,1,1,2,2,9,1500,3,202208,1.0361,22080471,R,9,I,I,R,R,I,I,R,I,I
8.0667,1,1,3,2,1,1,1,2,2,2,130000,990,1,202208,1.0361,22080472,R,R,R,R,R,R,R,R,R,R,R
8.0667,1,1,3,1,1,1,1,1,3,2,9,1700,3,202208,1.0361,22080473,R,9,R,R,R,R,R,R,R,R,R
35.9536,2,1,3,2,3,3,1,1,2,2,190000,2200,3,202208,1.0361,22080474,I,I,I,I,I,I,I,I,I,I,I
35.9536,1,1,3,2,3,3,1,1,2,2,190000,2500,3,202208,1.0361,22080475,R,R,R,R,R,R,R,R,R,R,R
35.9536,1,1,3,2,2,3,1,1,2,2,240000,2000,3,202208,1.0361,22080476,R,R,R,R,R,R,R,I,I,I,I
35.9536,2,1,3,2,3,3,1,2,2,2,160000,2100,3,202208,1.0361,22080477,R,R,R,R,R,R,R,R,R,R,R
35.9536,2,1,3,2,3,3,1,3,2,2,170000,1800,3,202208,1.0361,22080478,I,I,I,I,I,I,I,I,I,I,I
35.9536,2,1,3,2,3,3,1,2,2,2,170000,1800,3,202208,1.0361,22080479,R,R,R,R,R,R,R,R,R,R,R
35.9536,1,1,3,2,3,3,1,1,2,2,140000,1600,3,202208,1.0361,22080480,R,R,R,R,R,R,R,R,R,R,R
35.9536,2,1,5,2,3,3,1,2,2,2,240000,2500,3,202208,1.0361,22080481,R,R,R,R,R,R,R,R,R,R,R
35.9536,2,1,3,2,2,3,1,1,2,2,150000,1800,3,202208,1.0361,22080482,R,R,R,R,R,R,R,R,R,R,R
35.9536,2,1,5,2,2,3,1,1,1,2,110000,1600,3,202208,1.0361,22080483,R,R,R,R,R,R,R,R,R,R,R
35.9536,2,1,5,2,3,3,1,1,2,2,150000,1600,3,202208,1.0361,22080484,I,I,I,I,I,I,I,I,I,I,I
35.9536,2,1,3,2,3,3,1,1,1,2,180000,2000,3,202208,1.0361,22080485,I,I,I,I,I,I,I,I,I,I,I
35.9536,2,1,5,2,3,3,1,1,2,2,190000,2100,3,202208,1.0361,22080486,I,I,I,I,I,I,I,I,I,I,I
35.9536,2,1,3,2,3,3,1,2,1,2,240000,1800,3,202208,1.0361,22080487,R,R,R,R,R,R,R,I,I,I,I
35.9536,2,1,1,2,3,3,0,0,2,2,180000,2400,3,202208,1.0361,22080488,R,R,R,R,R,R,R,R,R,R,R
13.157900000000001,2,1,2,2,2,4,0,0,2,2,200000,1800,3,202208,1.0361,22080489,R,R,R,R,R,R,R,R,R,R,R
13.157900000000001,1,1,1,2,3,4,0,0,2,2,300000,1600,3,202208,1.0361,22080490,R,R,R,R,I,I,R,R,I,I,R
13.157900000000001,1,1,1,2,2,4,0,0,1,2,130000,1300,1,202208,1.0361,22080491,R,R,R,R,R,R,R,R,R,R,R
13.157900000000001,2,1,1,2,3,4,0,0,1,2,120000,1500,3,202208,1.0361,22080492,R,R,R,R,R,R,R,R,R,R,R
13.157900000000001,2,1,2,2,2,4,0,0,1,2,300000,2000,3,202208,1.0361,22080493,R,R,R,R,R,R,R,R,R,R,R
13.157900000000001,2,1,2,2,1,4,0,0,2,2,210000,1500,3,202208,1.0361,22080494,R,R,R,R,R,R,R,R,R,R,R
13.157900000000001,2,1,2,2,1,4,0,0,2,2,130000,1300,1,202208,1.0361,22080495,R,R,R,R,R,R,I,R,R,I,R
13.157900000000001,2,1,1,2,1,4,0,0,2,2,170000,1900,3,202208,1.0361,22080496,R,I,I,I,R,R,I,R,R,I,R
8.0667,2,1,1,2,3,1,0,0,1,2,170000,1700,3,202208,1.0361,22080497,R,R,R,R,R,R,R,R,R,R,R
8.0667,2,1,1,2,3,1,0,0,3,2,170000,1900,3,202208,1.0361,22080498,R,R,R,R,R,R,R,R,R,R,R
8.0667,2,1,1,2,3,1,0,0,3,2,170000,1900,3,202208,1.0361,22080499,R,I,I,I,I,R,I,R,I,I,R
8.0667,2,1,1,2,3,1,0,0,2,2,180000,1900,3,202208,1.0361,22080500,R,R,R,R,R,R,R,R,R,R,R
8.0667,2,1,1,2,1,1,0,0,1,2,160000,1700,3,202208,1.0361,22080501,R,I,I,I,R,R,I,R,R,I,R
8.0667,2,1,1,2,1,1,0,0,2,2,150000,1500,3,202208,1.0361,22080502,R,I,I,I,I,R,I,R,R,I,R
8.0667,1,1,2,1,1,1,0,0,2,2,9,1500,3,202208,1.0361,22080503,I,9,I,I,I,I,I,R,I,I,R
8.0667,2,1,1,2,2,1,0,0,1,2,130000,1300,3,202208,1.0361,22080504,R,R,R,R,R,R,R,R,R,R,R
35.9536,1,1,1,2,1,3,0,0,1,2,130000,1100,1,202208,1.0361,22080505,R,I,R,R,R,R,R,R,R,R,R
35.9536,1,1,2,2,1,3,0,0,2,2,240000,1900,3,202208,1.0361,22080506,R,R,R,R,R,R,R,R,R,R,R
35.9536,2,1,1,2,2,3,0,0,2,2,190000,1900,3,202208,1.0361,22080507,R,R,I,I,R,R,R,R,R,R,R
13.157900000000001,2,1,2,2,1,4,0,0,1,2,160000,1600,3,202208,1.0361,22080508,I,I,I,I,I,I,I,R,I,I,R
10.15,2,1,1,2,1,2,0,0,2,2,250000,1800,1,202208,1.0361,22080509,R,R,R,R,R,R,R,R,R,R,R
10.15,2,1,2,2,2,2,0,0,2,2,160000,1700,3,202208,1.0361,22080510,R,I,R,R,R,R,R,R,R,R,R
13.157900000000001,1,1,1,2,1,4,0,0,3,2,110000,1100,1,202208,1.0361,22080511,R,R,R,R,R,R,R,R,R,R,R
13.157900000000001,2,1,1,2,2,4,0,0,2,2,220000,1500,3,202208,1.0361,22080512,R,R,R,R,R,R,R,R,R,R,R
13.157900000000001,2,1,1,2,3,4,0,0,2,2,140000,1300,3,202208,1.0361,22080513,R,R,R,R,R,R,R,R,R,R,R
13.157900000000001,2,1,2,2,2,4,0,0,3,2,300000,2100,3,202208,1.0361,22080514,R,R,R,R,R,R,R,R,R,R,R
8.0667,2,1,1,2,2,1,0,0,2,2,140000,1500,3,202208,1.0361,22080515,R,R,R,R,R,R,R,R,R,R,R
8.0667,2,1,2,2,3,1,0,0,2,2,160000,1500,3,202208,1.0361,22080516,R,R,R,R,R,R,R,R,R,R,R
8.0667,2,1,1,2,1,1,0,0,2,2,140000,1300,3,202208,1.0361,22080517,I,I,I,I,I,I,I,R,I,I,R
8.0667,2,1,1,2,2,1,0,0,2,2,190000,1900,3,202208,1.0361,22080518,R,R,R,R,R,R,R,R,R,R,R
8.0667,2,1,1,2,1,1,0,0,1,2,140000,1400,3,202208,1.0361,22080519,I,I,I,I,I,I,I,R,I,I,R
8.0667,2,1,1,2,3,1,0,0,2,2,160000,1700,3,202208,1.0361,22080520,R,R,R,R,R,R,R,R,R,R,R
10.15,1,1,1,2,1,2,0,0,2,2,150000,1600,3,202208,1.0361,22080521,R,R,R,R,R,R,R,R,R,R,R
10.15,2,1,1,2,1,2,0,0,3,2,190000,2200,3,202208,1.0361,22080522,I,I,I,I,I,I,I,R,I,I,R
10.15,1,1,1,2,1,2,0,0,2,2,89000,1100,3,202208,1.0361,22080523,R,R,R,R,R,R,R,R,R,R,R
10.15,2,1,1,2,3,2,0,0,1,2,89000,1500,3,202208,1.0361,22080524,R,R,R,R,R,R,R,R,R,R,R
35.9536,2,1,1,2,3,3,0,0,2,2,200000,2500,3,202208,1.0361,22080525,I,I,I,I,I,I,I,R,I,I,R
8.7719,2,1,1,2,3,5,0,0,2,3,220000,2700,3,202208,1.0361,22080526,R,R,R,R,R,R,R,R,R,R,R
13.157900000000001,2,1,1,2,3,4,0,0,2,2,96000,1300,3,202208,1.0361,22080527,R,R,R,R,R,R,R,R,R,R,R
13.157900000000001,2,1,1,2,2,4,0,0,1,2,140000,1300,1,202208,1.0361,22080528,R,R,R,R,R,R,R,R,R,R,R
13.157900000000001,2,1,1,2,2,4,0,0,2,2,130000,1200,3,202208,1.0361,22080529,I,I,I,I,I,I,I,R,I,I,R
13.157900000000001,2,1,1,2,2,4,0,0,2,2,96000,910,1,202208,1.0361,22080530,R,R,R,R,R,R,R,R,R,R,R
8.0667,2,1,1,2,1,1,0,0,2,2,180000,1700,3,202208,1.0361,22080531,R,R,R,R,R,R,R,R,R,R,R
8.0667,2,1,2,2,2,1,0,0,1,2,100000,1600,3,202208,1.0361,22080532,R,R,R,R,R,R,R,R,R,R,R
35.9536,2,1,1,2,2,3,0,0,3,2,160000,1700,3,202208,1.0361,22080533,R,I,R,R,R,R,R,R,R,R,R
35.9536,2,1,1,2,2,3,0,0,2,2,170000,2000,3,202208,1.0361,22080534,R,R,R,R,R,R,R,R,R,R,R
35.9536,2,1,1,2,3,3,0,0,2,2,140000,2100,3,202208,1.0361,22080535,R,R,R,R,R,R,R,R,R,R,R
35.9536,2,1,1,2,3,3,0,0,2,2,87000,1600,3,202208,1.0361,22080536,R,R,R,R,R,R,R,R,R,R,R
10.15,2,1,1,2,1,2,0,0,2,2,160000,1600,3,202208,1.0361,22080537,R,R,R,R,R,R,R,R,R,R,R
10.15,2,1,1,2,1,2,0,0,1,2,100000,2400,1,202208,1.0361,22080538,R,R,R,R,I,I,R,R,I,I,R
10.15,2,1,1,2,2,2,0,0,1,2,150000,1300,3,202208,1.0361,22080539,R,R,R,R,R,R,R,R,R,R,R
10.15,2,1,1,2,3,2,0,0,1,2,89000,1100,3,202208,1.0361,22080540,R,R,R,R,R,R,R,R,R,R,R
10.15,2,1,1,2,3,2,0,0,1,2,160000,1700,3,202208,1.0361,22080541,R,R,R,R,R,R,R,R,R,R,R
13.157900000000001,1,2,9,2,9,4,9,9,9,2,130000,1200,3,202208,1.0361,22080542,I,I,I,I,I,I,9,9,9,9,9
35.9536,1,2,9,2,9,3,9,9,9,2,160000,1900,3,202208,1.0361,22080543,R,R,R,R,R,R,9,9,9,9,9
35.9536,1,2,9,2,9,3,9,9,9,2,150000,1600,3,202208,1.0361,22080544,R,R,R,R,R,R,9,9,9,9,9
35.9536,1,2,9,2,9,3,9,9,9,2,120000,1100,3,202208,1.0361,22080545,R,R,R,R,R,R,9,9,9,9,9
35.9536,1,2,9,2,9,3,9,9,9,2,170000,1900,3,202208,1.0361,22080546,I,I,I,I,I,I,9,9,9,9,9
35.9536,1,2,9,2,9,3,9,9,9,2,140000,1300,1,202208,1.0361,22080547,I,I,I,I,I,I,9,9,9,9,9
35.9536,1,2,9,2,9,3,9,9,9,2,180000,2500,3,202208,1.0361,22080548,R,R,R,R,R,R,9,9,9,9,9
35.9536,1,2,9,2,9,3,9,9,9,2,140000,2500,3,202208,1.0361,22080549,R,R,R,R,R,R,9,9,9,9,9
35.9536,1,2,9,2,9,3,9,9,9,2,170000,1900,3,202208,1.0361,22080550,I,I,I,I,I,I,9,9,9,9,9
35.9536,1,2,9,2,9,3,9,9,9,2,120000,1100,1,202208,1.0361,22080551,R,I,R,R,R,R,9,9,9,9,9
35.9536,1,2,9,2,9,3,9,9,9,2,200000,2500,3,202208,1.0361,22080552,R,R,R,R,R,R,9,9,9,9,9
35.9536,1,2,9,2,9,3,9,9,9,2,150000,1600,3,202208,1.0361,22080553,I,I,I,I,I,I,9,9,9,9,9
13.157900000000001,1,2,9,2,9,4,9,9,9,2,140000,1200,3,202208,1.0361,22080554,R,R,R,R,R,R,9,9,9,9,9
10.15,1,2,9,2,9,2,9,9,9,2,130000,1100,3,202208,1.0361,22080555,I,I,I,I,I,I,9,9,9,9,9
8.0667,1,2,9,2,9,1,9,9,9,2,180000,1900,3,202208,1.0361,22080556,R,I,I,I,R,R,9,9,9,9,9
35.9536,1,2,9,2,9,3,9,9,9,2,150000,1600,3,202208,1.0361,22080557,R,R,R,R,R,R,9,9,9,9,9
35.9536,1,2,9,2,9,3,9,9,9,2,160000,1700,3,202208,1.0361,22080558,I,I,I,I,I,I,9,9,9,9,9
35.9536,1,2,9,2,9,3,9,9,9,2,210000,2500,3,202208,1.0361,22080559,I,I,I,I,I,I,9,9,9,9,9
35.9536,1,2,9,2,9,3,9,9,9,2,130000,1800,3,202208,1.0361,22080560,R,R,R,R,R,R,9,9,9,9,9
10.15,1,2,9,2,9,2,9,9,9,2,150000,1600,3,202208,1.0361,22080561,R,I,R,R,R,R,9,9,9,9,9
10.15,1,2,9,2,9,2,9,9,9,2,150000,1600,3,202208,1.0361,22080562,I,I,I,I,I,I,9,9,9,9,9
8.0667,1,2,9,2,9,1,9,9,9,2,180000,1500,3,202208,1.0361,22080563,R,R,R,R,R,R,9,9,9,9,9
35.9536,1,2,9,2,9,3,9,9,9,2,210000,2200,3,202208,1.0361,22080564,R,R,R,R,R,R,9,9,9,9,9
8.7719,2,2,9,2,9,5,9,9,9,3,250000,2600,3,202208,1.0361,22080565,R,R,R,R,R,R,9,9,9,9,9
35.9536,1,2,9,2,9,3,9,9,9,2,130000,1600,3,202208,1.0361,22080566,R,R,R,R,R,R,9,9,9,9,9
10.15,1,2,9,2,9,2,9,9,9,2,110000,1100,3,202208,1.0361,22080567,R,R,R,R,R,R,9,9,9,9,9
10.15,2,2,9,2,9,2,9,9,9,2,190000,1100,3,202208,1.0361,22080568,R,R,R,R,I,I,9,9,9,9,9
8.0667,1,2,9,2,9,1,9,9,9,2,110000,1600,3,202208,1.0361,22080569,R,R,R,R,R,R,9,9,9,9,9
35.9536,2,2,9,2,9,3,9,9,9,2,130000,1700,3,202208,1.0361,22080570,R,R,R,R,R,R,9,9,9,9,9
35.9536,1,2,9,2,9,3,9,9,9,2,170000,1700,3,202208,1.0361,22080571,R,R,R,R,R,R,9,9,9,9,9
35.9536,1,2,9,2,9,3,9,9,9,2,190000,1900,3,202208,1.0361,22080572,R,R,R,R,R,R,9,9,9,9,9
35.9536,1,2,9,2,9,3,9,9,9,2,150000,2000,3,202208,1.0361,22080573,R,R,R,R,R,R,9,9,9,9,9
8.0667,1,2,9,2,9,1,9,9,9,2,180000,1600,3,202208,1.0361,22080574,R,R,R,R,R,R,9,9,9,9,9
35.9536,1,2,9,2,9,3,9,9,9,2,140000,1600,3,202208,1.0361,22080575,R,R,R,R,R,R,9,9,9,9,9
35.9536,2,2,9,2,9,3,9,9,9,2,100000,1700,3,202208,1.0361,22080576,R,R,R,R,R,R,9,9,9,9,9
35.9536,1,2,9,2,9,3,9,9,9,2,87000,1600,3,202208,1.0361,22080577,R,R,R,R,R,R,9,9,9,9,9
35.9536,1,2,9,2,9,3,9,9,9,2,140000,1900,3,202208,1.0361,22080578,R,R,R,R,R,R,9,9,9,9,9
35.9536,1,2,9,2,9,3,9,9,9,2,150000,1600,3,202208,1.0361,22080579,R,R,R,R,R,R,9,9,9,9,9
35.9536,1,2,9,2,9,3,9,9,9,2,200000,1900,3,202208,1.0361,22080580,R,R,R,R,R,R,9,9,9,9,9
35.9536,1,2,9,2,9,3,9,9,9,2,150000,1600,3,202208,1.0361,22080581,I,I,I,I,I,I,9,9,9,9,9
35.9536,1,2,9,2,9,3,9,9,9,2,240000,2500,3,202208,1.0361,22080582,R,R,R,R,R,R,9,9,9,9,9
35.9536,1,2,9,2,9,3,9,9,9,2,140000,1600,3,202208,1.0361,22080583,R,R,R,R,R,R,9,9,9,9,9
35.9536,1,2,9,2,9,3,9,9,9,2,190000,2500,3,202208,1.0361,22080584,R,R,R,R,R,R,9,9,9,9,9
13.157900000000001,1,2,9,2,9,4,9,9,9,2,230000,1600,3,202208,1.0361,22080585,R,R,R,R,R,R,9,9,9,9,9
35.9536,1,2,9,2,9,3,9,9,9,2,130000,1600,3,202208,1.0361,22080586,R,R,R,R,R,R,9,9,9,9,9
13.157900000000001,1,2,9,2,9,4,9,9,9,2,170000,1800,3,202208,1.0361,22080587,R,I,R,R,R,R,9,9,9,9,9
10.15,1,2,9,2,9,2,9,9,9,2,180000,2000,3,202208,1.0361,22080588,I,I,I,I,I,I,9,9,9,9,9
8.7719,2,2,9,2,9,5,9,9,9,3,250000,2400,3,202208,1.0361,22080589,R,R,R,R,R,R,9,9,9,9,9
8.0667,1,2,9,2,9,1,9,9,9,2,160000,1700,3,202208,1.0361,22080590,R,I,R,R,R,R,9,9,9,9,9
35.9536,1,2,9,2,9,3,9,9,9,2,160000,1700,3,202208,1.0361,22080591,R,R,R,R,R,R,9,9,9,9,9
35.9536,1,2,9,2,9,3,9,9,9,2,120000,2100,3,202208,1.0361,22080592,R,R,R,R,R,R,9,9,9,9,9
35.9536,1,2,9,2,9,3,9,9,9,2,150000,1600,3,202208,1.0361,22080593,I,I,I,I,I,I,9,9,9,9,9
35.9536,1,2,9,2,9,3,9,9,9,2,190000,2200,3,202208,1.0361,22080594,R,I,R,R,R,R,9,9,9,9,9
8.0667,1,2,9,2,9,1,9,9,9,2,100000,1500,3,202208,1.0361,22080595,R,R,R,R,R,R,9,9,9,9,9
10.15,1,2,9,2,9,2,9,9,9,2,180000,2000,3,202208,1.0361,22080596,R,I,R,R,R,R,9,9,9,9,9
35.9536,1,2,9,2,9,3,9,9,9,2,160000,1900,3,202208,1.0361,22080597,R,R,R,R,R,R,9,9,9,9,9
13.157900000000001,2,2,9,2,9,4,9,9,9,2,130000,1200,3,202208,1.0361,22080598,I,I,I,I,I,I,9,9,9,9,9
35.9536,1,2,9,2,9,3,9,9,9,2,150000,1600,3,202208,1.0361,22080599,R,I,R,R,R,R,9,9,9,9,9
13.157900000000001,1,2,9,2,9,4,9,9,9,2,150000,1500,3,202208,1.0361,22080600,R,I,I,I,R,R,9,9,9,9,9
8.0667,1,2,9,2,9,1,9,9,9,2,160000,1500,3,202208,1.0361,22080601,R,R,R,R,R,R,9,9,9,9,9
35.9536,1,2,9,2,9,3,9,9,9,2,120000,1700,3,202208,1.0361,22080602,R,R,R,R,R,R,9,9,9,9,9
10.15,1,2,9,2,9,3,9,9,9,2,130000,1100,3,202208,1.0361,22080603,R,R,R,R,R,R,9,9,9,9,9
10.15,1,2,9,2,9,2,9,9,9,2,250000,2400,3,202208,1.0361,22080604,R,R,R,R,R,R,9,9,9,9,9
10.15,1,2,9,2,9,2,9,9,9,2,120000,2000,3,202208,1.0361,22080605,R,R,R,R,R,R,9,9,9,9,9
10.15,1,2,9,2,9,2,9,9,9,2,120000,1100,3,202208,1.0361,22080606,I,I,I,I,I,I,9,9,9,9,9
13.157900000000001,1,2,9,2,9,4,9,9,9,2,130000,1200,3,202208,1.0361,22080607,R,R,R,R,R,R,9,9,9,9,9
8.0667,1,2,9,2,9,1,9,9,9,2,150000,1200,3,202208,1.0361,22080608,R,R,R,R,R,R,9,9,9,9,9
8.0667,1,2,9,2,9,1,9,9,9,2,85000,1100,3,202208,1.0361,22080609,R,R,R,R,R,R,9,9,9,9,9
8.0667,1,2,9,2,9,1,9,9,9,2,140000,1700,3,202208,1.0361,22080610,R,R,R,R,R,R,9,9,9,9,9
8.0667,1,2,9,2,9,1,9,9,9,2,85000,1500,3,202208,1.0361,22080611,R,R,R,R,R,R,9,9,9,9,9
8.0667,2,2,9,2,9,1,9,9,9,2,160000,1700,3,202208,1.0361,22080612,I,I,I,I,I,I,9,9,9,9,9
8.0667,1,2,9,2,9,1,9,9,9,2,140000,1500,3,202208,1.0361,22080613,R,R,R,R,R,R,9,9,9,9,9
35.9536,1,2,9,2,9,3,9,9,9,2,150000,1600,3,202208,1.0361,22080614,I,I,I,I,I,I,9,9,9,9,9
35.9536,1,2,9,2,9,3,9,9,9,2,150000,1600,3,202208,1.0361,22080615,I,I,I,I,I,I,9,9,9,9,9
35.9536,1,2,9,2,9,3,9,9,9,2,150000,1600,3,202208,1.0361,22080616,I,I,I,I,I,I,9,9,9,9,9
35.9536,1,2,9,2,9,3,9,9,9,2,87000,1600,3,202208,1.0361,22080617,R,R,R,R,R,R,9,9,9,9,9
10.15,1,2,9,2,9,2,9,9,9,2,150000,1600,3,202208,1.0361,22080618,R,I,R,R,R,R,9,9,9,9,9
35.9536,1,2,9,2,9,3,9,9,9,2,150000,1600,3,202208,1.0361,22080619,R,R,R,R,R,R,9,9,9,9,9
35.9536,1,2,9,2,9,3,9,9,9,2,140000,1900,3,202208,1.0361,22080620,R,R,R,R,R,R,9,9,9,9,9
35.9536,1,2,9,2,9,3,9,9,9,2,180000,2200,3,202208,1.0361,22080621,R,R,R,R,R,R,9,9,9,9,9
10.15,1,2,9,2,9,2,9,9,9,2,150000,1600,3,202208,1.0361,22080622,R,R,R,R,R,R,9,9,9,9,9
35.9536,1,2,9,2,9,3,9,9,9,2,150000,1500,3,202208,1.0361,22080623,I,I,I,I,I,I,9,9,9,9,9
35.9536,1,2,9,2,9,3,9,9,9,2,99000,2100,3,202208,1.0361,22080624,R,R,R,R,R,R,9,9,9,9,9
35.9536,1,2,9,2,9,3,9,9,9,2,180000,2200,3,202208,1.0361,22080625,R,R,R,R,R,I,9,9,9,9,9
13.157900000000001,3,9,9,9,9,5,9,9,9,2,9,9,9,202208,1.0361,22080626,R,9,9,9,9,9,9,9,9,9,9
35.9536,3,9,9,9,9,5,9,9,9,2,9,9,9,202208,1.0361,22080627,I,9,9,9,9,9,9,9,9,9,9
8.7719,3,9,9,9,9,5,9,9,9,3,9,9,9,202208,1.0361,22080628,R,9,9,9,9,9,9,9,9,9,9
13.157900000000001,3,9,9,9,9,5,9,9,9,2,9,9,9,202208,1.0361,22080629,I,9,9,9,9,9,9,9,9,9,9
13.157900000000001,3,9,9,9,9,5,9,9,9,2,9,9,9,202208,1.0361,22080630,I,9,9,9,9,9,9,9,9,9,9
13.157900000000001,3,9,9,9,9,5,9,9,9,2,9,9,9,202208,1.0361,22080631,R,9,9,9,9,9,9,9,9,9,9
35.9536,3,9,9,9,9,5,9,9,9,2,9,9,9,202208,1.0361,22080632,R,9,9,9,9,9,9,9,9,9,9
13.157900000000001,3,9,9,9,9,5,9,9,9,2,9,9,9,202208,1.0361,22080633,R,9,9,9,9,9,9,9,9,9,9
13.157900000000001,3,9,9,9,9,5,9,9,9,2,9,9,9,202208,1.0361,22080634,R,9,9,9,9,9,9,9,9,9,9
13.157900000000001,3,9,9,9,9,5,9,9,9,2,9,9,9,202208,1.0361,22080635,I,9,9,9,9,9,9,9,9,9,9
13.157900000000001,3,9,9,9,9,5,9,9,9,2,9,9,9,202208,1.0361,22080636,I,9,9,9,9,9,9,9,9,9,9
13.157900000000001,3,9,9,9,9,5,9,9,9,2,9,9,9,202208,1.0361,22080637,I,9,9,9,9,9,9,9,9,9,9
8.0667,3,9,9,9,9,5,9,9,9,2,9,9,9,202208,1.0361,22080638,R,9,9,9,9,9,9,9,9,9,9
13.157900000000001,3,9,9,9,9,5,9,9,9,2,9,9,9,202208,1.0361,22080639,R,9,9,9,9,9,9,9,9,9,9
13.157900000000001,3,9,9,9,9,5,9,9,9,2,9,9,9,202208,1.0361,22080640,R,9,9,9,9,9,9,9,9,9,9
10.15,3,9,9,9,9,5,9,9,9,2,9,9,9,202208,1.0361,22080641,R,9,9,9,9,9,9,9,9,9,9
59.65,2,1,3,2,1,3,1,1,2,1,74000,900,1,202209,1.0344,22090001,R,R,R,R,R,R,R,R,R,R,R
23.8211,1,1,3,2,1,4,3,2,2,1,88000,1200,3,202209,1.0344,22090002,R,R,R,R,R,R,I,I,R,I,I
23.8211,2,1,4,2,1,4,3,1,2,1,120000,900,3,202209,1.0344,22090003,R,R,R,R,R,R,R,R,R,R,R
23.8211,1,1,3,2,1,4,1,1,2,1,100000,810,1,202209,1.0344,22090004,R,R,R,R,R,R,R,R,R,R,R
23.8211,1,1,3,2,1,4,1,1,2,1,80000,900,1,202209,1.0344,22090005,R,R,R,R,R,R,R,R,R,R,R
59.65,2,1,3,2,1,3,1,1,2,1,64000,900,1,202209,1.0344,22090006,R,R,R,R,R,R,R,R,R,R,R
59.65,1,1,4,2,1,3,1,1,2,1,130000,1200,3,202209,1.0344,22090007,R,R,R,R,R,R,I,I,R,I,I
59.65,2,1,5,2,3,3,1,1,2,1,84000,1300,3,202209,1.0344,22090008,R,R,R,R,R,R,R,R,R,R,R
59.65,2,1,3,2,2,3,1,1,2,1,110000,660,1,202209,1.0344,22090009,R,R,R,R,R,R,R,R,R,R,R
59.65,2,1,5,2,3,3,1,1,1,1,72000,660,1,202209,1.0344,22090010,I,I,I,I,I,I,I,I,I,I,I
59.65,2,1,4,2,2,3,1,2,2,1,79000,1100,3,202209,1.0344,22090011,R,R,R,R,R,R,R,R,R,R,R
59.65,1,1,5,1,1,3,1,1,1,1,9,1300,3,202209,1.0344,22090012,R,9,R,R,R,R,R,R,R,R,R
59.65,2,1,5,2,2,3,1,1,1,1,130000,1300,3,202209,1.0344,22090013,I,I,I,I,I,I,I,I,I,I,I
18.1091,1,1,3,1,1,2,1,1,2,1,9,1200,3,202209,1.0344,22090014,I,9,I,I,I,I,I,I,I,I,I
18.1091,2,1,3,2,1,2,1,1,2,1,80000,740,1,202209,1.0344,22090015,I,I,I,I,I,I,I,I,I,I,I
18.1091,2,1,3,2,1,2,1,1,2,1,80000,1200,3,202209,1.0344,22090016,R,R,R,R,R,R,R,R,R,R,R
18.1091,2,1,3,2,3,2,1,1,2,1,90000,990,3,202209,1.0344,22090017,R,R,R,R,R,R,R,R,R,R,R
18.1091,2,1,3,2,1,2,1,1,2,1,98000,1100,3,202209,1.0344,22090018,I,I,I,I,I,I,I,I,I,I,I
18.1091,1,1,3,1,1,2,1,1,2,1,9,1000,3,202209,1.0344,22090019,I,9,I,I,I,I,I,I,I,I,I
18.1091,2,1,3,2,1,2,1,1,2,1,87000,990,1,202209,1.0344,22090020,R,R,R,R,R,R,R,R,R,R,R
59.65,2,1,3,2,1,2,1,1,2,1,96000,1000,3,202209,1.0344,22090021,R,I,I,I,R,R,I,I,R,I,I
18.1091,2,1,5,2,1,2,1,1,1,1,70000,1200,3,202209,1.0344,22090022,R,R,R,R,R,R,I,I,R,I,I
18.1091,1,1,3,1,1,2,1,1,2,1,9,1100,1,202209,1.0344,22090023,I,9,I,I,I,I,I,I,I,I,I
59.65,2,1,3,2,3,3,1,1,1,1,130000,1300,3,202209,1.0344,22090024,I,I,I,I,I,I,I,I,I,I,I
59.65,2,1,3,2,2,3,1,1,2,1,81000,1200,3,202209,1.0344,22090025,R,R,R,R,R,R,R,R,R,R,R
18.1091,1,1,3,2,1,2,1,1,2,1,65000,1000,3,202209,1.0344,22090026,R,R,R,R,R,R,I,I,R,I,I
18.1091,1,1,3,2,1,2,1,1,2,1,70000,1100,3,202209,1.0344,22090027,R,R,R,R,R,R,R,R,R,R,R
18.1091,1,1,3,2,1,2,1,1,2,1,93000,960,1,202209,1.0344,22090028,R,I,R,R,R,R,R,I,R,R,I
18.1091,1,1,3,2,1,2,1,1,2,1,98000,1100,3,202209,1.0344,22090029,I,I,I,I,I,I,I,I,I,I,I
18.1091,2,1,3,2,1,2,1,1,2,1,96000,1000,3,202209,1.0344,22090030,R,I,I,I,R,R,I,I,R,I,I
18.1091,2,1,3,2,1,2,1,1,2,1,100000,1200,3,202209,1.0344,22090031,R,R,R,R,R,R,I,I,R,I,I
18.1091,1,1,3,2,1,2,1,1,2,1,120000,1200,3,202209,1.0344,22090032,I,I,I,I,I,I,I,I,I,I,I
18.1091,1,1,3,2,1,2,1,1,1,1,98000,1100,3,202209,1.0344,22090033,R,I,R,R,I,R,R,R,R,R,R
18.1091,1,1,3,2,1,2,1,1,1,1,79000,900,1,202209,1.0344,22090034,R,R,R,R,R,R,I,I,R,I,I
18.1091,1,1,3,2,1,2,1,1,2,1,93000,960,1,202209,1.0344,22090035,I,I,I,I,I,I,I,I,I,I,I
18.1091,2,1,3,2,1,2,1,1,2,1,95000,990,1,202209,1.0344,22090036,R,I,I,I,R,R,I,I,R,I,I
18.1091,1,1,3,2,1,2,1,1,2,1,70000,920,3,202209,1.0344,22090037,R,R,R,R,R,R,R,R,R,R,R
18.1091,1,1,3,2,1,2,1,1,2,1,92000,920,1,202209,1.0344,22090038,I,I,I,I,I,I,I,I,I,I,I
23.8211,2,1,3,2,3,4,1,2,2,1,100000,1100,3,202209,1.0344,22090039,I,I,I,I,I,I,I,I,I,I,I
18.1091,2,1,3,2,2,2,1,1,2,1,120000,1300,3,202209,1.0344,22090040,R,R,R,R,R,R,R,R,R,R,R
23.8211,2,1,3,2,2,4,1,2,2,1,110000,1100,3,202209,1.0344,22090041,R,R,R,R,R,R,R,R,R,R,R
23.8211,2,1,3,2,3,4,1,2,2,1,94000,770,1,202209,1.0344,22090042,R,R,R,R,R,R,R,R,R,R,R
23.8211,2,1,3,2,2,4,1,2,2,1,110000,1100,3,202209,1.0344,22090043,R,R,R,R,R,R,R,R,R,R,R
59.65,2,1,4,2,3,3,1,1,2,1,100000,1200,3,202209,1.0344,22090044,I,I,I,I,I,I,I,I,I,I,I
59.65,2,1,3,2,3,3,1,1,2,1,74000,1200,3,202209,1.0344,22090045,R,R,R,R,R,R,R,R,R,R,R
18.1091,1,1,3,2,1,2,1,1,2,1,99000,1100,3,202209,1.0344,22090046,I,I,I,I,I,I,I,I,I,I,I
18.1091,1,1,5,1,1,2,1,1,1,1,9,900,1,202209,1.0344,22090047,R,9,R,R,R,R,R,R,R,R,R
18.1091,1,1,3,2,1,2,1,1,2,1,87000,900,3,202209,1.0344,22090048,R,R,R,R,I,I,R,I,I,I,I
59.65,1,1,5,1,3,3,1,1,1,1,9,1200,3,202209,1.0344,22090049,I,9,I,I,I,I,I,I,I,I,I
23.8211,1,1,3,2,2,4,1,1,2,1,87000,810,1,202209,1.0344,22090050,I,I,I,I,I,I,I,I,I,I,I
14.6,2,1,3,2,1,1,1,2,1,1,98000,1100,3,202209,1.0344,22090051,I,I,I,I,I,I,I,I,I,I,I
14.6,1,1,3,2,1,1,1,1,2,1,150000,900,1,202209,1.0344,22090052,R,R,R,R,R,R,R,R,R,R,R
14.6,2,1,3,2,1,1,1,1,2,1,100000,1100,3,202209,1.0344,22090053,I,I,I,I,I,I,I,I,I,I,I
14.6,2,1,3,2,1,1,1,1,2,1,94000,980,1,202209,1.0344,22090054,I,I,I,I,I,I,I,I,I,I,I
14.6,1,1,3,2,1,1,1,1,2,1,98000,1100,1,202209,1.0344,22090055,I,I,I,I,I,I,I,I,I,I,I
14.6,1,1,3,2,1,1,1,1,2,1,150000,1100,3,202209,1.0344,22090056,R,R,R,R,R,R,R,R,R,R,R
14.6,1,1,3,2,1,1,1,2,2,1,98000,1100,1,202209,1.0344,22090057,I,I,I,I,I,I,I,I,I,I,I
59.65,2,1,3,2,2,3,2,1,2,1,100000,1200,3,202209,1.0344,22090058,I,I,I,I,I,I,I,I,I,I,I
59.65,2,1,3,2,2,3,1,1,3,1,100000,1200,3,202209,1.0344,22090059,I,I,I,I,I,I,I,I,I,I,I
59.65,2,1,3,2,2,3,1,1,2,1,91000,900,1,202209,1.0344,22090060,I,I,I,I,I,I,I,I,I,I,I
59.65,1,1,3,2,1,3,1,1,2,1,98000,1100,3,202209,1.0344,22090061,R,R,R,R,R,R,I,I,R,I,I
59.65,2,1,5,2,2,3,1,2,2,1,100000,1200,3,202209,1.0344,22090062,R,R,R,R,R,R,R,R,R,R,R
59.65,1,1,5,2,1,3,1,2,2,1,77000,920,3,202209,1.0344,22090063,R,R,R,R,R,R,R,R,R,R,R
59.65,2,1,5,2,3,3,1,1,2,1,59000,900,3,202209,1.0344,22090064,R,R,R,R,R,R,R,R,R,R,R
59.65,2,1,5,2,3,3,1,1,2,1,98000,1100,3,202209,1.0344,22090065,I,I,I,I,I,I,I,I,I,I,I
14.6,2,1,1,2,1,1,0,0,2,1,110000,1100,3,202209,1.0344,22090066,R,R,R,R,R,R,R,R,R,R,R
14.6,2,1,1,2,1,1,0,0,2,1,92000,920,1,202209,1.0344,22090067,I,I,I,I,I,I,I,R,I,I,R
18.1091,2,1,2,2,1,2,0,0,1,1,95000,990,3,202209,1.0344,22090068,R,I,I,I,R,R,I,R,R,I,R
18.1091,1,1,1,1,1,2,0,0,1,1,9,1200,3,202209,1.0344,22090069,R,9,R,R,R,R,R,R,R,R,R
18.1091,1,1,1,2,1,2,0,0,2,1,98000,1100,1,202209,1.0344,22090070,I,I,I,I,I,I,I,R,I,I,R
18.1091,1,1,1,2,1,2,0,0,2,1,76000,1100,3,202209,1.0344,22090071,R,R,R,R,R,R,I,R,R,I,R
18.1091,1,1,1,2,1,2,0,0,2,1,75000,1100,3,202209,1.0344,22090072,R,R,R,R,R,R,R,R,R,R,R
23.8211,1,1,1,2,1,4,0,0,1,1,110000,1300,3,202209,1.0344,22090073,R,I,R,R,R,R,R,R,R,R,R
14.6,2,1,1,2,1,1,0,0,2,1,110000,950,3,202209,1.0344,22090074,R,R,I,I,R,R,R,R,R,R,R
14.6,2,1,1,2,1,1,0,0,2,1,91000,900,1,202209,1.0344,22090075,I,I,I,I,I,I,I,R,I,I,R
14.6,2,1,1,2,3,1,0,0,2,1,88000,630,1,202209,1.0344,22090076,R,R,R,R,R,R,R,R,R,R,R
14.6,2,1,1,2,1,1,0,0,2,1,94000,980,1,202209,1.0344,22090077,I,I,I,I,I,I,I,R,I,I,R
14.6,2,1,1,2,2,1,0,0,1,1,75000,950,3,202209,1.0344,22090078,R,R,R,R,R,R,R,R,R,R,R
14.6,2,1,1,2,1,1,0,0,2,1,71000,1100,1,202209,1.0344,22090079,R,R,R,R,R,R,R,R,R,R,R
14.6,1,1,1,2,1,1,0,0,2,1,79000,630,1,202209,1.0344,22090080,I,I,I,I,I,I,I,R,I,I,R
18.1091,2,1,1,2,1,2,0,0,2,1,120000,1200,3,202209,1.0344,22090081,I,I,I,I,I,I,I,R,I,I,R
14.6,2,1,2,2,1,1,0,0,1,1,94000,980,1,202209,1.0344,22090082,I,I,I,I,I,I,I,R,I,I,R
14.6,1,1,1,2,1,1,0,0,2,1,110000,1100,1,202209,1.0344,22090083,R,R,R,R,R,R,R,R,R,R,R
59.65,2,1,2,2,3,3,0,0,2,1,90000,660,1,202209,1.0344,22090084,R,R,R,R,R,R,R,R,R,R,R
59.65,1,1,1,2,1,3,0,0,2,1,130000,1200,3,202209,1.0344,22090085,R,R,R,R,R,R,I,R,R,I,R
59.65,2,1,2,2,2,3,0,0,3,1,98000,1100,1,202209,1.0344,22090086,R,I,R,R,R,R,R,R,R,R,R
18.1091,1,1,1,2,1,2,0,0,2,1,96000,1000,3,202209,1.0344,22090087,I,I,I,I,I,I,I,R,I,I,R
23.8211,1,2,9,2,9,4,9,9,9,1,94000,980,3,202209,1.0344,22090088,I,I,I,I,I,I,9,9,9,9,9
23.8211,1,2,9,2,9,4,9,9,9,1,150000,800,1,202209,1.0344,22090089,R,R,R,R,R,R,9,9,9,9,9
23.8211,1,2,9,2,9,4,9,9,9,1,150000,900,1,202209,1.0344,22090090,R,R,R,R,R,R,9,9,9,9,9
18.1091,2,2,9,2,9,2,9,9,9,1,96000,1000,3,202209,1.0344,22090091,I,I,I,I,I,I,9,9,9,9,9
18.1091,1,2,9,2,9,2,9,9,9,1,120000,1100,1,202209,1.0344,22090092,R,R,R,R,R,R,9,9,9,9,9
23.8211,1,2,9,1,9,4,9,9,9,1,9,980,3,202209,1.0344,22090093,R,9,R,R,R,R,9,9,9,9,9
59.65,1,2,9,2,9,3,9,9,9,1,130000,1300,3,202209,1.0344,22090094,I,I,I,I,I,I,9,9,9,9,9
59.65,1,2,9,2,9,3,9,9,9,1,130000,1300,3,202209,1.0344,22090095,I,I,I,I,I,I,9,9,9,9,9
18.1091,1,2,9,1,9,2,9,9,9,1,9,1000,3,202209,1.0344,22090096,R,9,R,R,R,R,9,9,9,9,9
18.1091,1,2,9,2,9,2,9,9,9,1,96000,1000,3,202209,1.0344,22090097,R,I,I,I,R,R,9,9,9,9,9
18.1091,1,2,9,2,9,2,9,9,9,1,96000,1000,3,202209,1.0344,22090098,R,I,I,I,R,R,9,9,9,9,9
18.1091,1,2,9,2,9,2,9,9,9,1,56000,740,1,202209,1.0344,22090099,R,R,R,R,R,R,9,9,9,9,9
59.65,1,2,9,2,9,3,9,9,9,1,130000,1300,3,202209,1.0344,22090100,R,I,R,R,R,R,9,9,9,9,9
23.8211,1,2,9,2,9,4,9,9,9,1,65000,840,1,202209,1.0344,22090101,R,R,R,R,R,R,9,9,9,9,9
59.65,2,2,9,2,9,3,9,9,9,1,100000,1200,3,202209,1.0344,22090102,I,I,I,I,I,I,9,9,9,9,9
14.6,1,2,9,2,9,1,9,9,9,1,98000,1100,3,202209,1.0344,22090103,R,I,R,R,R,R,9,9,9,9,9
18.1091,1,2,9,2,9,2,9,9,9,1,86000,740,1,202209,1.0344,22090104,I,I,I,I,I,I,9,9,9,9,9
59.65,1,2,9,2,9,3,9,9,9,1,130000,1300,3,202209,1.0344,22090105,I,I,I,I,I,I,9,9,9,9,9
59.65,1,2,9,2,9,3,9,9,9,1,130000,1300,3,202209,1.0344,22090106,I,I,I,I,I,I,9,9,9,9,9
59.65,1,2,9,2,9,3,9,9,9,1,96000,1200,3,202209,1.0344,22090107,R,R,R,R,R,R,9,9,9,9,9
59.65,1,2,9,2,9,3,9,9,9,1,86000,1300,3,202209,1.0344,22090108,R,R,R,R,R,R,9,9,9,9,9
59.65,1,2,9,2,9,3,9,9,9,1,79000,1100,3,202209,1.0344,22090109,R,R,R,R,R,R,9,9,9,9,9
59.65,1,2,9,2,9,3,9,9,9,1,91000,900,3,202209,1.0344,22090110,I,I,I,I,I,I,9,9,9,9,9
18.1091,1,2,9,2,9,2,9,9,9,1,96000,1000,3,202209,1.0344,22090111,I,I,I,I,I,I,9,9,9,9,9
18.1091,1,2,9,2,9,2,9,9,9,1,91000,900,1,202209,1.0344,22090112,I,I,I,I,I,I,9,9,9,9,9
18.1091,1,2,9,2,9,2,9,9,9,1,96000,1000,3,202209,1.0344,22090113,R,I,I,I,R,R,9,9,9,9,9
59.65,1,2,9,2,9,3,9,9,9,1,92000,1300,3,202209,1.0344,22090114,R,R,R,R,R,R,9,9,9,9,9
59.65,1,2,9,2,9,3,9,9,9,1,98000,1100,1,202209,1.0344,22090115,I,I,I,I,I,I,9,9,9,9,9
18.1091,1,2,9,2,9,2,9,9,9,1,96000,1000,3,202209,1.0344,22090116,I,I,I,I,I,I,9,9,9,9,9
18.1091,1,2,9,2,9,2,9,9,9,1,96000,1000,3,202209,1.0344,22090117,I,I,I,I,I,I,9,9,9,9,9
18.1091,1,2,9,2,9,2,9,9,9,1,98000,1100,3,202209,1.0344,22090118,I,I,I,I,I,I,9,9,9,9,9
14.6,1,2,9,2,9,1,9,9,9,1,150000,920,1,202209,1.0344,22090119,R,R,R,R,R,R,9,9,9,9,9
18.1091,1,2,9,2,9,2,9,9,9,1,120000,740,1,202209,1.0344,22090120,R,R,R,R,R,R,9,9,9,9,9
59.65,1,2,9,2,9,3,9,9,9,1,130000,1200,3,202209,1.0344,22090121,R,R,R,R,R,R,9,9,9,9,9
18.1091,1,2,9,2,9,2,9,9,9,1,120000,1200,3,202209,1.0344,22090122,I,I,I,I,I,I,9,9,9,9,9
18.1091,1,2,9,2,9,2,9,9,9,1,120000,920,1,202209,1.0344,22090123,R,R,R,R,R,R,9,9,9,9,9
18.1091,1,2,9,2,9,2,9,9,9,1,99000,1200,1,202209,1.0344,22090124,R,R,R,R,R,R,9,9,9,9,9
18.1091,1,2,9,2,9,2,9,9,9,1,56000,1100,1,202209,1.0344,22090125,R,R,R,R,R,R,9,9,9,9,9
59.65,1,2,9,2,9,3,9,9,9,1,67000,1300,3,202209,1.0344,22090126,R,R,R,R,R,R,9,9,9,9,9
18.1091,1,2,9,2,9,2,9,9,9,1,96000,1000,3,202209,1.0344,22090127,I,I,I,I,I,I,9,9,9,9,9
18.1091,1,2,9,2,9,2,9,9,9,1,97000,1000,3,202209,1.0344,22090128,R,R,R,R,I,I,9,9,9,9,9
1.0,3,9,9,9,9,5,9,9,9,1,9,9,9,202209,1.0344,22090129,R,9,9,9,9,9,9,9,9,9,9
1.0,3,9,9,9,9,5,9,9,9,1,9,9,9,202209,1.0344,22090130,R,9,9,9,9,9,9,9,9,9,9
1.0,3,9,9,9,9,5,9,9,9,1,9,9,9,202209,1.0344,22090131,R,9,9,9,9,9,9,9,9,9,9
1.0,3,9,9,9,9,5,9,9,9,1,9,9,9,202209,1.0344,22090132,R,9,9,9,9,9,9,9,9,9,9
1.0,3,9,9,9,9,5,9,9,9,1,9,9,9,202209,1.0344,22090133,R,9,9,9,9,9,9,9,9,9,9
1.0,3,9,9,9,9,5,9,9,9,1,9,9,9,202209,1.0344,22090134,R,9,9,9,9,9,9,9,9,9,9
1.0,3,9,9,9,9,5,9,9,9,1,9,9,9,202209,1.0344,22090135,R,9,9,9,9,9,9,9,9,9,9
1.0,3,9,9,9,9,5,9,9,9,1,9,9,9,202209,1.0344,22090136,R,9,9,9,9,9,9,9,9,9,9
1.0,3,9,9,9,9,5,9,9,9,1,9,9,9,202209,1.0344,22090137,R,9,9,9,9,9,9,9,9,9,9
1.0,3,9,9,9,9,5,9,9,9,1,9,9,9,202209,1.0344,22090138,R,9,9,9,9,9,9,9,9,9,9
59.65,3,9,9,9,9,5,9,9,9,1,9,9,9,202209,1.0344,22090139,I,9,9,9,9,9,9,9,9,9,9
1.0,3,9,9,9,9,5,9,9,9,1,9,9,9,202209,1.0344,22090140,R,9,9,9,9,9,9,9,9,9,9
1.0,3,9,9,9,9,5,9,9,9,1,9,9,9,202209,1.0344,22090141,R,9,9,9,9,9,9,9,9,9,9
1.0,3,9,9,9,9,5,9,9,9,1,9,9,9,202209,1.0344,22090142,R,9,9,9,9,9,9,9,9,9,9
1.0,3,9,9,9,9,5,9,9,9,1,9,9,9,202209,1.0344,22090143,R,9,9,9,9,9,9,9,9,9,9
1.0,3,9,9,9,9,5,9,9,9,1,9,9,9,202209,1.0344,22090144,R,9,9,9,9,9,9,9,9,9,9
1.0,3,9,9,9,9,5,9,9,9,1,9,9,9,202209,1.0344,22090145,R,9,9,9,9,9,9,9,9,9,9
1.0,3,9,9,9,9,5,9,9,9,1,9,9,9,202209,1.0344,22090146,R,9,9,9,9,9,9,9,9,9,9
1.0,3,9,9,9,9,5,9,9,9,1,9,9,9,202209,1.0344,22090147,R,9,9,9,9,9,9,9,9,9,9
1.0,3,9,9,9,9,5,9,9,9,1,9,9,9,202209,1.0344,22090148,R,9,9,9,9,9,9,9,9,9,9
1.0,3,9,9,9,9,5,9,9,9,1,9,9,9,202209,1.0344,22090149,R,9,9,9,9,9,9,9,9,9,9
1.0,3,9,9,9,9,5,9,9,9,1,9,9,9,202209,1.0344,22090150,R,9,9,9,9,9,9,9,9,9,9
1.0,3,9,9,9,9,5,9,9,9,1,9,9,9,202209,1.0344,22090151,R,9,9,9,9,9,9,9,9,9,9
1.0,3,9,9,9,9,5,9,9,9,1,9,9,9,202209,1.0344,22090152,R,9,9,9,9,9,9,9,9,9,9
1.0,3,9,9,9,9,5,9,9,9,1,9,9,9,202209,1.0344,22090153,R,9,9,9,9,9,9,9,9,9,9
1.0,3,9,9,9,9,5,9,9,9,1,9,9,9,202209,1.0344,22090154,R,9,9,9,9,9,9,9,9,9,9
1.0,3,9,9,9,9,5,9,9,9,1,9,9,9,202209,1.0344,22090155,R,9,9,9,9,9,9,9,9,9,9
1.0,3,9,9,9,9,5,9,9,9,1,9,9,9,202209,1.0344,22090156,R,9,9,9,9,9,9,9,9,9,9
1.0,3,9,9,9,9,5,9,9,9,1,9,9,9,202209,1.0344,22090157,R,9,9,9,9,9,9,9,9,9,9
1.0,3,9,9,9,9,5,9,9,9,1,9,9,9,202209,1.0344,22090158,R,9,9,9,9,9,9,9,9,9,9
1.0,3,9,9,9,9,5,9,9,9,1,9,9,9,202209,1.0344,22090159,R,9,9,9,9,9,9,9,9,9,9
1.0,3,9,9,9,9,5,9,9,9,1,9,9,9,202209,1.0344,22090160,R,9,9,9,9,9,9,9,9,9,9
1.0,3,9,9,9,9,5,9,9,9,1,9,9,9,202209,1.0344,22090161,R,9,9,9,9,9,9,9,9,9,9
1.0,3,9,9,9,9,5,9,9,9,1,9,9,9,202209,1.0344,22090162,R,9,9,9,9,9,9,9,9,9,9
1.0,3,9,9,9,9,5,9,9,9,1,9,9,9,202209,1.0344,22090163,R,9,9,9,9,9,9,9,9,9,9
1.0,3,9,9,9,9,5,9,9,9,1,9,9,9,202209,1.0344,22090164,R,9,9,9,9,9,9,9,9,9,9
1.0,3,9,9,9,9,5,9,9,9,1,9,9,9,202209,1.0344,22090165,R,9,9,9,9,9,9,9,9,9,9
1.0,3,9,9,9,9,5,9,9,9,1,9,9,9,202209,1.0344,22090166,R,9,9,9,9,9,9,9,9,9,9
1.0,3,9,9,9,9,5,9,9,9,1,9,9,9,202209,1.0344,22090167,R,9,9,9,9,9,9,9,9,9,9
1.0,3,9,9,9,9,5,9,9,9,1,9,9,9,202209,1.0344,22090168,R,9,9,9,9,9,9,9,9,9,9
1.0,3,9,9,9,9,5,9,9,9,1,9,9,9,202209,1.0344,22090169,R,9,9,9,9,9,9,9,9,9,9
1.0,3,9,9,9,9,5,9,9,9,1,9,9,9,202209,1.0344,22090170,R,9,9,9,9,9,9,9,9,9,9
1.0,3,9,9,9,9,5,9,9,9,1,9,9,9,202209,1.0344,22090171,R,9,9,9,9,9,9,9,9,9,9
1.0,3,9,9,9,9,5,9,9,9,1,9,9,9,202209,1.0344,22090172,R,9,9,9,9,9,9,9,9,9,9
1.0,3,9,9,9,9,5,9,9,9,1,9,9,9,202209,1.0344,22090173,R,9,9,9,9,9,9,9,9,9,9
1.0,3,9,9,9,9,5,9,9,9,1,9,9,9,202209,1.0344,22090174,R,9,9,9,9,9,9,9,9,9,9
1.0,3,9,9,9,9,5,9,9,9,1,9,9,9,202209,1.0344,22090175,R,9,9,9,9,9,9,9,9,9,9
1.0,3,9,9,9,9,5,9,9,9,1,9,9,9,202209,1.0344,22090176,R,9,9,9,9,9,9,9,9,9,9
1.0,3,9,9,9,9,5,9,9,9,1,9,9,9,202209,1.0344,22090177,R,9,9,9,9,9,9,9,9,9,9
1.0,3,9,9,9,9,5,9,9,9,1,9,9,9,202209,1.0344,22090178,R,9,9,9,9,9,9,9,9,9,9
1.0,3,9,9,9,9,5,9,9,9,1,9,9,9,202209,1.0344,22090179,R,9,9,9,9,9,9,9,9,9,9
1.0,3,9,9,9,9,5,9,9,9,1,9,9,9,202209,1.0344,22090180,R,9,9,9,9,9,9,9,9,9,9
1.0,3,9,9,9,9,5,9,9,9,1,9,9,9,202209,1.0344,22090181,R,9,9,9,9,9,9,9,9,9,9
1.0,3,9,9,9,9,5,9,9,9,1,9,9,9,202209,1.0344,22090182,R,9,9,9,9,9,9,9,9,9,9
1.0,3,9,9,9,9,5,9,9,9,1,9,9,9,202209,1.0344,22090183,R,9,9,9,9,9,9,9,9,9,9
1.0,3,9,9,9,9,5,9,9,9,1,9,9,9,202209,1.0344,22090184,R,9,9,9,9,9,9,9,9,9,9
1.0,3,9,9,9,9,5,9,9,9,1,9,9,9,202209,1.0344,22090185,R,9,9,9,9,9,9,9,9,9,9
1.0,3,9,9,9,9,5,9,9,9,1,9,9,9,202209,1.0344,22090186,R,9,9,9,9,9,9,9,9,9,9
1.0,3,9,9,9,9,5,9,9,9,1,9,9,9,202209,1.0344,22090187,R,9,9,9,9,9,9,9,9,9,9
1.0,3,9,9,9,9,5,9,9,9,1,9,9,9,202209,1.0344,22090188,R,9,9,9,9,9,9,9,9,9,9
1.0,3,9,9,9,9,5,9,9,9,1,9,9,9,202209,1.0344,22090189,R,9,9,9,9,9,9,9,9,9,9
1.0,3,9,9,9,9,5,9,9,9,1,9,9,9,202209,1.0344,22090190,R,9,9,9,9,9,9,9,9,9,9
1.0,3,9,9,9,9,5,9,9,9,1,9,9,9,202209,1.0344,22090191,R,9,9,9,9,9,9,9,9,9,9
1.0,3,9,9,9,9,5,9,9,9,1,9,9,9,202209,1.0344,22090192,R,9,9,9,9,9,9,9,9,9,9
1.0,3,9,9,9,9,5,9,9,9,1,9,9,9,202209,1.0344,22090193,R,9,9,9,9,9,9,9,9,9,9
1.0,3,9,9,9,9,5,9,9,9,1,9,9,9,202209,1.0344,22090194,R,9,9,9,9,9,9,9,9,9,9
1.0,3,9,9,9,9,5,9,9,9,1,9,9,9,202209,1.0344,22090195,R,9,9,9,9,9,9,9,9,9,9
1.0,3,9,9,9,9,5,9,9,9,1,9,9,9,202209,1.0344,22090196,R,9,9,9,9,9,9,9,9,9,9
1.0,3,9,9,9,9,5,9,9,9,1,9,9,9,202209,1.0344,22090197,R,9,9,9,9,9,9,9,9,9,9
1.0,3,9,9,9,9,5,9,9,9,1,9,9,9,202209,1.0344,22090198,R,9,9,9,9,9,9,9,9,9,9
1.0,3,9,9,9,9,5,9,9,9,1,9,9,9,202209,1.0344,22090199,R,9,9,9,9,9,9,9,9,9,9
1.0,3,9,9,9,9,5,9,9,9,1,9,9,9,202209,1.0344,22090200,R,9,9,9,9,9,9,9,9,9,9
1.0,3,9,9,9,9,5,9,9,9,1,9,9,9,202209,1.0344,22090201,R,9,9,9,9,9,9,9,9,9,9
1.0,3,9,9,9,9,5,9,9,9,1,9,9,9,202209,1.0344,22090202,R,9,9,9,9,9,9,9,9,9,9
1.0,3,9,9,9,9,5,9,9,9,1,9,9,9,202209,1.0344,22090203,R,9,9,9,9,9,9,9,9,9,9
1.0,3,9,9,9,9,5,9,9,9,1,9,9,9,202209,1.0344,22090204,R,9,9,9,9,9,9,9,9,9,9
1.0,3,9,9,9,9,5,9,9,9,1,9,9,9,202209,1.0344,22090205,R,9,9,9,9,9,9,9,9,9,9
1.0,3,9,9,9,9,5,9,9,9,1,9,9,9,202209,1.0344,22090206,R,9,9,9,9,9,9,9,9,9,9
1.0,3,9,9,9,9,5,9,9,9,1,9,9,9,202209,1.0344,22090207,R,9,9,9,9,9,9,9,9,9,9
1.0,3,9,9,9,9,5,9,9,9,1,9,9,9,202209,1.0344,22090208,R,9,9,9,9,9,9,9,9,9,9
1.0,3,9,9,9,9,5,9,9,9,1,9,9,9,202209,1.0344,22090209,R,9,9,9,9,9,9,9,9,9,9
1.0,3,9,9,9,9,5,9,9,9,1,9,9,9,202209,1.0344,22090210,R,9,9,9,9,9,9,9,9,9,9
1.0,3,9,9,9,9,5,9,9,9,1,9,9,9,202209,1.0344,22090211,R,9,9,9,9,9,9,9,9,9,9
1.0,3,9,9,9,9,5,9,9,9,1,9,9,9,202209,1.0344,22090212,R,9,9,9,9,9,9,9,9,9,9
1.0,3,9,9,9,9,5,9,9,9,1,9,9,9,202209,1.0344,22090213,R,9,9,9,9,9,9,9,9,9,9
1.0,3,9,9,9,9,5,9,9,9,1,9,9,9,202209,1.0344,22090214,R,9,9,9,9,9,9,9,9,9,9
1.0,3,9,9,9,9,5,9,9,9,1,9,9,9,202209,1.0344,22090215,R,9,9,9,9,9,9,9,9,9,9
1.0,3,9,9,9,9,5,9,9,9,1,9,9,9,202209,1.0344,22090216,R,9,9,9,9,9,9,9,9,9,9
1.0,3,9,9,9,9,5,9,9,9,1,9,9,9,202209,1.0344,22090217,R,9,9,9,9,9,9,9,9,9,9
1.0,3,9,9,9,9,5,9,9,9,1,9,9,9,202209,1.0344,22090218,R,9,9,9,9,9,9,9,9,9,9
1.0,3,9,9,9,9,5,9,9,9,1,9,9,9,202209,1.0344,22090219,R,9,9,9,9,9,9,9,9,9,9
1.0,3,9,9,9,9,5,9,9,9,1,9,9,9,202209,1.0344,22090220,R,9,9,9,9,9,9,9,9,9,9
1.0,3,9,9,9,9,5,9,9,9,1,9,9,9,202209,1.0344,22090221,R,9,9,9,9,9,9,9,9,9,9
1.0,3,9,9,9,9,5,9,9,9,1,9,9,9,202209,1.0344,22090222,R,9,9,9,9,9,9,9,9,9,9
1.0,3,9,9,9,9,5,9,9,9,1,9,9,9,202209,1.0344,22090223,R,9,9,9,9,9,9,9,9,9,9
1.0,3,9,9,9,9,5,9,9,9,1,9,9,9,202209,1.0344,22090224,R,9,9,9,9,9,9,9,9,9,9
1.0,3,9,9,9,9,5,9,9,9,1,9,9,9,202209,1.0344,22090225,R,9,9,9,9,9,9,9,9,9,9
1.0,3,9,9,9,9,5,9,9,9,1,9,9,9,202209,1.0344,22090226,R,9,9,9,9,9,9,9,9,9,9
1.0,3,9,9,9,9,5,9,9,9,1,9,9,9,202209,1.0344,22090227,R,9,9,9,9,9,9,9,9,9,9
1.0,3,9,9,9,9,5,9,9,9,1,9,9,9,202209,1.0344,22090228,R,9,9,9,9,9,9,9,9,9,9
1.0,3,9,9,9,9,5,9,9,9,1,9,9,9,202209,1.0344,22090229,R,9,9,9,9,9,9,9,9,9,9
1.0,3,9,9,9,9,5,9,9,9,1,9,9,9,202209,1.0344,22090230,R,9,9,9,9,9,9,9,9,9,9
1.0,3,9,9,9,9,5,9,9,9,1,9,9,9,202209,1.0344,22090231,R,9,9,9,9,9,9,9,9,9,9
1.0,3,9,9,9,9,5,9,9,9,1,9,9,9,202209,1.0344,22090232,R,9,9,9,9,9,9,9,9,9,9
1.0,3,9,9,9,9,5,9,9,9,1,9,9,9,202209,1.0344,22090233,R,9,9,9,9,9,9,9,9,9,9
1.0,3,9,9,9,9,5,9,9,9,1,9,9,9,202209,1.0344,22090234,R,9,9,9,9,9,9,9,9,9,9
1.0,3,9,9,9,9,5,9,9,9,1,9,9,9,202209,1.0344,22090235,R,9,9,9,9,9,9,9,9,9,9
1.0,3,9,9,9,9,5,9,9,9,1,9,9,9,202209,1.0344,22090236,R,9,9,9,9,9,9,9,9,9,9
1.0,3,9,9,9,9,5,9,9,9,1,9,9,9,202209,1.0344,22090237,R,9,9,9,9,9,9,9,9,9,9
1.0,3,9,9,9,9,5,9,9,9,1,9,9,9,202209,1.0344,22090238,R,9,9,9,9,9,9,9,9,9,9
1.0,3,9,9,9,9,5,9,9,9,1,9,9,9,202209,1.0344,22090239,R,9,9,9,9,9,9,9,9,9,9
1.0,3,9,9,9,9,5,9,9,9,1,9,9,9,202209,1.0344,22090240,R,9,9,9,9,9,9,9,9,9,9
1.0,3,9,9,9,9,5,9,9,9,1,9,9,9,202209,1.0344,22090241,R,9,9,9,9,9,9,9,9,9,9
1.0,3,9,9,9,9,5,9,9,9,1,9,9,9,202209,1.0344,22090242,R,9,9,9,9,9,9,9,9,9,9
1.0,3,9,9,9,9,5,9,9,9,1,9,9,9,202209,1.0344,22090243,R,9,9,9,9,9,9,9,9,9,9
1.0,3,9,9,9,9,5,9,9,9,1,9,9,9,202209,1.0344,22090244,R,9,9,9,9,9,9,9,9,9,9
1.0,3,9,9,9,9,5,9,9,9,1,9,9,9,202209,1.0344,22090245,R,9,9,9,9,9,9,9,9,9,9
1.0,3,9,9,9,9,5,9,9,9,1,9,9,9,202209,1.0344,22090246,R,9,9,9,9,9,9,9,9,9,9
1.0,3,9,9,9,9,5,9,9,9,1,9,9,9,202209,1.0344,22090247,R,9,9,9,9,9,9,9,9,9,9
1.0,3,9,9,9,9,5,9,9,9,1,9,9,9,202209,1.0344,22090248,R,9,9,9,9,9,9,9,9,9,9
1.0,3,9,9,9,9,5,9,9,9,1,9,9,9,202209,1.0344,22090249,R,9,9,9,9,9,9,9,9,9,9
1.0,3,9,9,9,9,5,9,9,9,1,9,9,9,202209,1.0344,22090250,R,9,9,9,9,9,9,9,9,9,9
1.0,3,9,9,9,9,5,9,9,9,1,9,9,9,202209,1.0344,22090251,R,9,9,9,9,9,9,9,9,9,9
1.0,3,9,9,9,9,5,9,9,9,1,9,9,9,202209,1.0344,22090252,R,9,9,9,9,9,9,9,9,9,9
1.0,3,9,9,9,9,5,9,9,9,1,9,9,9,202209,1.0344,22090253,R,9,9,9,9,9,9,9,9,9,9
1.0,3,9,9,9,9,5,9,9,9,1,9,9,9,202209,1.0344,22090254,R,9,9,9,9,9,9,9,9,9,9
1.0,3,9,9,9,9,5,9,9,9,1,9,9,9,202209,1.0344,22090255,R,9,9,9,9,9,9,9,9,9,9
1.0,3,9,9,9,9,5,9,9,9,1,9,9,9,202209,1.0344,22090256,R,9,9,9,9,9,9,9,9,9,9
1.0,3,9,9,9,9,5,9,9,9,1,9,9,9,202209,1.0344,22090257,R,9,9,9,9,9,9,9,9,9,9
1.0,3,9,9,9,9,5,9,9,9,1,9,9,9,202209,1.0344,22090258,R,9,9,9,9,9,9,9,9,9,9
1.0,3,9,9,9,9,5,9,9,9,1,9,9,9,202209,1.0344,22090259,R,9,9,9,9,9,9,9,9,9,9
1.0,3,9,9,9,9,5,9,9,9,1,9,9,9,202209,1.0344,22090260,R,9,9,9,9,9,9,9,9,9,9
1.0,3,9,9,9,9,5,9,9,9,1,9,9,9,202209,1.0344,22090261,R,9,9,9,9,9,9,9,9,9,9
1.0,3,9,9,9,9,5,9,9,9,1,9,9,9,202209,1.0344,22090262,R,9,9,9,9,9,9,9,9,9,9
1.0,3,9,9,9,9,5,9,9,9,1,9,9,9,202209,1.0344,22090263,R,9,9,9,9,9,9,9,9,9,9
1.0,3,9,9,9,9,5,9,9,9,1,9,9,9,202209,1.0344,22090264,R,9,9,9,9,9,9,9,9,9,9
1.0,3,9,9,9,9,5,9,9,9,1,9,9,9,202209,1.0344,22090265,R,9,9,9,9,9,9,9,9,9,9
1.0,3,9,9,9,9,5,9,9,9,1,9,9,9,202209,1.0344,22090266,R,9,9,9,9,9,9,9,9,9,9
1.0,3,9,9,9,9,5,9,9,9,1,9,9,9,202209,1.0344,22090267,R,9,9,9,9,9,9,9,9,9,9
1.0,3,9,9,9,9,5,9,9,9,1,9,9,9,202209,1.0344,22090268,R,9,9,9,9,9,9,9,9,9,9
1.0,3,9,9,9,9,5,9,9,9,1,9,9,9,202209,1.0344,22090269,R,9,9,9,9,9,9,9,9,9,9
1.0,3,9,9,9,9,5,9,9,9,1,9,9,9,202209,1.0344,22090270,R,9,9,9,9,9,9,9,9,9,9
1.0,3,9,9,9,9,5,9,9,9,1,9,9,9,202209,1.0344,22090271,R,9,9,9,9,9,9,9,9,9,9
1.0,3,9,9,9,9,5,9,9,9,1,9,9,9,202209,1.0344,22090272,R,9,9,9,9,9,9,9,9,9,9
1.0,3,9,9,9,9,5,9,9,9,1,9,9,9,202209,1.0344,22090273,R,9,9,9,9,9,9,9,9,9,9
1.0,3,9,9,9,9,5,9,9,9,1,9,9,9,202209,1.0344,22090274,R,9,9,9,9,9,9,9,9,9,9
1.0,3,9,9,9,9,5,9,9,9,1,9,9,9,202209,1.0344,22090275,R,9,9,9,9,9,9,9,9,9,9
1.0,3,9,9,9,9,5,9,9,9,1,9,9,9,202209,1.0344,22090276,R,9,9,9,9,9,9,9,9,9,9
1.0,3,9,9,9,9,5,9,9,9,1,9,9,9,202209,1.0344,22090277,R,9,9,9,9,9,9,9,9,9,9
1.0,3,9,9,9,9,5,9,9,9,1,9,9,9,202209,1.0344,22090278,R,9,9,9,9,9,9,9,9,9,9
1.0,3,9,9,9,9,5,9,9,9,1,9,9,9,202209,1.0344,22090279,R,9,9,9,9,9,9,9,9,9,9
1.0,3,9,9,9,9,5,9,9,9,1,9,9,9,202209,1.0344,22090280,R,9,9,9,9,9,9,9,9,9,9
1.0,3,9,9,9,9,5,9,9,9,1,9,9,9,202209,1.0344,22090281,R,9,9,9,9,9,9,9,9,9,9
1.0,3,9,9,9,9,5,9,9,9,1,9,9,9,202209,1.0344,22090282,R,9,9,9,9,9,9,9,9,9,9
1.0,3,9,9,9,9,5,9,9,9,1,9,9,9,202209,1.0344,22090283,R,9,9,9,9,9,9,9,9,9,9
1.0,3,9,9,9,9,5,9,9,9,1,9,9,9,202209,1.0344,22090284,R,9,9,9,9,9,9,9,9,9,9
1.0,3,9,9,9,9,5,9,9,9,1,9,9,9,202209,1.0344,22090285,R,9,9,9,9,9,9,9,9,9,9
1.0,3,9,9,9,9,5,9,9,9,1,9,9,9,202209,1.0344,22090286,R,9,9,9,9,9,9,9,9,9,9
1.0,3,9,9,9,9,5,9,9,9,1,9,9,9,202209,1.0344,22090287,R,9,9,9,9,9,9,9,9,9,9
1.0,3,9,9,9,9,5,9,9,9,1,9,9,9,202209,1.0344,22090288,R,9,9,9,9,9,9,9,9,9,9
1.0,3,9,9,9,9,5,9,9,9,1,9,9,9,202209,1.0344,22090289,R,9,9,9,9,9,9,9,9,9,9
1.0,3,9,9,9,9,5,9,9,9,1,9,9,9,202209,1.0344,22090290,R,9,9,9,9,9,9,9,9,9,9
1.0,3,9,9,9,9,5,9,9,9,1,9,9,9,202209,1.0344,22090291,R,9,9,9,9,9,9,9,9,9,9
1.0,3,9,9,9,9,5,9,9,9,1,9,9,9,202209,1.0344,22090292,R,9,9,9,9,9,9,9,9,9,9
1.0,3,9,9,9,9,5,9,9,9,1,9,9,9,202209,1.0344,22090293,R,9,9,9,9,9,9,9,9,9,9
1.0,3,9,9,9,9,5,9,9,9,1,9,9,9,202209,1.0344,22090294,R,9,9,9,9,9,9,9,9,9,9
1.0,3,9,9,9,9,5,9,9,9,1,9,9,9,202209,1.0344,22090295,R,9,9,9,9,9,9,9,9,9,9
1.0,3,9,9,9,9,5,9,9,9,1,9,9,9,202209,1.0344,22090296,R,9,9,9,9,9,9,9,9,9,9
1.0,3,9,9,9,9,5,9,9,9,1,9,9,9,202209,1.0344,22090297,R,9,9,9,9,9,9,9,9,9,9
1.0,3,9,9,9,9,5,9,9,9,1,9,9,9,202209,1.0344,22090298,R,9,9,9,9,9,9,9,9,9,9
1.0,3,9,9,9,9,5,9,9,9,1,9,9,9,202209,1.0344,22090299,R,9,9,9,9,9,9,9,9,9,9
1.0,3,9,9,9,9,5,9,9,9,1,9,9,9,202209,1.0344,22090300,R,9,9,9,9,9,9,9,9,9,9
1.0,3,9,9,9,9,5,9,9,9,1,9,9,9,202209,1.0344,22090301,R,9,9,9,9,9,9,9,9,9,9
1.0,3,9,9,9,9,5,9,9,9,1,9,9,9,202209,1.0344,22090302,R,9,9,9,9,9,9,9,9,9,9
1.0,3,9,9,9,9,5,9,9,9,1,9,9,9,202209,1.0344,22090303,R,9,9,9,9,9,9,9,9,9,9
1.0,3,9,9,9,9,5,9,9,9,1,9,9,9,202209,1.0344,22090304,R,9,9,9,9,9,9,9,9,9,9
1.0,3,9,9,9,9,5,9,9,9,1,9,9,9,202209,1.0344,22090305,R,9,9,9,9,9,9,9,9,9,9
1.0,3,9,9,9,9,5,9,9,9,1,9,9,9,202209,1.0344,22090306,R,9,9,9,9,9,9,9,9,9,9
1.0,3,9,9,9,9,5,9,9,9,1,9,9,9,202209,1.0344,22090307,R,9,9,9,9,9,9,9,9,9,9
1.0,3,9,9,9,9,5,9,9,9,1,9,9,9,202209,1.0344,22090308,R,9,9,9,9,9,9,9,9,9,9
1.0,3,9,9,9,9,5,9,9,9,1,9,9,9,202209,1.0344,22090309,R,9,9,9,9,9,9,9,9,9,9
1.0,3,9,9,9,9,5,9,9,9,1,9,9,9,202209,1.0344,22090310,R,9,9,9,9,9,9,9,9,9,9
1.0,3,9,9,9,9,5,9,9,9,1,9,9,9,202209,1.0344,22090311,R,9,9,9,9,9,9,9,9,9,9
1.0,3,9,9,9,9,5,9,9,9,1,9,9,9,202209,1.0344,22090312,R,9,9,9,9,9,9,9,9,9,9
1.0,3,9,9,9,9,5,9,9,9,1,9,9,9,202209,1.0344,22090313,R,9,9,9,9,9,9,9,9,9,9
1.0,3,9,9,9,9,5,9,9,9,1,9,9,9,202209,1.0344,22090314,R,9,9,9,9,9,9,9,9,9,9
1.0,3,9,9,9,9,5,9,9,9,1,9,9,9,202209,1.0344,22090315,R,9,9,9,9,9,9,9,9,9,9
1.0,3,9,9,9,9,5,9,9,9,1,9,9,9,202209,1.0344,22090316,R,9,9,9,9,9,9,9,9,9,9
1.0,3,9,9,9,9,5,9,9,9,1,9,9,9,202209,1.0344,22090317,R,9,9,9,9,9,9,9,9,9,9
1.0,3,9,9,9,9,5,9,9,9,1,9,9,9,202209,1.0344,22090318,R,9,9,9,9,9,9,9,9,9,9
1.0,3,9,9,9,9,5,9,9,9,1,9,9,9,202209,1.0344,22090319,R,9,9,9,9,9,9,9,9,9,9
1.0,3,9,9,9,9,5,9,9,9,1,9,9,9,202209,1.0344,22090320,R,9,9,9,9,9,9,9,9,9,9
1.0,3,9,9,9,9,5,9,9,9,1,9,9,9,202209,1.0344,22090321,R,9,9,9,9,9,9,9,9,9,9
1.0,3,9,9,9,9,5,9,9,9,1,9,9,9,202209,1.0344,22090322,R,9,9,9,9,9,9,9,9,9,9
1.0,3,9,9,9,9,5,9,9,9,1,9,9,9,202209,1.0344,22090323,R,9,9,9,9,9,9,9,9,9,9
1.0,3,9,9,9,9,5,9,9,9,1,9,9,9,202209,1.0344,22090324,R,9,9,9,9,9,9,9,9,9,9
1.0,3,9,9,9,9,5,9,9,9,1,9,9,9,202209,1.0344,22090325,R,9,9,9,9,9,9,9,9,9,9
1.0,3,9,9,9,9,5,9,9,9,1,9,9,9,202209,1.0344,22090326,R,9,9,9,9,9,9,9,9,9,9
1.0,3,9,9,9,9,5,9,9,9,1,9,9,9,202209,1.0344,22090327,R,9,9,9,9,9,9,9,9,9,9
1.0,3,9,9,9,9,5,9,9,9,1,9,9,9,202209,1.0344,22090328,R,9,9,9,9,9,9,9,9,9,9
1.0,3,9,9,9,9,5,9,9,9,1,9,9,9,202209,1.0344,22090329,R,9,9,9,9,9,9,9,9,9,9
1.0,3,9,9,9,9,5,9,9,9,1,9,9,9,202209,1.0344,22090330,R,9,9,9,9,9,9,9,9,9,9
1.0,3,9,9,9,9,5,9,9,9,1,9,9,9,202209,1.0344,22090331,R,9,9,9,9,9,9,9,9,9,9
1.0,3,9,9,9,9,5,9,9,9,1,9,9,9,202209,1.0344,22090332,R,9,9,9,9,9,9,9,9,9,9
1.0,3,9,9,9,9,5,9,9,9,1,9,9,9,202209,1.0344,22090333,R,9,9,9,9,9,9,9,9,9,9
1.0,3,9,9,9,9,5,9,9,9,1,9,9,9,202209,1.0344,22090334,R,9,9,9,9,9,9,9,9,9,9
1.0,3,9,9,9,9,5,9,9,9,1,9,9,9,202209,1.0344,22090335,R,9,9,9,9,9,9,9,9,9,9
1.0,3,9,9,9,9,5,9,9,9,1,9,9,9,202209,1.0344,22090336,R,9,9,9,9,9,9,9,9,9,9
1.0,3,9,9,9,9,5,9,9,9,1,9,9,9,202209,1.0344,22090337,R,9,9,9,9,9,9,9,9,9,9
1.0,3,9,9,9,9,5,9,9,9,1,9,9,9,202209,1.0344,22090338,R,9,9,9,9,9,9,9,9,9,9
1.0,3,9,9,9,9,5,9,9,9,1,9,9,9,202209,1.0344,22090339,R,9,9,9,9,9,9,9,9,9,9
1.0,3,9,9,9,9,5,9,9,9,1,9,9,9,202209,1.0344,22090340,R,9,9,9,9,9,9,9,9,9,9
1.0,3,9,9,9,9,5,9,9,9,1,9,9,9,202209,1.0344,22090341,R,9,9,9,9,9,9,9,9,9,9
1.0,3,9,9,9,9,5,9,9,9,1,9,9,9,202209,1.0344,22090342,R,9,9,9,9,9,9,9,9,9,9
1.0,3,9,9,9,9,5,9,9,9,1,9,9,9,202209,1.0344,22090343,R,9,9,9,9,9,9,9,9,9,9
1.0,3,9,9,9,9,5,9,9,9,1,9,9,9,202209,1.0344,22090344,R,9,9,9,9,9,9,9,9,9,9
1.0,3,9,9,9,9,5,9,9,9,1,9,9,9,202209,1.0344,22090345,R,9,9,9,9,9,9,9,9,9,9
1.0,3,9,9,9,9,5,9,9,9,1,9,9,9,202209,1.0344,22090346,R,9,9,9,9,9,9,9,9,9,9
1.0,3,9,9,9,9,5,9,9,9,1,9,9,9,202209,1.0344,22090347,R,9,9,9,9,9,9,9,9,9,9
1.0,3,9,9,9,9,5,9,9,9,1,9,9,9,202209,1.0344,22090348,R,9,9,9,9,9,9,9,9,9,9
1.0,3,9,9,9,9,5,9,9,9,1,9,9,9,202209,1.0344,22090349,R,9,9,9,9,9,9,9,9,9,9
1.0,3,9,9,9,9,5,9,9,9,1,9,9,9,202209,1.0344,22090350,R,9,9,9,9,9,9,9,9,9,9
1.0,3,9,9,9,9,5,9,9,9,1,9,9,9,202209,1.0344,22090351,R,9,9,9,9,9,9,9,9,9,9
1.0,3,9,9,9,9,5,9,9,9,1,9,9,9,202209,1.0344,22090352,R,9,9,9,9,9,9,9,9,9,9
1.0,3,9,9,9,9,5,9,9,9,1,9,9,9,202209,1.0344,22090353,R,9,9,9,9,9,9,9,9,9,9
1.0,3,9,9,9,9,5,9,9,9,1,9,9,9,202209,1.0344,22090354,R,9,9,9,9,9,9,9,9,9,9
1.0,3,9,9,9,9,5,9,9,9,1,9,9,9,202209,1.0344,22090355,R,9,9,9,9,9,9,9,9,9,9
1.0,3,9,9,9,9,5,9,9,9,1,9,9,9,202209,1.0344,22090356,R,9,9,9,9,9,9,9,9,9,9
1.0,3,9,9,9,9,5,9,9,9,1,9,9,9,202209,1.0344,22090357,R,9,9,9,9,9,9,9,9,9,9
1.0,3,9,9,9,9,5,9,9,9,1,9,9,9,202209,1.0344,22090358,R,9,9,9,9,9,9,9,9,9,9
1.0,3,9,9,9,9,5,9,9,9,1,9,9,9,202209,1.0344,22090359,R,9,9,9,9,9,9,9,9,9,9
1.0,3,9,9,9,9,5,9,9,9,1,9,9,9,202209,1.0344,22090360,R,9,9,9,9,9,9,9,9,9,9
1.0,3,9,9,9,9,5,9,9,9,1,9,9,9,202209,1.0344,22090361,R,9,9,9,9,9,9,9,9,9,9
1.0,3,9,9,9,9,5,9,9,9,1,9,9,9,202209,1.0344,22090362,R,9,9,9,9,9,9,9,9,9,9
1.0,3,9,9,9,9,5,9,9,9,1,9,9,9,202209,1.0344,22090363,R,9,9,9,9,9,9,9,9,9,9
1.0,3,9,9,9,9,5,9,9,9,1,9,9,9,202209,1.0344,22090364,R,9,9,9,9,9,9,9,9,9,9
1.0,3,9,9,9,9,5,9,9,9,1,9,9,9,202209,1.0344,22090365,R,9,9,9,9,9,9,9,9,9,9
1.0,3,9,9,9,9,5,9,9,9,1,9,9,9,202209,1.0344,22090366,R,9,9,9,9,9,9,9,9,9,9
1.0,3,9,9,9,9,5,9,9,9,1,9,9,9,202209,1.0344,22090367,R,9,9,9,9,9,9,9,9,9,9
1.0,3,9,9,9,9,5,9,9,9,1,9,9,9,202209,1.0344,22090368,R,9,9,9,9,9,9,9,9,9,9
1.0,3,9,9,9,9,5,9,9,9,1,9,9,9,202209,1.0344,22090369,R,9,9,9,9,9,9,9,9,9,9
1.0,3,9,9,9,9,5,9,9,9,1,9,9,9,202209,1.0344,22090370,R,9,9,9,9,9,9,9,9,9,9
1.0,3,9,9,9,9,5,9,9,9,1,9,9,9,202209,1.0344,22090371,R,9,9,9,9,9,9,9,9,9,9
1.0,3,9,9,9,9,5,9,9,9,1,9,9,9,202209,1.0344,22090372,R,9,9,9,9,9,9,9,9,9,9
1.0,3,9,9,9,9,5,9,9,9,1,9,9,9,202209,1.0344,22090373,R,9,9,9,9,9,9,9,9,9,9
1.0,3,9,9,9,9,5,9,9,9,1,9,9,9,202209,1.0344,22090374,R,9,9,9,9,9,9,9,9,9,9
1.0,3,9,9,9,9,5,9,9,9,1,9,9,9,202209,1.0344,22090375,R,9,9,9,9,9,9,9,9,9,9
1.0,3,9,9,9,9,5,9,9,9,1,9,9,9,202209,1.0344,22090376,R,9,9,9,9,9,9,9,9,9,9
1.0,3,9,9,9,9,5,9,9,9,1,9,9,9,202209,1.0344,22090377,R,9,9,9,9,9,9,9,9,9,9
1.0,3,9,9,9,9,5,9,9,9,1,9,9,9,202209,1.0344,22090378,R,9,9,9,9,9,9,9,9,9,9
1.0,3,9,9,9,9,5,9,9,9,1,9,9,9,202209,1.0344,22090379,R,9,9,9,9,9,9,9,9,9,9
1.0,3,9,9,9,9,5,9,9,9,1,9,9,9,202209,1.0344,22090380,R,9,9,9,9,9,9,9,9,9,9
1.0,3,9,9,9,9,5,9,9,9,1,9,9,9,202209,1.0344,22090381,R,9,9,9,9,9,9,9,9,9,9
1.0,3,9,9,9,9,5,9,9,9,1,9,9,9,202209,1.0344,22090382,R,9,9,9,9,9,9,9,9,9,9
1.0,3,9,9,9,9,5,9,9,9,1,9,9,9,202209,1.0344,22090383,R,9,9,9,9,9,9,9,9,9,9
1.0,3,9,9,9,9,5,9,9,9,1,9,9,9,202209,1.0344,22090384,R,9,9,9,9,9,9,9,9,9,9
1.0,3,9,9,9,9,5,9,9,9,1,9,9,9,202209,1.0344,22090385,R,9,9,9,9,9,9,9,9,9,9
29.825000000000003,2,1,3,2,2,3,1,1,2,2,160000,1900,3,202209,1.046,22090386,R,R,R,R,R,R,R,R,R,R,R
29.825000000000003,2,1,4,2,3,3,1,2,2,2,240000,2500,3,202209,1.046,22090387,R,R,R,R,R,R,R,R,R,R,R
29.825000000000003,2,1,3,2,2,3,1,1,2,2,240000,2000,3,202209,1.046,22090388,R,R,R,R,R,R,R,R,R,R,R
11.9105,2,1,3,2,2,4,1,1,2,2,96000,910,1,202209,1.046,22090389,R,R,R,R,R,R,R,R,R,R,R
11.9105,2,1,5,2,2,4,4,3,3,2,170000,1800,3,202209,1.046,22090390,R,I,R,R,R,R,R,R,R,R,R
11.9105,2,1,3,2,1,4,1,1,2,2,160000,1100,1,202209,1.046,22090391,R,R,R,R,R,R,R,R,R,R,R
11.9105,1,1,3,2,1,4,3,1,2,2,160000,1600,3,202209,1.046,22090392,I,I,I,I,I,I,I,I,I,I,I
11.9105,2,1,3,2,3,4,3,1,2,2,160000,1700,3,202209,1.046,22090393,R,I,R,R,R,R,R,I,R,I,I
11.9105,1,1,4,2,1,4,3,2,2,2,150000,1300,1,202209,1.046,22090394,R,I,R,R,R,R,I,I,R,I,I
11.9105,2,1,3,2,2,4,1,1,2,2,210000,1200,1,202209,1.046,22090395,R,R,R,R,R,R,R,R,R,R,R
11.9105,2,1,3,2,3,4,3,1,1,2,300000,1900,3,202209,1.046,22090396,R,R,R,R,R,R,R,R,R,R,R
11.9105,1,1,5,2,1,4,3,1,2,2,140000,1200,1,202209,1.046,22090397,R,I,R,R,R,R,I,I,R,I,I
11.9105,2,1,3,1,1,4,3,3,1,2,9,910,3,202209,1.046,22090398,I,9,I,I,I,I,I,I,I,I,I
11.9105,2,1,4,2,1,4,3,1,2,2,150000,1500,3,202209,1.046,22090399,R,I,I,I,R,R,I,I,R,I,I
11.9105,1,1,4,2,1,4,2,1,2,2,230000,1300,3,202209,1.046,22090400,R,R,R,R,R,R,R,R,R,R,R
11.9105,2,1,4,2,1,4,3,1,2,2,120000,910,1,202209,1.046,22090401,R,I,I,I,R,R,I,I,R,I,I
11.9105,1,1,3,2,1,4,1,1,2,2,200000,1800,1,202209,1.046,22090402,R,R,R,R,R,R,R,R,R,R,R
11.9105,2,1,4,2,1,4,3,1,2,2,140000,1300,3,202209,1.046,22090403,I,I,I,I,I,I,I,I,I,I,I
11.9105,2,1,5,2,1,4,3,1,2,2,180000,2000,3,202209,1.046,22090404,I,I,I,I,I,I,I,I,I,I,I
11.9105,1,1,3,2,1,4,3,3,2,2,140000,1300,3,202209,1.046,22090405,I,I,I,I,I,I,I,I,I,I,I
11.9105,2,1,4,2,1,4,2,1,2,2,300000,1500,3,202209,1.046,22090406,R,R,R,R,R,R,R,R,R,R,R
11.9105,1,1,4,2,1,4,3,1,3,2,170000,1800,1,202209,1.046,22090407,I,I,I,I,I,I,I,I,I,I,I
11.9105,2,1,5,2,3,4,4,3,1,2,150000,1700,1,202209,1.046,22090408,R,R,R,R,R,R,R,R,R,R,R
11.9105,1,1,4,2,1,4,3,1,2,2,150000,1500,3,202209,1.046,22090409,I,I,I,I,I,I,I,I,I,I,I
11.9105,2,1,3,2,1,4,1,1,2,2,140000,1200,1,202209,1.046,22090410,R,I,I,I,R,R,I,I,R,I,I
11.9105,1,1,3,2,1,4,1,1,2,2,140000,1600,3,202209,1.046,22090411,R,R,R,R,R,R,R,R,R,R,R
11.9105,2,1,3,2,1,4,1,1,2,2,130000,1100,1,202209,1.046,22090412,I,I,I,I,I,I,I,I,I,I,I
11.9105,2,1,3,2,1,4,2,1,2,2,220000,1600,3,202209,1.046,22090413,R,R,R,R,R,R,R,R,R,R,R
7.3,2,1,3,2,1,1,1,1,2,2,160000,1600,3,202209,1.046,22090414,R,I,I,I,R,R,I,I,R,I,I
29.825000000000003,2,1,3,2,1,3,1,1,2,2,160000,1600,3,202209,1.046,22090415,R,R,R,R,R,R,I,I,R,I,I
29.825000000000003,2,1,5,2,3,3,1,1,2,2,180000,1800,3,202209,1.046,22090416,R,R,R,R,R,R,I,R,I,R,R
29.825000000000003,2,1,5,2,3,3,1,1,2,2,200000,2500,3,202209,1.046,22090417,I,I,I,I,I,I,I,I,I,I,I
29.825000000000003,2,1,4,2,3,3,1,1,1,2,130000,1100,1,202209,1.046,22090418,R,R,R,R,R,R,R,R,R,R,R
29.825000000000003,2,1,3,2,3,3,1,1,2,2,140000,1100,1,202209,1.046,22090419,I,I,I,I,I,I,I,I,I,I,I
29.825000000000003,2,1,3,2,3,3,1,1,2,2,170000,2100,3,202209,1.046,22090420,R,R,R,R,R,R,R,R,R,R,R
29.825000000000003,2,1,4,2,1,3,1,1,2,2,190000,1400,1,202209,1.046,22090421,R,R,R,R,R,R,R,R,R,R,R
29.825000000000003,2,1,5,2,3,3,1,1,1,2,110000,1100,3,202209,1.046,22090422,R,R,R,R,R,R,R,R,R,R,R
29.825000000000003,2,1,3,2,3,3,1,1,2,2,180000,2100,3,202209,1.046,22090423,I,I,I,I,I,I,I,I,I,I,I
29.825000000000003,2,1,4,2,1,3,1,1,2,2,160000,1600,3,202209,1.046,22090424,R,I,I,I,R,R,I,I,R,I,I
29.825000000000003,2,1,3,2,3,3,1,2,2,2,87000,1100,3,202209,1.046,22090425,R,R,R,R,R,R,R,R,R,R,R
29.825000000000003,2,1,5,2,3,3,4,3,3,2,200000,2500,3,202209,1.046,22090426,R,I,R,R,R,R,I,R,R,R,R
11.9105,2,1,3,2,1,4,3,2,2,2,200000,1700,3,202209,1.046,22090427,R,R,R,R,R,R,R,R,R,R,R
11.9105,1,1,5,2,1,4,3,1,2,2,130000,910,1,202209,1.046,22090428,R,R,R,R,R,R,R,R,R,R,R
11.9105,2,1,3,1,1,2,1,1,2,2,9,1100,3,202209,1.046,22090429,R,9,R,R,R,R,R,R,R,R,R
9.0545,2,1,3,2,3,2,1,1,1,2,150000,2000,3,202209,1.046,22090430,R,R,R,R,R,R,R,R,R,R,R
9.0545,1,1,3,2,1,2,1,1,1,2,120000,1600,3,202209,1.046,22090431,R,R,R,R,R,R,R,R,R,R,R
9.0545,2,1,3,2,1,2,1,1,1,2,180000,2200,3,202209,1.046,22090432,I,I,I,I,I,I,I,I,I,I,I
9.0545,2,1,3,2,3,2,1,2,1,2,250000,1800,3,202209,1.046,22090433,R,R,R,R,R,R,R,R,R,R,R
9.0545,2,1,3,2,1,2,1,2,2,2,150000,1500,3,202209,1.046,22090434,I,I,I,I,I,I,I,I,I,I,I
9.0545,2,1,3,2,2,2,1,1,2,2,250000,2400,3,202209,1.046,22090435,R,R,R,R,R,R,R,R,R,R,R
29.825000000000003,2,1,3,2,2,3,1,1,2,2,160000,1600,3,202209,1.046,22090436,R,I,R,R,R,R,R,R,R,R,R
29.825000000000003,2,1,3,2,2,3,1,1,2,2,130000,2200,3,202209,1.046,22090437,R,R,R,R,R,R,R,R,R,R,R
9.0545,1,1,3,2,1,2,3,1,2,2,140000,1600,3,202209,1.046,22090438,R,R,R,R,R,R,R,R,R,R,R
9.0545,2,1,3,2,1,2,1,1,2,2,160000,1700,1,202209,1.046,22090439,I,I,I,I,I,I,I,I,I,I,I
9.0545,1,1,3,2,1,2,1,1,3,2,120000,1200,3,202209,1.046,22090440,R,R,R,R,R,R,R,R,R,R,R
9.0545,1,1,3,2,1,2,1,1,3,2,150000,1400,3,202209,1.046,22090441,I,I,I,I,I,I,I,I,I,I,I
9.0545,2,1,3,2,1,2,1,1,3,2,160000,1800,3,202209,1.046,22090442,R,R,R,R,R,R,R,R,R,R,R
9.0545,1,1,3,2,1,2,1,1,3,2,160000,1900,3,202209,1.046,22090443,R,R,R,R,R,R,R,R,R,R,R
9.0545,1,1,5,2,1,2,1,1,2,2,160000,1700,3,202209,1.046,22090444,R,R,R,R,R,R,R,R,R,R,R
9.0545,1,1,3,2,1,2,1,1,3,2,150000,1300,3,202209,1.046,22090445,R,R,R,R,R,R,I,I,R,I,I
9.0545,2,1,3,2,3,2,1,1,2,2,150000,1300,3,202209,1.046,22090446,R,I,I,I,I,R,I,I,R,I,I
9.0545,1,1,3,2,1,2,1,1,2,2,110000,1200,3,202209,1.046,22090447,R,R,R,R,R,R,I,I,R,I,I
9.0545,1,1,3,2,1,2,1,1,2,2,150000,1300,3,202209,1.046,22090448,I,I,I,I,I,I,I,I,I,I,I
9.0545,1,1,3,2,1,2,1,1,2,2,180000,2000,3,202209,1.046,22090449,I,I,I,I,I,I,I,I,I,I,I
9.0545,1,1,3,2,1,2,1,1,2,2,120000,1500,3,202209,1.046,22090450,R,R,R,R,R,R,I,I,R,I,I
9.0545,1,1,3,2,1,2,1,1,3,2,160000,1900,3,202209,1.046,22090451,R,R,R,R,R,R,R,R,R,R,R
9.0545,1,1,3,2,1,2,4,2,2,2,130000,1600,3,202209,1.046,22090452,R,R,R,R,R,R,R,R,R,R,R
29.825000000000003,2,1,3,2,3,3,1,2,1,2,170000,2500,3,202209,1.046,22090453,R,R,R,R,R,R,R,R,R,R,R
9.0545,2,1,3,2,3,2,1,1,3,2,160000,1600,3,202209,1.046,22090454,I,I,I,I,I,I,I,I,I,I,I
9.0545,2,1,3,2,2,2,1,1,2,2,170000,2000,3,202209,1.046,22090455,R,R,R,R,R,R,R,R,R,R,R
9.0545,2,1,4,2,3,4,1,2,2,2,190000,1700,3,202209,1.046,22090456,R,R,R,R,R,R,R,R,R,R,R
9.0545,2,1,3,2,2,2,1,1,2,2,180000,2200,3,202209,1.046,22090457,R,I,R,R,R,R,R,R,R,R,R
9.0545,2,1,3,2,2,2,1,1,2,2,200000,2400,3,202209,1.046,22090458,R,I,R,R,R,R,R,R,R,R,R
11.9105,2,1,4,2,2,4,1,2,1,2,170000,1800,3,202209,1.046,22090459,I,I,I,I,I,I,I,I,I,I,I
11.9105,2,1,3,2,2,4,1,1,2,2,160000,1700,3,202209,1.046,22090460,I,I,I,I,I,I,I,I,I,I,I
7.3,2,1,3,2,1,1,1,1,2,2,170000,1900,3,202209,1.046,22090461,I,I,I,I,I,I,I,I,I,I,I
29.825000000000003,2,1,3,2,3,3,1,1,2,2,170000,1900,3,202209,1.046,22090462,I,I,I,I,I,I,I,I,I,I,I
9.0545,1,1,3,2,1,2,1,1,2,2,140000,1200,3,202209,1.046,22090463,I,I,I,I,I,I,I,I,I,I,I
9.0545,1,1,3,2,1,2,1,1,3,2,170000,1900,3,202209,1.046,22090464,I,I,I,I,I,I,I,I,I,I,I
9.0545,2,1,5,2,1,2,1,1,2,2,160000,1600,3,202209,1.046,22090465,I,I,I,I,I,I,I,I,I,I,I
29.825000000000003,2,1,3,2,3,3,1,1,2,2,200000,2500,3,202209,1.046,22090466,I,I,I,I,I,I,I,I,I,I,I
11.9105,2,1,3,2,2,4,1,1,2,2,170000,1600,3,202209,1.046,22090467,R,R,R,R,R,R,R,R,R,R,R
11.9105,2,1,3,2,2,4,1,1,1,2,140000,2000,3,202209,1.046,22090468,R,R,R,R,R,R,R,I,R,R,I
11.9105,1,1,5,2,1,4,1,1,2,2,230000,1600,3,202209,1.046,22090469,R,R,R,R,R,R,R,R,R,R,R
11.9105,2,1,3,2,2,4,1,1,2,2,220000,1600,3,202209,1.046,22090470,R,R,R,R,R,R,R,R,R,R,R
11.9105,1,1,3,2,2,4,1,1,1,2,96000,1300,3,202209,1.046,22090471,R,R,R,R,R,R,R,R,R,R,R
7.9404,2,1,3,2,2,5,3,1,1,3,170000,2300,3,202209,1.046,22090472,R,R,R,R,R,R,R,R,R,R,R
11.9105,2,1,3,2,2,4,3,1,1,2,180000,1600,3,202209,1.046,22090473,R,R,R,R,R,R,R,R,R,R,R
11.9105,2,1,3,2,2,4,1,1,1,2,160000,1700,1,202209,1.046,22090474,I,I,I,I,I,I,I,I,I,I,I
11.9105,2,1,3,2,2,4,1,1,2,2,160000,1600,3,202209,1.046,22090475,I,I,I,I,I,I,I,I,I,I,I
11.9105,2,1,3,2,2,4,1,1,2,2,120000,910,1,202209,1.046,22090476,R,R,R,R,R,R,R,R,R,R,R
11.9105,2,1,3,2,2,4,1,1,2,2,96000,910,1,202209,1.046,22090477,R,R,R,R,R,R,R,R,R,R,R
7.3,1,1,3,2,1,1,1,1,2,2,130000,1200,1,202209,1.046,22090478,R,R,R,R,R,R,R,R,R,R,R
7.3,2,1,3,2,1,1,1,1,2,2,170000,1900,3,202209,1.046,22090479,R,I,I,I,R,R,I,I,R,I,I
7.3,2,1,3,2,1,1,1,1,2,2,99000,1300,3,202209,1.046,22090480,R,R,R,R,R,R,R,R,R,R,R
7.3,2,1,3,2,2,1,1,1,2,2,110000,1600,3,202209,1.046,22090481,R,R,R,R,R,R,R,R,R,R,R
7.3,2,1,3,2,1,1,1,1,2,2,170000,1900,3,202209,1.046,22090482,R,R,R,R,R,R,R,R,R,R,R
7.3,2,1,3,2,3,1,1,1,2,2,120000,1700,3,202209,1.046,22090483,R,R,R,R,R,R,R,R,R,R,R
7.3,1,1,3,2,1,1,1,1,2,2,280000,1600,3,202209,1.046,22090484,R,R,R,R,R,R,R,R,R,R,R
7.3,2,1,3,2,1,1,1,1,2,2,130000,990,1,202209,1.046,22090485,R,R,R,R,R,R,R,R,R,R,R
7.3,2,1,3,1,1,1,1,1,1,2,9,1300,3,202209,1.046,22090486,R,9,R,R,R,R,R,R,R,R,R
7.3,2,1,3,2,1,1,1,1,1,2,130000,990,1,202209,1.046,22090487,I,I,I,I,I,I,I,I,I,I,I
7.3,1,1,3,2,1,1,1,1,2,2,170000,1400,3,202209,1.046,22090488,R,R,R,R,R,R,R,R,R,R,R
7.3,1,1,3,2,2,1,1,1,1,2,140000,1300,3,202209,1.046,22090489,R,R,R,R,R,R,R,R,R,R,R
29.825000000000003,2,1,4,2,1,3,3,1,3,2,150000,1600,3,202209,1.046,22090490,R,R,R,R,R,R,R,R,R,R,R
29.825000000000003,2,1,3,2,2,3,1,1,2,2,160000,1600,3,202209,1.046,22090491,R,I,R,R,R,R,R,R,R,R,R
29.825000000000003,2,1,3,2,3,3,1,1,1,2,150000,1300,3,202209,1.046,22090492,R,R,R,R,R,R,R,R,R,R,R
29.825000000000003,2,1,3,2,2,3,1,1,2,2,180000,2300,3,202209,1.046,22090493,R,R,R,R,R,R,R,R,R,R,R
29.825000000000003,2,1,3,2,2,3,1,3,2,2,140000,1700,3,202209,1.046,22090494,R,R,R,R,R,R,R,R,R,R,R
29.825000000000003,2,1,5,2,3,3,1,1,2,2,160000,1600,3,202209,1.046,22090495,R,R,R,R,R,R,R,R,R,R,R
11.9105,2,1,3,1,1,3,1,1,1,2,9,1600,3,202209,1.046,22090496,R,9,R,R,R,R,R,R,R,R,R
29.825000000000003,2,1,3,2,2,3,1,2,1,2,210000,2500,3,202209,1.046,22090497,R,R,R,R,R,R,R,R,R,R,R
29.825000000000003,2,1,5,2,3,3,4,1,2,2,170000,1900,3,202209,1.046,22090498,R,R,R,R,R,R,R,R,R,R,R
29.825000000000003,2,1,3,2,2,3,1,1,2,2,150000,2000,3,202209,1.046,22090499,R,R,R,R,R,R,R,R,R,R,R
29.825000000000003,2,1,5,2,3,3,1,1,2,2,210000,2500,3,202209,1.046,22090500,R,R,R,R,R,R,R,R,R,R,R
29.825000000000003,2,1,5,2,3,3,1,1,1,2,200000,2500,3,202209,1.046,22090501,I,I,I,I,I,I,I,I,I,I,I
29.825000000000003,2,1,4,2,3,3,2,1,2,2,140000,2500,3,202209,1.046,22090502,R,R,R,R,R,R,R,R,R,R,R
29.825000000000003,1,1,3,2,2,3,1,2,2,2,170000,1900,3,202209,1.046,22090503,R,R,R,R,R,R,R,R,R,R,R
29.825000000000003,2,1,3,2,2,3,1,1,2,2,110000,1700,3,202209,1.046,22090504,R,R,R,R,R,R,R,R,R,R,R
11.9105,2,1,1,2,2,4,0,0,2,2,210000,1600,3,202209,1.046,22090505,R,R,R,R,R,R,R,R,R,R,R
11.9105,2,1,2,2,2,4,0,0,1,2,300000,1600,3,202209,1.046,22090506,R,R,R,R,R,R,R,R,R,R,R
11.9105,2,1,1,2,2,4,0,0,2,2,210000,1200,3,202209,1.046,22090507,R,R,R,R,R,R,R,R,R,R,R
7.9404,2,1,1,2,1,5,0,0,2,3,190000,2300,3,202209,1.046,22090508,I,I,I,I,I,I,I,R,I,I,R
11.9105,1,1,1,1,1,4,0,0,2,2,9,1100,3,202209,1.046,22090509,R,9,R,R,R,R,I,R,R,I,R
11.9105,2,1,1,1,2,4,0,0,2,2,9,1200,1,202209,1.046,22090510,R,9,R,R,R,R,R,R,R,R,R
7.3,2,1,1,2,2,1,0,0,2,2,100000,990,3,202209,1.046,22090511,R,R,R,R,R,R,R,R,R,R,R
7.3,2,1,1,2,1,1,0,0,2,2,160000,1600,3,202209,1.046,22090512,R,I,R,R,R,R,R,R,R,R,R
7.3,1,1,1,2,1,1,0,0,2,2,150000,1100,1,202209,1.046,22090513,R,R,R,R,R,R,R,R,R,R,R
7.3,2,1,1,2,1,1,0,0,1,2,140000,1300,3,202209,1.046,22090514,R,R,R,R,R,R,R,R,R,R,R
7.3,1,1,1,2,3,1,0,0,1,2,85000,1200,3,202209,1.046,22090515,R,R,R,R,R,R,R,R,R,R,R
7.3,2,1,1,2,2,1,0,0,1,2,140000,1200,3,202209,1.046,22090516,R,R,R,R,R,R,R,R,R,R,R
7.3,2,1,1,2,1,1,0,0,2,2,280000,1900,1,202209,1.046,22090517,R,R,R,R,R,R,R,R,R,R,R
7.3,2,1,1,2,2,1,0,0,1,2,180000,1600,3,202209,1.046,22090518,R,R,R,R,R,R,R,R,R,R,R
7.3,2,1,1,2,2,1,0,0,2,2,210000,1600,3,202209,1.046,22090519,R,R,R,R,R,R,R,R,R,R,R
29.825000000000003,2,1,1,2,3,3,0,0,1,2,150000,1400,1,202209,1.046,22090520,I,I,I,I,I,I,I,R,I,I,R
9.0545,1,1,1,2,1,2,0,0,2,2,250000,1700,1,202209,1.046,22090521,R,R,R,R,R,R,R,R,R,R,R
29.825000000000003,1,1,1,2,2,3,0,0,3,2,87000,1600,3,202209,1.046,22090522,R,R,R,R,R,R,R,R,R,R,R
29.825000000000003,2,1,1,2,2,3,0,0,2,2,130000,1900,3,202209,1.046,22090523,R,R,R,R,R,R,R,R,R,R,R
9.0545,2,1,1,2,1,2,0,0,2,2,120000,1400,3,202209,1.046,22090524,R,R,R,R,R,R,I,R,R,I,R
9.0545,1,1,1,2,1,2,0,0,2,2,140000,1200,3,202209,1.046,22090525,I,I,I,I,I,I,I,R,I,I,R
29.825000000000003,2,1,2,2,2,4,0,0,3,2,150000,1800,3,202209,1.046,22090526,R,R,R,R,R,R,R,R,R,R,R
7.3,2,1,1,2,2,1,0,0,2,2,130000,1300,3,202209,1.046,22090527,R,R,R,R,R,R,R,R,R,R,R
7.3,2,1,1,2,1,1,0,0,2,2,150000,1300,3,202209,1.046,22090528,I,I,I,I,I,I,I,R,I,I,R
7.3,2,1,1,2,3,1,0,0,2,2,120000,1300,3,202209,1.046,22090529,R,R,R,R,R,R,R,R,R,R,R
7.3,2,1,1,2,3,1,0,0,2,2,150000,1900,3,202209,1.046,22090530,R,R,R,R,R,R,R,R,R,R,R
7.3,2,1,1,2,3,1,0,0,2,2,180000,1900,3,202209,1.046,22090531,R,R,R,R,R,R,R,R,R,R,R
7.3,2,1,1,2,3,1,0,0,1,2,150000,1600,3,202209,1.046,22090532,R,R,R,R,R,R,R,R,R,R,R
7.3,2,1,2,2,1,1,0,0,1,2,150000,1400,3,202209,1.046,22090533,I,I,I,I,I,I,I,R,I,I,R
7.3,2,1,1,2,2,1,0,0,1,2,180000,1700,3,202209,1.046,22090534,R,R,R,R,R,R,R,R,R,R,R
7.3,2,1,1,2,1,1,0,0,1,2,120000,1600,3,202209,1.046,22090535,R,R,R,R,R,R,R,R,R,R,R
7.3,2,1,1,2,1,1,0,0,2,2,160000,1600,3,202209,1.046,22090536,I,I,I,I,I,I,I,R,I,I,R
29.825000000000003,2,1,2,2,2,3,0,0,2,2,160000,1600,3,202209,1.046,22090537,R,R,R,R,R,R,R,R,R,R,R
11.9105,2,1,1,2,2,4,0,0,1,2,180000,2000,3,202209,1.046,22090538,R,R,R,R,R,R,R,R,R,R,R
11.9105,2,1,1,2,2,4,0,0,1,2,110000,1500,3,202209,1.046,22090539,R,R,R,R,R,R,R,R,R,R,R
7.3,2,1,2,2,1,1,0,0,2,2,160000,1700,1,202209,1.046,22090540,R,I,I,I,R,R,I,R,I,I,R
7.3,2,1,2,2,1,1,0,0,1,2,150000,1300,3,202209,1.046,22090541,I,I,I,I,I,I,I,R,I,I,R
7.3,2,1,2,2,3,1,0,0,1,2,170000,1700,3,202209,1.046,22090542,R,R,R,R,R,R,R,R,R,R,R
29.825000000000003,2,1,1,2,3,3,0,0,2,2,150000,1300,3,202209,1.046,22090543,I,I,I,I,I,I,I,R,I,I,R
11.9105,1,2,9,2,9,4,9,9,9,2,220000,1900,3,202209,1.046,22090544,R,R,R,R,R,R,9,9,9,9,9
11.9105,1,2,9,2,9,4,9,9,9,2,160000,1600,3,202209,1.046,22090545,R,I,I,I,R,R,9,9,9,9,9
11.9105,1,2,9,2,9,4,9,9,9,2,140000,1200,3,202209,1.046,22090546,R,I,R,R,R,R,9,9,9,9,9
11.9105,2,2,9,2,9,4,9,9,9,2,160000,1600,3,202209,1.046,22090547,I,I,I,I,I,I,9,9,9,9,9
11.9105,2,2,9,2,9,4,9,9,9,2,170000,1600,3,202209,1.046,22090548,R,R,R,R,R,R,9,9,9,9,9
11.9105,1,2,9,2,9,4,9,9,9,2,120000,910,1,202209,1.046,22090549,I,I,I,I,I,I,9,9,9,9,9
29.825000000000003,1,2,9,2,9,3,9,9,9,2,150000,2100,3,202209,1.046,22090550,R,R,R,R,R,R,9,9,9,9,9
29.825000000000003,1,2,9,2,9,3,9,9,9,2,180000,2100,3,202209,1.046,22090551,I,I,I,I,I,I,9,9,9,9,9
29.825000000000003,1,2,9,2,9,3,9,9,9,2,160000,1600,3,202209,1.046,22090552,R,R,R,R,R,R,9,9,9,9,9
29.825000000000003,1,2,9,2,9,3,9,9,9,2,87000,1300,3,202209,1.046,22090553,R,R,R,R,R,R,9,9,9,9,9
29.825000000000003,1,2,9,2,9,3,9,9,9,2,170000,1800,3,202209,1.046,22090554,I,I,I,I,I,I,9,9,9,9,9
29.825000000000003,1,2,9,2,9,3,9,9,9,2,160000,2500,3,202209,1.046,22090555,R,R,R,R,R,R,9,9,9,9,9
29.825000000000003,1,2,9,2,9,3,9,9,9,2,240000,2500,3,202209,1.046,22090556,R,R,R,R,R,R,9,9,9,9,9
29.825000000000003,1,2,9,2,9,3,9,9,9,2,140000,1100,3,202209,1.046,22090557,I,I,I,I,I,I,9,9,9,9,9
29.825000000000003,1,2,9,1,9,3,9,9,9,2,9,1900,3,202209,1.046,22090558,R,9,R,R,R,R,9,9,9,9,9
9.0545,1,2,9,2,9,2,9,9,9,2,110000,1600,3,202209,1.046,22090559,R,R,R,R,R,R,9,9,9,9,9
11.9105,1,2,9,2,9,4,9,9,9,2,120000,1300,3,202209,1.046,22090560,R,R,R,R,R,R,9,9,9,9,9
11.9105,1,2,9,1,9,4,9,9,9,2,9,1200,1,202209,1.046,22090561,I,9,I,I,I,I,9,9,9,9,9
29.825000000000003,1,2,9,2,9,3,9,9,9,2,150000,2000,3,202209,1.046,22090562,R,R,R,R,R,R,9,9,9,9,9
11.9105,1,2,9,2,9,4,9,9,9,2,140000,1600,3,202209,1.046,22090563,R,R,R,R,R,R,9,9,9,9,9
9.0545,1,2,9,2,9,2,9,9,9,2,89000,1600,3,202209,1.046,22090564,R,R,R,R,R,R,9,9,9,9,9
9.0545,1,2,9,2,9,2,9,9,9,2,120000,1600,3,202209,1.046,22090565,R,R,R,R,R,R,9,9,9,9,9
29.825000000000003,1,2,9,2,9,3,9,9,9,2,170000,1900,3,202209,1.046,22090566,R,I,R,R,R,R,9,9,9,9,9
29.825000000000003,2,2,9,2,9,3,9,9,9,2,150000,1600,3,202209,1.046,22090567,R,R,R,R,R,R,9,9,9,9,9
9.0545,1,2,9,2,9,2,9,9,9,2,120000,1300,3,202209,1.046,22090568,R,R,R,R,R,R,9,9,9,9,9
29.825000000000003,1,2,9,2,9,3,9,9,9,2,150000,1500,3,202209,1.046,22090569,I,I,I,I,I,I,9,9,9,9,9
9.0545,1,2,9,2,9,2,9,9,9,2,150000,1500,3,202209,1.046,22090570,R,I,R,R,R,R,9,9,9,9,9
29.825000000000003,1,2,9,2,9,3,9,9,9,2,170000,2300,3,202209,1.046,22090571,R,R,R,R,R,R,9,9,9,9,9
29.825000000000003,1,2,9,2,9,3,9,9,9,2,140000,1500,3,202209,1.046,22090572,R,R,R,R,R,R,9,9,9,9,9
7.3,1,2,9,2,9,1,9,9,9,2,280000,1700,1,202209,1.046,22090573,R,R,R,R,R,R,9,9,9,9,9
11.9105,1,2,9,2,9,4,9,9,9,2,120000,910,1,202209,1.046,22090574,I,I,I,I,I,I,9,9,9,9,9
11.9105,1,2,9,2,9,4,9,9,9,2,110000,1700,3,202209,1.046,22090575,R,R,R,R,R,R,9,9,9,9,9
29.825000000000003,1,2,9,2,9,3,9,9,9,2,160000,1600,3,202209,1.046,22090576,R,I,R,R,R,R,9,9,9,9,9
29.825000000000003,1,2,9,2,9,3,9,9,9,2,160000,1600,3,202209,1.046,22090577,I,I,I,I,I,I,9,9,9,9,9
7.3,1,2,9,2,9,1,9,9,9,2,170000,1900,3,202209,1.046,22090578,R,I,R,R,R,R,9,9,9,9,9
11.9105,1,2,9,2,9,4,9,9,9,2,180000,2200,3,202209,1.046,22090579,R,I,R,R,R,R,9,9,9,9,9
29.825000000000003,1,2,9,2,9,3,9,9,9,2,180000,2100,3,202209,1.046,22090580,R,I,R,R,R,R,9,9,9,9,9
29.825000000000003,1,2,9,2,9,3,9,9,9,2,170000,1700,3,202209,1.046,22090581,R,R,R,R,R,R,9,9,9,9,9
29.825000000000003,1,2,9,2,9,3,9,9,9,2,130000,2000,3,202209,1.046,22090582,R,R,R,R,R,R,9,9,9,9,9
29.825000000000003,1,2,9,2,9,3,9,9,9,2,180000,2100,3,202209,1.046,22090583,I,I,I,I,I,I,9,9,9,9,9
29.825000000000003,1,2,9,2,9,3,9,9,9,2,160000,1700,3,202209,1.046,22090584,R,I,R,R,R,R,9,9,9,9,9
29.825000000000003,1,2,9,2,9,3,9,9,9,2,160000,1600,3,202209,1.046,22090585,I,I,I,I,I,I,9,9,9,9,9
29.825000000000003,2,2,9,2,9,3,9,9,9,2,160000,1600,3,202209,1.046,22090586,R,R,R,R,R,R,9,9,9,9,9
29.825000000000003,1,2,9,2,9,3,9,9,9,2,200000,2000,3,202209,1.046,22090587,R,R,R,R,R,R,9,9,9,9,9
29.825000000000003,1,2,9,2,9,3,9,9,9,2,160000,1600,3,202209,1.046,22090588,R,I,R,R,R,R,9,9,9,9,9
29.825000000000003,1,2,9,2,9,3,9,9,9,2,160000,1900,3,202209,1.046,22090589,R,R,R,R,R,R,9,9,9,9,9
29.825000000000003,1,2,9,2,9,3,9,9,9,2,150000,1900,3,202209,1.046,22090590,R,R,R,R,R,R,9,9,9,9,9
29.825000000000003,1,2,9,2,9,3,9,9,9,2,240000,2100,3,202209,1.046,22090591,R,R,R,R,R,R,9,9,9,9,9
9.0545,1,2,9,2,9,2,9,9,9,2,250000,2400,3,202209,1.046,22090592,R,R,R,R,R,R,9,9,9,9,9
29.825000000000003,1,2,9,2,9,3,9,9,9,2,180000,2000,3,202209,1.046,22090593,R,R,R,R,R,R,9,9,9,9,9
29.825000000000003,1,2,9,2,9,3,9,9,9,2,200000,1900,3,202209,1.046,22090594,R,R,R,R,R,R,9,9,9,9,9
29.825000000000003,1,2,9,2,9,3,9,9,9,2,160000,1600,3,202209,1.046,22090595,I,I,I,I,I,I,9,9,9,9,9
29.825000000000003,1,2,9,2,9,3,9,9,9,2,140000,2200,3,202209,1.046,22090596,R,R,R,R,R,R,9,9,9,9,9
11.9105,1,2,9,2,9,4,9,9,9,2,120000,910,1,202209,1.046,22090597,R,I,R,R,R,R,9,9,9,9,9
29.825000000000003,1,2,9,2,9,3,9,9,9,2,170000,1800,3,202209,1.046,22090598,R,I,R,R,R,R,9,9,9,9,9
29.825000000000003,1,2,9,2,9,3,9,9,9,2,130000,1700,3,202209,1.046,22090599,R,R,R,R,R,R,9,9,9,9,9
9.0545,1,2,9,2,9,2,9,9,9,2,150000,1500,3,202209,1.046,22090600,R,R,R,R,R,R,9,9,9,9,9
29.825000000000003,1,2,9,2,9,3,9,9,9,2,160000,1700,3,202209,1.046,22090601,I,I,I,I,I,I,9,9,9,9,9
11.9105,1,2,9,2,9,4,9,9,9,2,160000,1600,3,202209,1.046,22090602,R,R,R,R,R,R,9,9,9,9,9
11.9105,1,2,9,2,9,4,9,9,9,2,140000,1300,1,202209,1.046,22090603,I,I,I,I,I,I,9,9,9,9,9
11.9105,1,2,9,2,9,4,9,9,9,2,140000,1300,3,202209,1.046,22090604,I,I,I,I,I,I,9,9,9,9,9
11.9105,1,2,9,2,9,4,9,9,9,2,140000,1900,3,202209,1.046,22090605,R,R,R,R,R,R,9,9,9,9,9
11.9105,2,2,9,2,9,4,9,9,9,2,150000,1500,3,202209,1.046,22090606,I,I,I,I,I,I,9,9,9,9,9
11.9105,1,2,9,2,9,4,9,9,9,2,140000,1500,3,202209,1.046,22090607,R,R,R,R,R,R,9,9,9,9,9
29.825000000000003,1,2,9,2,9,3,9,9,9,2,140000,1900,3,202209,1.046,22090608,R,R,R,R,R,R,9,9,9,9,9
29.825000000000003,1,2,9,2,9,3,9,9,9,2,170000,1900,3,202209,1.046,22090609,R,R,R,R,R,R,9,9,9,9,9
11.9105,1,2,9,2,9,4,9,9,9,2,140000,1300,3,202209,1.046,22090610,R,I,R,R,R,R,9,9,9,9,9
29.825000000000003,1,2,9,2,9,3,9,9,9,2,130000,1600,3,202209,1.046,22090611,R,R,R,R,R,R,9,9,9,9,9
29.825000000000003,1,2,9,2,9,3,9,9,9,2,180000,2200,3,202209,1.046,22090612,I,I,I,I,I,I,9,9,9,9,9
9.0545,1,2,9,2,9,2,9,9,9,2,150000,2000,3,202209,1.046,22090613,R,R,R,R,R,R,9,9,9,9,9
29.825000000000003,1,2,9,2,9,3,9,9,9,2,130000,1500,3,202209,1.046,22090614,R,R,R,R,R,R,9,9,9,9,9
29.825000000000003,1,2,9,2,9,3,9,9,9,2,160000,1700,3,202209,1.046,22090615,I,I,I,I,I,I,9,9,9,9,9
9.0545,1,2,9,2,9,2,9,9,9,2,100000,1300,3,202209,1.046,22090616,R,R,R,R,R,R,9,9,9,9,9
29.825000000000003,1,2,9,2,9,3,9,9,9,2,240000,2200,3,202209,1.046,22090617,R,R,R,R,R,R,9,9,9,9,9
9.0545,1,2,9,2,9,2,9,9,9,2,170000,1900,3,202209,1.046,22090618,I,I,I,I,I,I,9,9,9,9,9
11.9105,1,2,9,2,9,4,9,9,9,2,160000,1700,3,202209,1.046,22090619,I,I,I,I,I,I,9,9,9,9,9
9.0545,1,2,9,2,9,2,9,9,9,2,160000,1600,3,202209,1.046,22090620,I,I,I,I,I,I,9,9,9,9,9
9.0545,1,2,9,2,9,2,9,9,9,2,140000,1300,3,202209,1.046,22090621,R,R,R,R,R,R,9,9,9,9,9
11.9105,1,2,9,2,9,4,9,9,9,2,160000,1700,3,202209,1.046,22090622,I,I,I,I,I,I,9,9,9,9,9
29.825000000000003,1,2,9,2,9,3,9,9,9,2,180000,2000,3,202209,1.046,22090623,R,I,R,R,R,R,9,9,9,9,9
29.825000000000003,1,2,9,2,9,3,9,9,9,2,180000,2200,3,202209,1.046,22090624,R,I,R,R,R,R,9,9,9,9,9
29.825000000000003,2,2,9,2,9,3,9,9,9,2,87000,1700,3,202209,1.046,22090625,R,R,R,R,R,R,9,9,9,9,9
9.0545,1,2,9,1,9,2,9,9,9,2,9,1600,3,202209,1.046,22090626,I,9,I,I,I,I,9,9,9,9,9
11.9105,1,2,9,2,9,4,9,9,9,2,150000,1300,1,202209,1.046,22090627,R,R,R,R,R,R,9,9,9,9,9
11.9105,1,2,9,2,9,4,9,9,9,2,140000,1300,3,202209,1.046,22090628,I,I,I,I,I,I,9,9,9,9,9
11.9105,1,2,9,2,9,4,9,9,9,2,170000,2000,3,202209,1.046,22090629,I,I,I,I,I,I,9,9,9,9,9
7.3,2,2,9,2,9,1,9,9,9,2,160000,1600,3,202209,1.046,22090630,I,I,I,I,I,I,9,9,9,9,9
7.3,1,2,9,2,9,1,9,9,9,2,140000,990,3,202209,1.046,22090631,R,R,R,R,R,R,9,9,9,9,9
29.825000000000003,1,2,9,2,9,3,9,9,9,2,140000,1800,3,202209,1.046,22090632,R,R,R,R,R,R,9,9,9,9,9
9.0545,1,2,9,2,9,2,9,9,9,2,170000,1600,3,202209,1.046,22090633,R,R,R,R,R,R,9,9,9,9,9
9.0545,1,2,9,2,9,2,9,9,9,2,150000,1500,3,202209,1.046,22090634,I,I,I,I,I,I,9,9,9,9,9
11.9105,1,2,9,2,9,4,9,9,9,2,120000,910,1,202209,1.046,22090635,I,I,I,I,I,I,9,9,9,9,9
11.9105,2,2,9,2,9,4,9,9,9,2,130000,910,3,202209,1.046,22090636,R,I,R,R,I,R,9,9,9,9,9
9.0545,1,2,9,2,9,2,9,9,9,2,130000,1100,3,202209,1.046,22090637,I,I,I,I,I,I,9,9,9,9,9
29.825000000000003,1,2,9,2,9,3,9,9,9,2,150000,2000,3,202209,1.046,22090638,R,R,R,R,R,R,9,9,9,9,9
9.0545,1,2,9,2,9,2,9,9,9,2,150000,1300,3,202209,1.046,22090639,I,I,I,I,I,I,9,9,9,9,9
29.825000000000003,1,2,9,2,9,3,9,9,9,2,120000,1300,3,202209,1.046,22090640,R,R,R,R,R,R,9,9,9,9,9
29.825000000000003,1,2,9,2,9,3,9,9,9,2,87000,2100,3,202209,1.046,22090641,R,R,R,R,R,R,9,9,9,9,9
29.825000000000003,2,2,9,2,9,3,9,9,9,2,140000,2100,3,202209,1.046,22090642,R,R,R,R,R,R,9,9,9,9,9
29.825000000000003,1,2,9,2,9,3,9,9,9,2,170000,1600,3,202209,1.046,22090643,R,R,R,R,R,R,9,9,9,9,9
9.0545,1,2,9,2,9,2,9,9,9,2,120000,1700,3,202209,1.046,22090644,R,R,R,R,R,R,9,9,9,9,9
29.825000000000003,1,2,9,2,9,3,9,9,9,2,120000,1600,3,202209,1.046,22090645,R,R,R,R,R,R,9,9,9,9,9
29.825000000000003,1,2,9,2,9,3,9,9,9,2,120000,1600,3,202209,1.046,22090646,R,R,R,R,R,R,9,9,9,9,9
9.0545,1,2,9,2,9,2,9,9,9,2,120000,1600,3,202209,1.046,22090647,R,R,R,R,R,R,9,9,9,9,9
29.825000000000003,1,2,9,2,9,3,9,9,9,2,110000,1900,3,202209,1.046,22090648,R,R,R,R,R,R,9,9,9,9,9
9.0545,1,2,9,2,9,2,9,9,9,2,190000,2400,3,202209,1.046,22090649,I,I,I,I,I,I,9,9,9,9,9
29.825000000000003,1,2,9,2,9,3,9,9,9,2,170000,1900,3,202209,1.046,22090650,R,I,R,R,R,R,9,9,9,9,9
9.0545,1,2,9,2,9,2,9,9,9,2,180000,2000,3,202209,1.046,22090651,I,I,I,I,I,I,9,9,9,9,9
9.0545,1,2,9,2,9,2,9,9,9,2,160000,1600,3,202209,1.046,22090652,R,R,R,R,R,R,9,9,9,9,9
9.0545,1,2,9,2,9,2,9,9,9,2,160000,1600,3,202209,1.046,22090653,I,I,I,I,I,I,9,9,9,9,9
11.9105,3,9,9,9,9,5,9,9,9,2,9,9,9,202209,1.046,22090654,R,9,9,9,9,9,9,9,9,9,9
29.825000000000003,3,9,9,9,9,5,9,9,9,2,9,9,9,202209,1.046,22090655,R,9,9,9,9,9,9,9,9,9,9
9.0545,3,9,9,9,9,5,9,9,9,2,9,9,9,202209,1.046,22090656,I,9,9,9,9,9,9,9,9,9,9
29.825000000000003,3,9,9,9,9,5,9,9,9,2,9,9,9,202209,1.046,22090657,R,9,9,9,9,9,9,9,9,9,9
11.9105,3,9,9,9,9,5,9,9,9,2,9,9,9,202209,1.046,22090658,R,9,9,9,9,9,9,9,9,9,9
11.9105,3,9,9,9,9,5,9,9,9,2,9,9,9,202209,1.046,22090659,I,9,9,9,9,9,9,9,9,9,9
29.825000000000003,3,9,9,9,9,5,9,9,9,2,9,9,9,202209,1.046,22090660,R,9,9,9,9,9,9,9,9,9,9
9.0545,3,9,9,9,9,5,9,9,9,2,9,9,9,202209,1.046,22090661,R,9,9,9,9,9,9,9,9,9,9
56.7929,2,1,5,2,3,3,1,2,2,1,65000,1100,1,202210,1.0988,22100001,R,R,R,R,R,R,R,R,R,R,R
20.3158,1,1,5,2,1,4,3,1,3,1,110000,700,1,202210,1.0988,22100002,R,R,R,R,R,R,R,R,R,R,R
20.3158,2,1,3,2,2,4,1,1,2,1,74000,670,1,202210,1.0988,22100003,R,R,R,R,R,R,R,R,R,R,R
20.3158,2,1,4,2,1,4,3,1,1,1,69000,670,1,202210,1.0988,22100004,I,I,I,I,I,I,I,I,I,I,I
20.3158,2,1,3,2,1,4,1,1,2,1,82000,960,1,202210,1.0988,22100005,I,I,I,I,I,I,I,I,I,I,I
15.716700000000001,2,1,3,2,2,1,1,1,2,1,76000,700,1,202210,1.0988,22100006,R,R,R,R,R,R,R,R,R,R,R
56.7929,2,1,5,2,1,3,1,1,2,1,77000,840,1,202210,1.0988,22100007,R,I,I,I,I,R,I,I,R,I,I
56.7929,2,1,4,2,1,3,1,1,1,1,53000,840,1,202210,1.0988,22100008,R,R,R,R,R,R,R,R,R,R,R
56.7929,2,1,5,2,3,3,1,1,1,1,77000,840,1,202210,1.0988,22100009,I,I,I,I,I,I,I,I,I,I,I
56.7929,1,1,3,2,1,3,1,1,1,1,71000,660,1,202210,1.0988,22100010,R,I,R,R,R,R,R,R,R,R,R
56.7929,2,1,4,2,2,3,1,3,2,1,77000,840,1,202210,1.0988,22100011,I,I,I,I,I,I,I,I,I,I,I
19.4636,2,1,3,2,2,2,1,1,2,1,92000,1100,1,202210,1.0988,22100012,R,R,R,R,R,R,R,R,R,R,R
19.4636,1,1,3,2,1,2,1,1,2,1,120000,1300,3,202210,1.0988,22100013,R,R,R,R,R,R,R,R,R,R,R
19.4636,2,1,3,1,1,2,1,1,2,1,9,1100,3,202210,1.0988,22100014,I,9,I,I,I,I,I,I,I,I,I
19.4636,1,1,4,2,1,2,1,1,2,1,93000,1100,3,202210,1.0988,22100015,R,R,R,R,R,R,R,R,R,R,R
19.4636,2,1,3,2,1,2,1,1,2,1,85000,1000,3,202210,1.0988,22100016,I,I,I,I,I,I,I,I,I,I,I
19.4636,2,1,3,2,2,2,1,2,2,1,120000,970,1,202210,1.0988,22100017,R,R,R,R,R,R,R,R,R,R,R
19.4636,2,1,3,2,1,2,1,1,2,1,87000,1300,3,202210,1.0988,22100018,R,R,R,R,R,R,R,R,R,R,R
19.4636,2,1,3,2,3,2,1,2,3,1,90000,900,1,202210,1.0988,22100019,R,R,R,R,R,R,R,R,R,R,R
19.4636,2,1,3,1,1,2,1,1,2,1,9,1000,3,202210,1.0988,22100020,R,9,R,R,R,R,I,I,R,I,I
19.4636,2,1,3,1,1,2,1,1,2,1,9,900,1,202210,1.0988,22100021,R,9,I,I,R,R,I,I,R,I,I
56.7929,2,1,3,2,3,3,1,1,2,1,83000,1300,3,202210,1.0988,22100022,R,R,R,R,R,R,R,R,R,R,R
56.7929,2,1,3,2,3,3,1,1,2,1,75000,1100,3,202210,1.0988,22100023,R,R,R,R,R,R,R,R,R,R,R
19.4636,2,1,3,2,2,2,1,1,1,1,95000,1300,3,202210,1.0988,22100024,R,R,R,R,R,R,R,R,R,R,R
19.4636,1,1,5,2,1,2,1,1,2,1,100000,1100,3,202210,1.0988,22100025,R,R,R,R,I,I,R,I,I,I,I
19.4636,2,1,3,2,1,2,1,1,2,1,86000,1100,3,202210,1.0988,22100026,I,I,I,I,I,I,I,I,I,I,I
20.3158,2,1,3,2,1,2,1,1,2,1,96000,1300,3,202210,1.0988,22100027,R,I,I,I,I,R,I,I,R,I,I
19.4636,2,1,3,1,1,2,1,1,2,1,9,1100,3,202210,1.0988,22100028,R,9,R,R,R,R,R,R,R,R,R
19.4636,1,1,3,2,1,2,1,1,1,1,70000,1200,3,202210,1.0988,22100029,R,R,R,R,R,R,I,I,R,I,I
19.4636,2,1,3,1,1,2,1,1,2,1,9,960,1,202210,1.0988,22100030,I,9,I,I,I,I,I,I,I,I,I
19.4636,2,1,3,2,1,2,1,1,2,1,77000,840,1,202210,1.0988,22100031,I,I,I,I,I,I,I,I,I,I,I
56.7929,2,1,4,2,3,3,3,2,2,1,91000,1300,3,202210,1.0988,22100032,R,R,R,R,R,R,R,R,R,R,R
56.7929,2,1,5,2,3,3,1,1,2,1,59000,840,1,202210,1.0988,22100033,R,R,R,R,R,R,R,R,R,R,R
19.4636,2,1,3,2,3,2,1,1,2,1,94000,1200,3,202210,1.0988,22100034,I,I,I,I,I,I,I,I,I,I,I
19.4636,2,1,5,2,1,2,1,1,2,1,64000,1200,3,202210,1.0988,22100035,R,R,R,R,R,R,R,R,R,R,R
19.4636,1,1,3,2,3,2,1,1,2,1,94000,1200,3,202210,1.0988,22100036,I,I,I,I,I,I,I,I,I,I,I
19.4636,2,1,3,2,2,2,1,1,2,1,94000,1200,3,202210,1.0988,22100037,R,I,I,I,I,I,I,I,I,I,I
56.7929,2,1,5,2,1,3,4,1,2,1,62000,840,1,202210,1.0988,22100038,R,R,R,R,R,R,R,R,R,R,R
19.4636,2,1,3,2,3,2,1,1,2,1,75000,800,1,202210,1.0988,22100039,R,R,R,R,R,R,R,R,R,R,R
19.4636,1,1,3,2,1,2,1,1,2,1,88000,1100,1,202210,1.0988,22100040,I,I,I,I,I,I,I,I,I,I,I
19.4636,2,1,3,2,1,2,1,1,1,1,75000,800,1,202210,1.0988,22100041,I,I,I,I,I,I,I,I,I,I,I
19.4636,1,1,3,2,1,2,1,1,2,1,86000,1100,3,202210,1.0988,22100042,I,I,I,I,I,I,I,I,I,I,I
20.3158,2,1,3,2,3,3,1,1,2,1,86000,1100,1,202210,1.0988,22100043,I,I,I,I,I,I,I,I,I,I,I
15.716700000000001,2,1,3,2,1,1,1,2,2,1,81000,920,1,202210,1.0988,22100044,I,I,I,I,I,I,I,I,I,I,I
56.7929,2,1,3,2,3,3,1,1,2,1,79000,900,1,202210,1.0988,22100045,I,I,I,I,I,I,I,I,I,I,I
56.7929,2,1,3,2,3,3,1,1,2,1,91000,1200,3,202210,1.0988,22100046,I,I,I,I,I,I,I,I,I,I,I
56.7929,2,1,5,2,3,3,1,1,2,1,82000,900,1,202210,1.0988,22100047,R,R,R,R,R,R,R,R,R,R,R
56.7929,2,1,3,2,1,3,1,1,2,1,130000,1200,3,202210,1.0988,22100048,R,R,R,R,R,R,I,I,R,I,I
56.7929,2,1,3,2,2,3,1,2,2,1,64000,840,1,202210,1.0988,22100049,R,R,R,R,R,R,R,R,R,R,R
19.4636,2,1,3,2,1,2,4,1,2,1,77000,1200,3,202210,1.0988,22100050,R,R,R,R,R,R,I,I,R,I,I
20.3158,2,1,1,2,1,4,0,0,2,1,83000,960,1,202210,1.0988,22100051,R,R,R,R,R,R,R,R,R,R,R
15.716700000000001,1,1,1,2,1,1,0,0,2,1,87000,920,1,202210,1.0988,22100052,R,R,R,R,R,R,R,R,R,R,R
15.716700000000001,2,1,1,2,1,1,0,0,1,1,78000,780,1,202210,1.0988,22100053,R,R,R,R,R,R,R,R,R,R,R
19.4636,2,1,1,2,1,2,0,0,2,1,86000,1100,3,202210,1.0988,22100054,I,I,I,I,I,I,I,R,I,I,R
19.4636,1,1,1,2,1,2,0,0,1,1,56000,960,1,202210,1.0988,22100055,R,R,R,R,R,R,R,R,R,R,R
56.7929,2,1,1,2,3,3,0,0,3,1,89000,1100,3,202210,1.0988,22100056,R,I,R,R,R,R,R,R,R,R,R
15.716700000000001,2,1,1,2,1,1,0,0,2,1,83000,980,1,202210,1.0988,22100057,R,I,R,R,R,R,R,R,R,R,R
15.716700000000001,2,1,1,2,1,1,0,0,2,1,81000,920,1,202210,1.0988,22100058,I,I,I,I,I,I,I,R,I,I,R
19.4636,1,1,1,2,1,2,0,0,2,1,86000,1100,3,202210,1.0988,22100059,I,I,I,I,I,I,I,R,I,I,R
15.716700000000001,2,1,2,2,1,1,0,0,2,1,74000,780,1,202210,1.0988,22100060,I,I,I,I,I,I,I,R,I,I,R
15.716700000000001,1,1,2,2,1,1,0,0,1,1,83000,980,3,202210,1.0988,22100061,I,I,I,I,I,I,I,R,I,I,R
15.716700000000001,2,1,1,2,1,1,0,0,1,1,120000,920,1,202210,1.0988,22100062,R,R,R,R,R,R,R,R,R,R,R
19.4636,2,1,1,2,1,2,0,0,2,1,94000,1200,3,202210,1.0988,22100063,I,I,I,I,I,I,I,R,I,I,R
56.7929,1,2,9,2,9,3,9,9,9,1,110000,660,1,202210,1.0988,22100064,R,R,R,R,R,R,9,9,9,9,9
56.7929,1,2,9,2,9,3,9,9,9,1,53000,840,1,202210,1.0988,22100065,R,R,R,R,R,R,9,9,9,9,9
19.4636,1,2,9,2,9,2,9,9,9,1,95000,1300,3,202210,1.0988,22100066,R,R,R,R,R,R,9,9,9,9,9
19.4636,1,2,9,2,9,2,9,9,9,1,74000,740,1,202210,1.0988,22100067,R,I,R,R,R,R,9,9,9,9,9
56.7929,1,2,9,2,9,3,9,9,9,1,80000,1100,1,202210,1.0988,22100068,R,R,R,R,R,R,9,9,9,9,9
56.7929,1,2,9,2,9,3,9,9,9,1,83000,1200,3,202210,1.0988,22100069,R,R,R,R,R,R,9,9,9,9,9
15.716700000000001,1,2,9,2,9,1,9,9,9,1,83000,980,1,202210,1.0988,22100070,I,I,I,I,I,I,9,9,9,9,9
20.3158,1,2,9,2,9,4,9,9,9,1,82000,960,1,202210,1.0988,22100071,I,I,I,I,I,I,9,9,9,9,9
19.4636,1,2,9,2,9,2,9,9,9,1,77000,1100,3,202210,1.0988,22100072,R,R,R,R,R,R,9,9,9,9,9
56.7929,1,2,9,2,9,3,9,9,9,1,82000,1300,3,202210,1.0988,22100073,R,R,R,R,R,R,9,9,9,9,9
56.7929,1,2,9,1,9,3,9,9,9,1,9,1300,3,202210,1.0988,22100074,I,9,I,I,I,I,9,9,9,9,9
20.3158,2,2,9,2,9,3,9,9,9,1,92000,1200,3,202210,1.0988,22100075,I,I,I,I,I,I,9,9,9,9,9
19.4636,1,2,9,2,9,2,9,9,9,1,82000,950,3,202210,1.0988,22100076,R,I,R,R,R,R,9,9,9,9,9
56.7929,1,2,9,2,9,3,9,9,9,1,53000,840,1,202210,1.0988,22100077,R,R,R,R,R,R,9,9,9,9,9
56.7929,1,2,9,2,9,3,9,9,9,1,82000,1200,3,202210,1.0988,22100078,R,R,R,R,R,R,9,9,9,9,9
20.3158,1,2,9,2,9,4,9,9,9,1,99000,1200,3,202210,1.0988,22100079,R,R,R,R,R,R,9,9,9,9,9
15.716700000000001,1,2,9,2,9,1,9,9,9,1,55000,780,1,202210,1.0988,22100080,R,R,R,R,R,R,9,9,9,9,9
56.7929,1,2,9,2,9,3,9,9,9,1,90000,1200,3,202210,1.0988,22100081,R,R,R,R,R,R,9,9,9,9,9
20.3158,1,2,9,2,9,4,9,9,9,1,80000,960,1,202210,1.0988,22100082,R,R,R,R,R,R,9,9,9,9,9
19.4636,1,2,9,2,9,2,9,9,9,1,91000,1200,3,202210,1.0988,22100083,R,R,R,R,R,R,9,9,9,9,9
19.4636,1,2,9,2,9,2,9,9,9,1,75000,1100,3,202210,1.0988,22100084,R,R,R,R,R,R,9,9,9,9,9
19.4636,1,2,9,2,9,2,9,9,9,1,91000,1200,3,202210,1.0988,22100085,I,I,I,I,I,I,9,9,9,9,9
15.716700000000001,1,2,9,2,9,1,9,9,9,1,83000,980,3,202210,1.0988,22100086,R,I,R,R,R,R,9,9,9,9,9
56.7928,1,2,9,2,9,3,9,9,9,1,69000,930,1,202210,1.0988,22100087,R,R,R,R,R,R,9,9,9,9,9
56.7929,1,2,9,2,9,3,9,9,9,1,77000,840,1,202210,1.0988,22100088,I,I,I,I,I,I,9,9,9,9,9
19.4636,1,2,9,2,9,2,9,9,9,1,120000,1200,3,202210,1.0988,22100089,R,R,R,R,R,R,9,9,9,9,9
19.4636,1,2,9,2,9,2,9,9,9,1,86000,1100,3,202210,1.0988,22100090,I,I,I,I,I,I,9,9,9,9,9
15.716700000000001,1,2,9,2,9,1,9,9,9,1,68000,630,1,202210,1.0988,22100091,I,I,I,I,I,I,9,9,9,9,9
19.4636,1,2,9,2,9,2,9,9,9,1,86000,1100,3,202210,1.0988,22100092,I,I,I,I,I,I,9,9,9,9,9
19.4636,1,2,9,2,9,2,9,9,9,1,96000,1300,3,202210,1.0988,22100093,R,I,I,I,I,I,9,9,9,9,9
19.4636,1,2,9,2,9,2,9,9,9,1,94000,1200,3,202210,1.0988,22100094,I,I,I,I,I,I,9,9,9,9,9
19.4636,2,2,9,2,9,2,9,9,9,1,83000,970,1,202210,1.0988,22100095,I,I,I,I,I,I,9,9,9,9,9
56.7929,2,2,9,2,9,3,9,9,9,1,87000,920,3,202210,1.0988,22100096,R,R,R,R,R,R,9,9,9,9,9
19.4636,1,2,9,2,9,2,9,9,9,1,85000,1100,3,202210,1.0988,22100097,R,R,R,R,R,R,9,9,9,9,9
19.4636,1,2,9,2,9,2,9,9,9,1,86000,1100,3,202210,1.0988,22100098,I,I,I,I,I,I,9,9,9,9,9
20.3158,2,2,9,2,9,4,9,9,9,1,93000,1200,3,202210,1.0988,22100099,I,I,I,I,I,I,9,9,9,9,9
19.4636,1,2,9,2,9,2,9,9,9,1,86000,1100,3,202210,1.0988,22100100,I,I,I,I,I,I,9,9,9,9,9
15.716700000000001,1,2,9,2,9,1,9,9,9,1,150000,980,1,202210,1.0988,22100101,R,R,R,R,R,R,9,9,9,9,9
15.716700000000001,1,2,9,2,9,1,9,9,9,1,70000,630,1,202210,1.0988,22100102,R,R,R,R,R,R,9,9,9,9,9
56.7929,1,2,9,1,9,3,9,9,9,1,9,1200,3,202210,1.0988,22100103,R,9,R,R,R,R,9,9,9,9,9
19.4636,1,2,9,2,9,2,9,9,9,1,86000,1100,3,202210,1.0988,22100104,I,I,I,I,I,I,9,9,9,9,9
19.4636,1,2,9,2,9,2,9,9,9,1,74000,740,1,202210,1.0988,22100105,I,I,I,I,I,I,9,9,9,9,9
19.4636,1,2,9,2,9,2,9,9,9,1,96000,1300,3,202210,1.0988,22100106,I,I,I,I,I,I,9,9,9,9,9
56.7929,1,2,9,2,9,3,9,9,9,1,77000,840,1,202210,1.0988,22100107,I,I,I,I,I,I,9,9,9,9,9
19.4636,1,2,9,2,9,2,9,9,9,1,77000,840,1,202210,1.0988,22100108,R,I,R,R,R,R,9,9,9,9,9
56.7929,1,2,9,2,9,3,9,9,9,1,60000,840,1,202210,1.0988,22100109,R,R,R,R,R,R,9,9,9,9,9
19.4636,1,2,9,2,9,2,9,9,9,1,86000,1100,3,202210,1.0988,22100110,I,I,I,I,I,I,9,9,9,9,9
19.4636,1,2,9,2,9,2,9,9,9,1,86000,1100,3,202210,1.0988,22100111,I,I,I,I,I,I,9,9,9,9,9
56.7929,3,9,9,9,9,5,9,9,9,1,9,9,9,202210,1.0988,22100112,R,9,9,9,9,9,9,9,9,9,9
20.3158,3,9,9,9,9,5,9,9,9,1,9,9,9,202210,1.0988,22100113,I,9,9,9,9,9,9,9,9,9,9
1.0,3,9,9,9,9,5,9,9,9,1,9,9,9,202210,1.0988,22100114,R,9,9,9,9,9,9,9,9,9,9
1.0,3,9,9,9,9,5,9,9,9,1,9,9,9,202210,1.0988,22100115,R,9,9,9,9,9,9,9,9,9,9
1.0,3,9,9,9,9,5,9,9,9,1,9,9,9,202210,1.0988,22100116,R,9,9,9,9,9,9,9,9,9,9
1.0,3,9,9,9,9,5,9,9,9,1,9,9,9,202210,1.0988,22100117,R,9,9,9,9,9,9,9,9,9,9
1.0,3,9,9,9,9,5,9,9,9,1,9,9,9,202210,1.0988,22100118,R,9,9,9,9,9,9,9,9,9,9
1.0,3,9,9,9,9,5,9,9,9,1,9,9,9,202210,1.0988,22100119,R,9,9,9,9,9,9,9,9,9,9
1.0,3,9,9,9,9,5,9,9,9,1,9,9,9,202210,1.0988,22100120,R,9,9,9,9,9,9,9,9,9,9
1.0,3,9,9,9,9,5,9,9,9,1,9,9,9,202210,1.0988,22100121,R,9,9,9,9,9,9,9,9,9,9
1.0,3,9,9,9,9,5,9,9,9,1,9,9,9,202210,1.0988,22100122,R,9,9,9,9,9,9,9,9,9,9
1.0,3,9,9,9,9,5,9,9,9,1,9,9,9,202210,1.0988,22100123,R,9,9,9,9,9,9,9,9,9,9
1.0,3,9,9,9,9,5,9,9,9,1,9,9,9,202210,1.0988,22100124,R,9,9,9,9,9,9,9,9,9,9
1.0,3,9,9,9,9,5,9,9,9,1,9,9,9,202210,1.0988,22100125,R,9,9,9,9,9,9,9,9,9,9
1.0,3,9,9,9,9,5,9,9,9,1,9,9,9,202210,1.0988,22100126,R,9,9,9,9,9,9,9,9,9,9
1.0,3,9,9,9,9,5,9,9,9,1,9,9,9,202210,1.0988,22100127,R,9,9,9,9,9,9,9,9,9,9
56.7929,3,9,9,9,9,5,9,9,9,1,9,9,9,202210,1.0988,22100128,R,9,9,9,9,9,9,9,9,9,9
1.0,3,9,9,9,9,5,9,9,9,1,9,9,9,202210,1.0988,22100129,R,9,9,9,9,9,9,9,9,9,9
1.0,3,9,9,9,9,5,9,9,9,1,9,9,9,202210,1.0988,22100130,R,9,9,9,9,9,9,9,9,9,9
1.0,3,9,9,9,9,5,9,9,9,1,9,9,9,202210,1.0988,22100131,R,9,9,9,9,9,9,9,9,9,9
1.0,3,9,9,9,9,5,9,9,9,1,9,9,9,202210,1.0988,22100132,R,9,9,9,9,9,9,9,9,9,9
1.0,3,9,9,9,9,5,9,9,9,1,9,9,9,202210,1.0988,22100133,R,9,9,9,9,9,9,9,9,9,9
1.0,3,9,9,9,9,5,9,9,9,1,9,9,9,202210,1.0988,22100134,R,9,9,9,9,9,9,9,9,9,9
1.0,3,9,9,9,9,5,9,9,9,1,9,9,9,202210,1.0988,22100135,R,9,9,9,9,9,9,9,9,9,9
56.7929,3,9,9,9,9,5,9,9,9,1,9,9,9,202210,1.0988,22100136,I,9,9,9,9,9,9,9,9,9,9
56.7929,3,9,9,9,9,5,9,9,9,1,9,9,9,202210,1.0988,22100137,I,9,9,9,9,9,9,9,9,9,9
28.3964,2,1,4,2,2,3,1,2,2,2,180000,2000,3,202210,1.0188,22100138,R,I,R,R,R,R,R,R,R,R,R
28.3964,2,1,5,2,3,3,1,1,2,2,87000,2000,3,202210,1.0188,22100139,R,R,R,R,I,I,R,I,I,I,I
28.3964,2,1,3,2,3,3,1,1,2,2,160000,1600,3,202210,1.0188,22100140,I,I,I,I,I,I,I,I,I,I,I
10.1579,1,1,5,2,3,4,3,2,1,2,300000,1900,3,202210,1.0188,22100141,R,R,R,R,R,R,R,R,R,R,R
10.1579,2,1,3,2,1,4,1,1,2,2,160000,1100,3,202210,1.0188,22100142,R,R,R,R,R,R,R,R,R,R,R
10.1579,2,1,3,2,3,4,1,1,1,2,190000,1300,1,202210,1.0188,22100143,R,R,R,R,R,R,R,R,R,R,R
10.1579,1,1,3,2,1,4,3,2,2,2,140000,1300,1,202210,1.0188,22100144,I,I,I,I,I,I,I,I,I,I,I
10.1579,2,1,3,2,3,4,3,2,2,2,260000,1700,3,202210,1.0188,22100145,R,R,R,R,R,R,R,R,R,R,R
10.1579,2,1,4,2,2,4,3,2,2,2,240000,2200,3,202210,1.0188,22100146,R,R,R,R,R,R,R,R,R,R,R
10.1579,2,1,4,2,2,4,3,2,1,2,250000,1600,3,202210,1.0188,22100147,R,R,R,R,R,R,R,R,R,R,R
10.1579,2,1,3,2,1,4,3,1,2,2,170000,1800,3,202210,1.0188,22100148,I,I,I,I,I,I,I,I,I,I,I
10.1579,2,1,5,2,3,4,3,1,2,2,250000,2000,3,202210,1.0188,22100149,R,R,R,R,R,R,R,R,R,R,R
10.1579,2,1,3,2,1,4,3,1,2,2,160000,1700,3,202210,1.0188,22100150,I,I,I,I,I,I,I,I,I,I,I
10.1579,2,1,4,2,3,4,3,1,2,2,220000,1700,3,202210,1.0188,22100151,R,R,R,R,R,R,R,R,R,R,R
10.1579,2,1,4,2,2,4,3,1,1,2,120000,1800,3,202210,1.0188,22100152,R,R,R,R,R,R,R,I,R,I,I
10.1579,2,1,5,2,3,4,1,1,2,2,120000,910,1,202210,1.0188,22100153,R,R,R,R,R,R,R,R,R,R,R
10.1579,2,1,3,2,2,4,3,1,2,2,140000,1200,3,202210,1.0188,22100154,R,I,R,R,R,R,R,R,R,R,R
10.1579,2,1,3,2,1,4,3,2,1,2,140000,1300,3,202210,1.0188,22100155,I,I,I,I,I,I,I,I,I,I,I
10.1579,2,1,4,2,1,4,3,1,1,2,96000,910,1,202210,1.0188,22100156,R,R,R,R,R,I,I,I,I,I,I
10.1579,1,1,3,2,1,4,3,2,2,2,140000,1300,3,202210,1.0188,22100157,I,I,I,I,I,I,I,I,I,I,I
10.1579,2,1,4,2,1,4,3,1,2,2,120000,910,3,202210,1.0188,22100158,R,R,R,R,R,R,R,R,R,R,R
10.1579,2,1,5,2,1,4,3,1,1,2,200000,1500,3,202210,1.0188,22100159,R,R,R,R,R,R,R,R,R,R,R
10.1579,2,1,4,2,1,4,3,1,2,2,140000,1100,1,202210,1.0188,22100160,I,I,I,I,I,I,I,I,I,I,I
10.1579,2,1,4,2,1,4,3,1,2,2,160000,1600,3,202210,1.0188,22100161,I,I,I,I,I,I,I,I,I,I,I
10.1579,1,1,4,2,1,4,3,1,2,2,230000,1400,3,202210,1.0188,22100162,R,R,R,R,R,R,R,I,I,I,I
10.1579,2,1,4,2,1,4,3,1,2,2,140000,1300,1,202210,1.0188,22100163,I,I,I,I,I,I,I,I,I,I,I
28.3964,1,1,3,2,1,3,1,1,3,2,150000,1700,3,202210,1.0188,22100164,R,R,R,R,R,R,R,R,R,R,R
7.858300000000001,2,1,3,2,3,3,1,1,2,2,130000,1100,3,202210,1.0188,22100165,R,R,R,R,R,R,R,R,R,R,R
28.3964,2,1,5,2,3,3,1,1,2,2,170000,1800,3,202210,1.0188,22100166,I,I,I,I,I,I,I,I,I,I,I
28.3964,1,1,4,2,3,3,1,1,2,2,170000,1800,3,202210,1.0188,22100167,I,I,I,I,I,I,I,I,I,I,I
28.3964,2,1,5,2,2,3,1,1,2,2,87000,1100,1,202210,1.0188,22100168,R,R,R,R,R,R,I,R,R,R,R
28.3964,2,1,4,2,3,3,1,1,1,2,170000,1900,3,202210,1.0188,22100169,I,I,I,I,I,I,I,I,I,I,I
28.3964,1,1,3,2,1,3,1,1,3,2,210000,1400,1,202210,1.0188,22100170,R,R,R,R,R,R,R,R,R,R,R
28.3964,2,1,3,2,3,3,1,1,1,2,170000,1900,3,202210,1.0188,22100171,R,I,R,R,R,R,R,R,R,R,R
18.931,2,1,3,2,2,5,1,1,2,3,240000,2600,3,202210,1.0188,22100172,R,R,R,R,R,R,R,R,R,R,R
28.3964,2,1,4,2,3,3,1,1,2,2,160000,1600,3,202210,1.0188,22100173,I,I,I,I,I,I,I,I,I,I,I
28.3964,2,1,4,2,3,3,1,1,1,2,160000,1600,3,202210,1.0188,22100174,I,I,I,I,I,I,I,I,I,I,I
28.3964,1,1,3,2,1,3,1,1,2,2,170000,1300,1,202210,1.0188,22100175,R,R,R,R,R,R,R,R,R,R,R
28.3964,1,1,3,2,1,3,1,1,3,2,190000,1400,1,202210,1.0188,22100176,R,R,R,R,R,R,R,R,R,R,R
28.3964,2,1,4,2,2,3,1,1,1,2,110000,1700,3,202210,1.0188,22100177,R,R,R,R,R,R,R,R,R,R,R
28.3964,2,1,4,2,2,3,1,3,2,2,150000,2100,3,202210,1.0188,22100178,R,R,R,R,R,R,R,R,R,R,R
9.7318,2,1,3,2,2,2,1,1,2,2,250000,2400,3,202210,1.0188,22100179,R,I,R,R,R,R,R,R,R,R,R
9.7318,2,1,3,2,1,2,1,1,2,2,160000,1600,3,202210,1.0188,22100180,R,I,R,R,R,R,R,R,R,R,R
9.7318,2,1,3,1,1,2,1,1,2,2,9,1600,3,202210,1.0188,22100181,I,9,I,I,I,I,I,I,I,I,I
9.7318,1,1,3,2,1,2,1,1,2,2,160000,1600,3,202210,1.0188,22100182,I,I,I,I,I,I,I,I,I,I,I
9.7318,2,1,3,2,1,2,1,1,1,2,150000,1400,3,202210,1.0188,22100183,I,I,I,I,I,I,I,I,I,I,I
9.7318,1,1,4,2,1,2,1,1,2,2,120000,1300,3,202210,1.0188,22100184,R,R,R,R,R,R,R,R,R,R,R
9.7318,1,1,3,2,1,2,1,1,2,2,150000,1600,3,202210,1.0188,22100185,R,R,R,R,R,R,R,R,R,R,R
9.7318,2,1,5,2,1,2,1,1,1,2,150000,1500,3,202210,1.0188,22100186,R,I,I,I,R,R,I,I,R,I,I
9.7318,2,1,3,2,1,2,1,1,1,2,89000,1200,3,202210,1.0188,22100187,R,R,R,R,R,R,R,R,R,R,R
9.7318,2,1,3,2,3,2,1,1,2,2,180000,1700,3,202210,1.0188,22100188,R,R,R,R,R,R,R,R,R,R,R
9.7318,2,1,3,2,1,2,1,3,1,2,160000,1600,3,202210,1.0188,22100189,I,I,I,I,I,I,I,I,I,I,I
9.7318,2,1,3,2,3,2,1,1,2,2,250000,1800,3,202210,1.0188,22100190,R,R,R,R,R,R,R,R,R,R,R
28.3964,2,1,3,2,2,3,1,1,2,2,160000,1600,3,202210,1.0188,22100191,R,I,R,R,R,R,R,R,R,R,R
9.7318,2,1,5,2,2,2,4,3,2,2,130000,1600,3,202210,1.0188,22100192,R,R,R,R,R,R,R,R,R,R,R
9.7318,2,1,3,2,1,2,1,1,2,2,250000,2400,3,202210,1.0188,22100193,I,I,I,I,I,I,I,I,I,I,I
9.7318,1,1,3,2,1,2,1,1,2,2,150000,1500,3,202210,1.0188,22100194,R,R,R,R,R,R,R,I,R,I,I
9.7318,1,1,5,2,1,2,1,1,2,2,150000,1300,3,202210,1.0188,22100195,R,I,I,I,I,I,I,I,I,I,I
9.7318,1,1,3,2,1,2,1,1,2,2,170000,1600,3,202210,1.0188,22100196,R,R,R,R,I,I,R,I,I,I,I
9.7318,2,1,3,2,1,2,1,1,2,2,170000,1800,3,202210,1.0188,22100197,I,I,I,I,I,I,I,I,I,I,I
9.7318,1,1,3,2,1,2,1,1,2,2,150000,1500,3,202210,1.0188,22100198,I,I,I,I,I,I,I,I,I,I,I
9.7318,1,1,3,2,1,2,1,1,2,2,130000,1100,3,202210,1.0188,22100199,R,R,R,R,R,R,I,I,I,I,I
9.7318,1,1,3,2,1,2,1,1,1,2,180000,2000,3,202210,1.0188,22100200,R,R,R,R,R,R,R,R,R,R,R
9.7318,1,1,3,2,1,2,1,1,2,2,160000,1500,3,202210,1.0188,22100201,R,R,R,R,I,I,R,I,I,I,I
9.7318,1,1,3,2,1,2,1,1,2,2,130000,1400,3,202210,1.0188,22100202,R,R,R,R,R,R,R,I,R,I,I
28.3964,2,1,4,2,3,3,1,1,2,2,170000,2500,3,202210,1.0188,22100203,R,R,R,R,R,R,R,R,R,R,R
28.3964,2,1,3,2,3,3,1,1,2,2,200000,2500,3,202210,1.0188,22100204,R,I,R,R,R,R,R,R,R,R,R
9.7318,1,1,3,2,3,2,1,1,2,2,110000,2100,3,202210,1.0188,22100205,R,R,R,R,R,R,R,R,R,R,R
28.3964,2,1,3,2,2,2,1,1,2,2,250000,2400,3,202210,1.0188,22100206,R,R,R,R,R,R,R,R,R,R,R
10.1579,2,1,3,2,3,4,1,1,2,2,200000,2200,3,202210,1.0188,22100207,R,I,R,R,R,R,R,R,R,R,R
10.1579,2,1,3,2,3,4,1,1,2,2,150000,1300,3,202210,1.0188,22100208,R,I,I,I,R,R,I,I,R,I,I
9.7318,2,1,3,2,3,2,1,1,2,2,190000,2400,3,202210,1.0188,22100209,R,I,R,R,R,R,R,R,R,R,R
9.7318,2,1,3,2,3,2,1,1,2,2,180000,2000,3,202210,1.0188,22100210,R,I,R,R,R,R,R,R,R,R,R
10.1579,2,1,4,1,1,4,3,1,3,2,9,1200,3,202210,1.0188,22100211,R,9,R,R,R,R,R,R,R,R,R
10.1579,2,1,4,1,1,4,3,1,3,2,9,1200,3,202210,1.0188,22100212,R,9,R,R,R,R,R,R,R,R,R
10.1579,2,1,3,2,1,4,3,1,2,2,160000,1700,3,202210,1.0188,22100213,I,I,I,I,I,I,I,I,I,I,I
10.1579,2,1,4,2,1,4,3,1,3,2,190000,2200,3,202210,1.0188,22100214,I,I,I,I,I,I,I,I,I,I,I
10.1579,2,1,4,2,1,4,3,1,3,2,130000,910,1,202210,1.0188,22100215,I,I,I,I,I,I,I,I,I,I,I
10.1579,2,1,3,2,4,4,1,1,1,2,140000,1200,3,202210,1.0188,22100216,R,I,R,R,R,R,R,R,R,R,R
7.858300000000001,2,1,3,2,1,1,1,1,2,2,160000,1700,3,202210,1.0188,22100217,I,I,I,I,I,I,I,I,I,I,I
7.858300000000001,2,1,3,2,1,1,1,1,3,2,160000,1700,3,202210,1.0188,22100218,I,I,I,I,I,I,I,I,I,I,I
7.858300000000001,1,1,3,2,1,1,1,1,2,2,140000,1300,3,202210,1.0188,22100219,I,I,I,I,I,I,I,I,I,I,I
28.3964,2,1,3,2,3,3,1,1,2,2,190000,2500,3,202210,1.0188,22100220,I,I,I,I,I,I,I,I,I,I,I
28.3964,2,1,3,2,2,3,1,1,2,2,170000,2000,3,202210,1.0188,22100221,R,I,R,R,R,R,R,R,R,R,R
28.3964,2,1,3,2,3,3,1,1,2,2,160000,1600,3,202210,1.0188,22100222,R,R,R,R,R,R,R,R,R,R,R
28.3964,2,1,3,2,3,3,1,1,2,2,240000,2500,3,202210,1.0188,22100223,R,R,R,R,R,R,R,R,R,R,R
28.3964,2,1,3,2,3,3,1,1,2,2,170000,1600,3,202210,1.0188,22100224,R,R,R,R,R,R,R,R,R,R,R
28.3964,1,1,5,2,3,3,1,1,2,2,150000,1400,1,202210,1.0188,22100225,I,I,I,I,I,I,I,I,I,I,I
9.7318,2,1,3,2,1,2,1,1,2,2,160000,1600,3,202210,1.0188,22100226,I,I,I,I,I,I,I,I,I,I,I
9.7318,2,1,3,2,2,2,1,1,1,2,140000,2100,3,202210,1.0188,22100227,R,R,R,R,R,R,R,R,R,R,R
9.7318,1,1,3,2,1,2,1,1,2,2,110000,1400,3,202210,1.0188,22100228,R,R,R,R,R,R,R,R,R,R,R
10.1579,2,1,3,2,3,3,1,1,1,2,190000,2500,3,202210,1.0188,22100229,I,I,I,I,I,I,I,I,I,I,I
28.3964,2,1,3,2,1,3,1,1,1,2,170000,1800,3,202210,1.0188,22100230,I,I,I,I,I,I,I,I,I,I,I
6.7719000000000005,2,1,3,2,2,5,1,1,2,3,190000,2500,3,202210,1.0188,22100231,R,R,R,R,R,R,R,R,R,R,R
10.1579,2,1,3,2,2,4,1,1,2,2,150000,1600,3,202210,1.0188,22100232,R,R,R,R,R,R,R,R,R,R,R
10.1579,2,1,3,2,2,4,1,1,2,2,140000,1100,3,202210,1.0188,22100233,I,I,I,I,I,I,I,I,I,I,I
10.1579,1,1,3,2,2,4,1,1,2,2,130000,1300,3,202210,1.0188,22100234,R,R,R,R,R,R,R,R,R,R,R
10.1579,2,1,3,2,3,4,1,1,2,2,120000,1100,3,202210,1.0188,22100235,R,R,R,R,R,R,R,R,R,R,R
7.858300000000001,1,1,3,2,1,1,1,1,2,2,150000,1300,3,202210,1.0188,22100236,R,R,R,R,R,R,R,R,R,R,R
7.858300000000001,2,1,3,2,1,1,1,1,2,2,170000,1900,3,202210,1.0188,22100237,R,I,I,I,I,R,I,I,R,I,I
7.858300000000001,2,1,3,2,1,1,1,1,2,2,85000,1700,3,202210,1.0188,22100238,R,R,R,R,R,R,R,R,R,R,R
7.858300000000001,1,1,3,2,1,1,3,1,2,2,130000,990,3,202210,1.0188,22100239,R,R,R,R,R,R,R,R,R,R,R
7.858300000000001,2,1,3,2,3,1,1,1,1,2,130000,1900,3,202210,1.0188,22100240,R,R,R,R,R,R,R,R,R,R,R
7.858300000000001,2,1,3,2,1,1,1,1,2,2,85000,1700,3,202210,1.0188,22100241,R,R,R,R,R,R,R,R,R,R,R
7.858300000000001,1,1,3,2,1,1,1,1,2,2,170000,1300,1,202210,1.0188,22100242,R,R,R,R,R,R,R,R,R,R,R
7.858300000000001,2,1,3,2,3,1,1,2,2,2,100000,1200,1,202210,1.0188,22100243,R,R,R,R,R,R,R,R,R,R,R
7.858300000000001,2,1,3,2,3,1,1,2,2,2,85000,1600,3,202210,1.0188,22100244,R,R,R,R,R,R,R,R,R,R,R
7.858300000000001,1,1,3,2,1,1,1,1,2,2,150000,1600,3,202210,1.0188,22100245,R,R,R,R,R,R,R,R,R,R,R
28.3964,2,1,3,2,3,3,1,1,2,2,140000,1900,3,202210,1.0188,22100246,R,R,R,R,R,R,R,R,R,R,R
18.931,2,1,3,2,3,5,1,1,2,3,200000,2600,3,202210,1.0188,22100247,I,I,I,I,I,I,I,I,I,I,I
28.3964,2,1,3,2,3,3,1,1,1,2,170000,1800,3,202210,1.0188,22100248,R,R,R,R,R,R,R,R,R,R,R
28.3964,2,1,3,2,2,3,1,1,2,2,170000,1600,3,202210,1.0188,22100249,R,R,R,R,R,R,R,R,R,R,R
28.3964,2,1,3,2,2,3,1,1,2,2,180000,2000,3,202210,1.0188,22100250,I,I,I,I,I,I,I,I,I,I,I
28.3964,2,1,3,2,2,3,1,1,2,2,150000,2000,3,202210,1.0188,22100251,R,R,R,R,R,R,R,R,R,R,R
28.3964,1,1,3,2,2,3,1,1,2,2,150000,1300,3,202210,1.0188,22100252,R,I,R,R,R,R,R,R,R,R,R
28.3964,2,1,3,2,2,3,1,1,2,2,180000,2000,3,202210,1.0188,22100253,R,R,R,R,R,R,R,R,R,R,R
28.3964,2,1,4,2,3,3,1,2,1,2,190000,2500,3,202210,1.0188,22100254,I,I,I,I,I,I,I,I,I,I,I
28.3964,2,1,3,2,2,3,1,1,1,2,210000,1700,3,202210,1.0188,22100255,R,R,R,R,R,R,R,R,R,R,R
28.3964,2,1,3,2,2,3,1,1,2,2,240000,2500,3,202210,1.0188,22100256,R,R,R,R,R,R,R,R,R,R,R
28.3964,2,1,5,2,3,3,1,1,2,2,160000,1700,3,202210,1.0188,22100257,I,I,I,I,I,I,I,I,I,I,I
28.3964,2,1,3,2,2,3,1,1,2,2,120000,1500,3,202210,1.0188,22100258,R,R,R,R,R,R,R,R,R,R,R
28.3964,2,1,3,2,3,3,1,1,2,2,170000,1900,3,202210,1.0188,22100259,I,I,I,I,I,I,I,I,I,I,I
28.3964,2,1,3,2,3,3,1,1,1,2,160000,1700,3,202210,1.0188,22100260,I,I,I,I,I,I,I,I,I,I,I
28.3964,2,1,5,2,2,3,1,1,2,2,160000,1700,3,202210,1.0188,22100261,R,R,R,R,R,R,R,R,R,R,R
28.3964,2,1,3,2,2,3,1,1,2,2,160000,1600,3,202210,1.0188,22100262,R,I,R,R,R,R,R,R,R,R,R
28.3964,1,1,3,2,2,3,1,1,2,2,170000,1900,3,202210,1.0188,22100263,R,R,R,R,R,R,R,R,R,R,R
28.3964,2,1,3,2,2,3,1,2,1,2,240000,2500,3,202210,1.0188,22100264,R,R,R,R,R,R,R,R,R,R,R
28.3964,1,1,3,2,1,3,1,1,2,2,150000,1900,3,202210,1.0188,22100265,R,R,R,R,R,R,I,I,R,I,I
28.3964,2,1,4,2,3,3,1,1,2,2,180000,2500,3,202210,1.0188,22100266,R,R,R,R,R,R,R,R,R,R,R
28.3964,2,1,5,2,3,3,1,1,2,2,130000,1500,3,202210,1.0188,22100267,R,R,R,R,R,R,R,R,R,R,R
28.3964,2,1,3,2,2,3,1,1,2,2,200000,1800,3,202210,1.0188,22100268,R,R,R,R,R,R,R,R,R,R,R
28.3964,2,1,3,2,3,3,3,1,2,2,160000,1900,3,202210,1.0188,22100269,R,R,R,R,R,R,R,R,R,R,R
28.3964,2,1,4,2,2,3,2,1,1,2,180000,2100,3,202210,1.0188,22100270,R,I,R,R,R,R,R,R,R,R,R
9.7318,2,1,5,2,1,2,1,1,3,2,160000,1600,3,202210,1.0188,22100271,I,I,I,I,I,I,I,I,I,I,I
6.7719000000000005,1,1,1,2,3,5,0,0,2,3,350000,2000,1,202210,1.0188,22100272,R,R,R,R,R,R,R,R,R,R,R
10.1579,2,1,1,2,3,4,0,0,2,2,140000,1100,3,202210,1.0188,22100273,I,I,I,I,I,I,I,R,I,I,R
10.1579,1,1,2,2,1,4,0,0,2,2,200000,1300,1,202210,1.0188,22100274,R,R,R,R,R,R,R,R,R,R,R
10.1579,2,1,2,2,3,4,0,0,2,2,170000,1800,3,202210,1.0188,22100275,R,R,R,R,R,R,R,R,R,R,R
10.1579,1,1,2,2,1,4,0,0,2,2,140000,1200,3,202210,1.0188,22100276,I,I,I,I,I,I,I,R,I,I,R
10.1579,2,1,1,2,3,4,0,0,1,2,210000,1700,3,202210,1.0188,22100277,R,R,R,R,R,R,R,R,R,R,R
10.1579,1,1,1,2,1,4,0,0,2,2,220000,1400,3,202210,1.0188,22100278,R,R,R,R,R,R,R,R,R,R,R
10.1579,2,1,1,2,1,4,0,0,2,2,160000,1600,3,202210,1.0188,22100279,I,I,I,I,I,I,I,R,I,I,R
10.1579,2,1,2,2,1,4,0,0,1,2,140000,1100,3,202210,1.0188,22100280,R,I,I,I,R,R,I,R,I,I,R
10.1579,1,1,1,2,3,4,0,0,2,2,210000,1600,3,202210,1.0188,22100281,R,R,R,R,R,R,R,R,R,R,R
10.1579,2,1,1,2,1,4,0,0,1,2,96000,910,3,202210,1.0188,22100282,R,R,R,R,R,R,R,R,R,R,R
7.858300000000001,1,1,1,2,1,1,0,0,2,2,280000,1600,1,202210,1.0188,22100283,R,R,R,R,R,R,R,R,R,R,R
7.858300000000001,1,1,1,1,1,1,0,0,1,2,9,1300,3,202210,1.0188,22100284,R,9,R,R,R,R,R,R,R,R,R
7.858300000000001,2,1,1,2,3,1,0,0,1,2,120000,1200,3,202210,1.0188,22100285,R,R,R,R,R,R,R,R,R,R,R
7.858300000000001,1,1,1,2,1,1,0,0,2,2,280000,1600,1,202210,1.0188,22100286,R,R,R,R,R,R,R,R,R,R,R
7.858300000000001,2,1,1,2,2,1,0,0,2,2,140000,1200,3,202210,1.0188,22100287,R,R,R,R,R,R,R,R,R,R,R
7.858300000000001,2,1,1,2,1,1,0,0,3,2,140000,1200,3,202210,1.0188,22100288,R,I,I,I,I,R,I,R,R,I,R
7.858300000000001,2,1,1,2,1,1,0,0,1,2,98000,1300,1,202210,1.0188,22100289,R,R,R,R,R,R,R,R,R,R,R
7.858300000000001,2,1,1,2,2,1,0,0,2,2,140000,990,1,202210,1.0188,22100290,R,R,R,R,R,R,R,R,R,R,R
7.858300000000001,1,1,1,2,1,1,0,0,1,2,99000,1300,3,202210,1.0188,22100291,R,R,R,R,R,R,R,R,R,R,R
28.3964,2,1,1,2,2,3,0,0,2,2,130000,1600,3,202210,1.0188,22100292,R,R,R,R,R,R,R,R,R,R,R
10.1579,2,1,1,2,3,4,0,0,1,2,230000,1700,3,202210,1.0188,22100293,R,R,R,R,R,R,R,R,R,R,R
28.3964,2,1,1,2,3,3,0,0,2,2,180000,2000,3,202210,1.0188,22100294,R,I,R,R,R,R,R,R,R,R,R
28.3964,2,1,2,2,3,3,0,0,2,2,180000,2000,3,202210,1.0188,22100295,I,I,I,I,I,I,I,R,I,I,R
9.7318,1,1,1,2,1,2,0,0,2,2,160000,1500,3,202210,1.0188,22100296,R,R,R,R,R,R,R,R,R,I,R
9.7318,1,1,1,2,1,2,0,0,2,2,160000,2000,3,202210,1.0188,22100297,R,R,R,R,I,I,R,R,I,I,R
28.3964,2,1,1,2,2,3,0,0,2,2,120000,2000,3,202210,1.0188,22100298,R,R,R,R,R,R,R,R,R,R,R
10.1579,2,1,1,1,2,4,0,0,2,2,9,1300,3,202210,1.0188,22100299,R,9,R,R,R,R,R,R,R,R,R
10.1579,1,1,2,2,2,4,0,0,2,2,140000,1200,3,202210,1.0188,22100300,I,I,I,I,I,I,I,R,I,I,R
10.1579,2,1,1,2,2,4,0,0,2,2,150000,1300,3,202210,1.0188,22100301,I,I,I,I,I,I,I,R,I,I,R
7.858300000000001,2,1,1,2,3,1,0,0,1,2,150000,1200,3,202210,1.0188,22100302,R,R,R,R,R,R,R,R,R,R,R
7.858300000000001,2,1,1,2,3,1,0,0,1,2,160000,1900,3,202210,1.0188,22100303,R,R,R,R,R,R,R,R,R,R,R
7.858300000000001,2,1,1,2,3,1,0,0,2,2,190000,1900,3,202210,1.0188,22100304,R,R,R,R,R,R,R,R,R,R,R
7.858300000000001,2,1,1,2,3,1,0,0,2,2,100000,1300,3,202210,1.0188,22100305,R,R,R,R,R,R,R,R,R,R,R
7.858300000000001,1,1,1,2,1,1,0,0,2,2,200000,1200,3,202210,1.0188,22100306,R,R,R,R,R,R,R,R,R,R,R
7.858300000000001,2,1,1,2,1,1,0,0,2,2,150000,1300,1,202210,1.0188,22100307,I,I,I,I,I,I,I,R,I,I,R
7.858300000000001,1,1,1,2,1,1,0,0,2,2,140000,1200,3,202210,1.0188,22100308,I,I,I,I,I,I,I,R,I,I,R
7.858300000000001,2,1,1,2,1,1,0,0,2,2,160000,1700,3,202210,1.0188,22100309,R,I,I,I,I,R,I,R,R,I,R
7.858300000000001,2,1,1,2,3,1,0,0,2,2,180000,1900,3,202210,1.0188,22100310,R,R,R,R,R,R,R,R,R,R,R
7.858300000000001,2,1,1,2,3,1,0,0,1,2,190000,1900,3,202210,1.0188,22100311,R,R,R,R,R,R,R,R,R,R,R
7.858300000000001,2,1,1,2,2,1,0,0,2,2,140000,1700,3,202210,1.0188,22100312,R,R,R,R,R,R,R,R,R,R,R
7.858300000000001,2,1,1,2,3,1,0,0,1,2,160000,1900,3,202210,1.0188,22100313,R,R,R,R,R,R,R,R,R,R,R
9.7318,2,1,1,2,3,2,0,0,1,2,150000,2000,3,202210,1.0188,22100314,R,R,R,R,R,R,R,R,R,R,R
7.858300000000001,2,1,2,2,2,1,0,0,1,2,150000,1700,3,202210,1.0188,22100315,R,R,R,R,R,R,R,R,R,R,R
28.3964,2,1,2,2,2,3,0,0,2,2,160000,1700,3,202210,1.0188,22100316,I,I,I,I,I,I,I,R,I,I,R
28.3964,2,1,1,2,3,3,0,0,2,2,210000,1800,1,202210,1.0188,22100317,R,R,R,R,R,R,R,R,R,R,R
28.3964,2,1,2,2,1,3,0,0,2,2,87000,1600,3,202210,1.0188,22100318,R,R,R,R,R,R,R,R,R,R,R
9.7318,2,1,1,2,3,2,0,0,1,2,170000,1600,3,202210,1.0188,22100319,R,R,R,R,R,R,R,R,R,R,R
9.7318,2,1,1,2,1,2,0,0,1,2,150000,1300,3,202210,1.0188,22100320,I,I,I,I,I,I,I,R,I,I,R
9.7318,2,1,1,2,2,2,0,0,2,2,130000,1500,1,202210,1.0188,22100321,R,R,R,R,R,R,R,R,R,R,R
9.7318,2,1,1,2,1,2,0,0,2,2,180000,2000,3,202210,1.0188,22100322,I,I,I,I,I,I,I,R,I,I,R
10.1579,2,2,9,2,9,4,9,9,9,2,200000,1700,3,202210,1.0188,22100323,R,R,R,R,R,R,9,9,9,9,9
10.1579,1,2,9,2,9,4,9,9,9,2,130000,1600,3,202210,1.0188,22100324,R,R,R,R,R,R,9,9,9,9,9
10.1579,1,2,9,2,9,4,9,9,9,2,160000,1700,3,202210,1.0188,22100325,I,I,I,I,I,I,9,9,9,9,9
10.1579,1,2,9,2,9,4,9,9,9,2,190000,1100,3,202210,1.0188,22100326,R,R,R,R,R,R,9,9,9,9,9
6.7719000000000005,2,2,9,2,9,5,9,9,9,3,260000,2200,3,202210,1.0188,22100327,R,R,R,R,R,R,9,9,9,9,9
28.3964,1,2,9,2,9,3,9,9,9,2,160000,1600,3,202210,1.0188,22100328,R,I,R,R,R,R,9,9,9,9,9
28.3964,1,2,9,2,9,3,9,9,9,2,160000,2500,3,202210,1.0188,22100329,R,R,R,R,R,R,9,9,9,9,9
28.3964,1,2,9,2,9,3,9,9,9,2,150000,1800,3,202210,1.0188,22100330,R,R,R,R,R,R,9,9,9,9,9
28.3964,1,2,9,2,9,3,9,9,9,2,160000,1600,3,202210,1.0188,22100331,I,I,I,I,I,I,9,9,9,9,9
10.1579,1,2,9,2,9,4,9,9,9,2,170000,1900,3,202210,1.0188,22100332,R,I,R,R,R,R,9,9,9,9,9
10.1579,1,2,9,2,9,4,9,9,9,2,300000,1200,3,202210,1.0188,22100333,R,R,R,R,R,R,9,9,9,9,9
9.7318,1,2,9,2,9,2,9,9,9,2,170000,2000,3,202210,1.0188,22100334,R,R,R,R,R,R,9,9,9,9,9
28.3964,1,2,9,2,9,3,9,9,9,2,150000,1400,1,202210,1.0188,22100335,I,I,I,I,I,I,9,9,9,9,9
10.1579,1,2,9,2,9,4,9,9,9,2,160000,1600,3,202210,1.0188,22100336,I,I,I,I,I,I,9,9,9,9,9
9.7318,1,2,9,2,9,2,9,9,9,2,130000,1600,3,202210,1.0188,22100337,R,R,R,R,R,R,9,9,9,9,9
9.7318,1,2,9,2,9,2,9,9,9,2,180000,2100,3,202210,1.0188,22100338,I,I,I,I,I,I,9,9,9,9,9
9.7318,1,2,9,2,9,2,9,9,9,2,120000,1500,3,202210,1.0188,22100339,R,R,R,R,R,R,9,9,9,9,9
9.7318,2,2,9,2,9,2,9,9,9,2,130000,1500,3,202210,1.0188,22100340,R,R,R,R,R,R,9,9,9,9,9
9.7318,1,2,9,2,9,2,9,9,9,2,100000,1500,3,202210,1.0188,22100341,R,R,R,R,R,R,9,9,9,9,9
10.1579,1,2,9,2,9,4,9,9,9,2,140000,1500,3,202210,1.0188,22100342,R,R,R,R,R,R,9,9,9,9,9
10.1579,2,2,9,2,9,4,9,9,9,2,140000,1200,3,202210,1.0188,22100343,I,I,I,I,I,I,9,9,9,9,9
28.3964,1,2,9,2,9,3,9,9,9,2,150000,2000,3,202210,1.0188,22100344,R,R,R,R,R,R,9,9,9,9,9
28.3964,1,2,9,2,9,3,9,9,9,2,180000,2000,3,202210,1.0188,22100345,R,R,R,R,R,R,9,9,9,9,9
28.3964,1,2,9,2,9,3,9,9,9,2,130000,2100,3,202210,1.0188,22100346,R,R,R,R,R,R,9,9,9,9,9
7.858300000000001,1,2,9,2,9,1,9,9,9,2,120000,1700,3,202210,1.0188,22100347,R,R,R,R,R,R,9,9,9,9,9
28.3964,2,2,9,2,9,3,9,9,9,2,110000,2500,3,202210,1.0188,22100348,R,R,R,R,I,I,9,9,9,9,9
7.858300000000001,1,2,9,2,9,1,9,9,9,2,160000,1600,3,202210,1.0188,22100349,R,I,R,R,R,R,9,9,9,9,9
10.1579,1,2,9,2,9,4,9,9,9,2,130000,1100,1,202210,1.0188,22100350,R,R,R,R,R,R,9,9,9,9,9
28.3964,1,2,9,2,9,3,9,9,9,2,150000,1300,3,202210,1.0188,22100351,I,I,I,I,I,I,9,9,9,9,9
28.3964,1,2,9,2,9,3,9,9,9,2,130000,1600,3,202210,1.0188,22100352,R,R,R,R,R,R,9,9,9,9,9
28.3964,1,2,9,2,9,3,9,9,9,2,110000,1700,3,202210,1.0188,22100353,R,R,R,R,R,R,9,9,9,9,9
28.3964,1,2,9,2,9,3,9,9,9,2,160000,1600,3,202210,1.0188,22100354,I,I,I,I,I,I,9,9,9,9,9
28.3964,1,2,9,2,9,3,9,9,9,2,190000,2300,3,202210,1.0188,22100355,R,I,R,R,R,R,9,9,9,9,9
10.1579,1,2,9,1,9,4,9,9,9,2,9,1300,3,202210,1.0188,22100356,R,9,I,I,I,R,9,9,9,9,9
10.1579,1,2,9,2,9,4,9,9,9,2,200000,2200,3,202210,1.0188,22100357,I,I,I,I,I,I,9,9,9,9,9
28.3964,1,2,9,2,9,3,9,9,9,2,87000,1100,3,202210,1.0188,22100358,R,R,R,R,R,R,9,9,9,9,9
10.1579,1,2,9,2,9,4,9,9,9,2,150000,1300,3,202210,1.0188,22100359,R,I,R,R,R,R,9,9,9,9,9
28.3964,1,2,9,2,9,3,9,9,9,2,160000,1500,3,202210,1.0188,22100360,I,I,I,I,I,I,9,9,9,9,9
28.3964,1,2,9,2,9,3,9,9,9,2,170000,1800,1,202210,1.0188,22100361,I,I,I,I,I,I,9,9,9,9,9
10.1579,1,2,9,2,9,4,9,9,9,2,130000,910,3,202210,1.0188,22100362,I,I,I,I,I,I,9,9,9,9,9
10.1579,1,2,9,2,9,4,9,9,9,2,180000,1200,3,202210,1.0188,22100363,R,R,R,R,R,R,9,9,9,9,9
10.1579,2,2,9,2,9,4,9,9,9,2,220000,1600,3,202210,1.0188,22100364,R,R,R,R,R,R,9,9,9,9,9
28.3964,2,2,9,2,9,3,9,9,9,2,130000,1100,1,202210,1.0188,22100365,I,I,I,I,I,I,9,9,9,9,9
28.3964,1,2,9,2,9,3,9,9,9,2,180000,2500,3,202210,1.0188,22100366,R,R,R,R,R,R,9,9,9,9,9
10.1579,1,2,9,2,9,4,9,9,9,2,160000,1600,3,202210,1.0188,22100367,R,I,R,R,R,R,9,9,9,9,9
28.3964,1,2,9,2,9,3,9,9,9,2,140000,1100,3,202210,1.0188,22100368,I,I,I,I,I,I,9,9,9,9,9
28.3964,1,2,9,2,9,3,9,9,9,2,130000,2500,3,202210,1.0188,22100369,R,R,R,R,R,R,9,9,9,9,9
9.7318,1,2,9,2,9,2,9,9,9,2,89000,1700,3,202210,1.0188,22100370,R,R,R,R,R,R,9,9,9,9,9
28.3964,1,2,9,2,9,3,9,9,9,2,150000,1900,3,202210,1.0188,22100371,R,R,R,R,R,R,9,9,9,9,9
28.3964,1,2,9,2,9,3,9,9,9,2,190000,2500,3,202210,1.0188,22100372,I,I,I,I,I,I,9,9,9,9,9
10.1579,1,2,9,2,9,4,9,9,9,2,130000,1300,3,202210,1.0188,22100373,R,R,R,R,R,R,9,9,9,9,9
10.1579,1,2,9,2,9,4,9,9,9,2,120000,1300,3,202210,1.0188,22100374,R,R,R,R,R,R,9,9,9,9,9
7.858300000000001,1,2,9,2,9,1,9,9,9,2,280000,1500,1,202210,1.0188,22100375,R,R,R,R,R,R,9,9,9,9,9
28.3964,1,2,9,2,9,3,9,9,9,2,160000,1600,3,202210,1.0188,22100376,I,I,I,I,I,I,9,9,9,9,9
10.1579,1,2,9,2,9,4,9,9,9,2,96000,1500,1,202210,1.0188,22100377,R,R,R,R,R,R,9,9,9,9,9
10.1579,1,2,9,2,9,4,9,9,9,2,230000,1500,3,202210,1.0188,22100378,R,R,R,R,R,R,9,9,9,9,9
10.1579,2,2,9,2,9,4,9,9,9,2,230000,1600,1,202210,1.0188,22100379,R,R,R,R,R,R,9,9,9,9,9
10.1579,1,2,9,2,9,4,9,9,9,2,150000,1500,3,202210,1.0188,22100380,I,I,I,I,I,I,9,9,9,9,9
10.1579,1,2,9,2,9,4,9,9,9,2,96000,1300,3,202210,1.0188,22100381,R,R,R,R,R,R,9,9,9,9,9
9.7318,1,2,9,2,9,2,9,9,9,2,100000,1300,3,202210,1.0188,22100382,R,R,R,R,R,R,9,9,9,9,9
28.3964,1,2,9,2,9,3,9,9,9,2,190000,2500,3,202210,1.0188,22100383,R,R,R,R,R,R,9,9,9,9,9
28.3964,1,2,9,1,9,3,9,9,9,2,9,2500,3,202210,1.0188,22100384,I,9,I,I,I,I,9,9,9,9,9
10.1579,1,2,9,2,9,4,9,9,9,2,160000,1600,3,202210,1.0188,22100385,I,I,I,I,I,I,9,9,9,9,9
28.3964,1,2,9,2,9,3,9,9,9,2,140000,2200,3,202210,1.0188,22100386,R,R,R,R,R,R,9,9,9,9,9
7.858300000000001,1,2,9,2,9,1,9,9,9,2,160000,1700,3,202210,1.0188,22100387,R,R,R,R,R,R,9,9,9,9,9
9.7318,2,2,9,2,9,2,9,9,9,2,200000,1800,3,202210,1.0188,22100388,R,R,R,R,R,R,9,9,9,9,9
9.7318,1,2,9,2,9,2,9,9,9,2,120000,1300,3,202210,1.0188,22100389,R,R,R,R,R,R,9,9,9,9,9
9.7318,2,2,9,2,9,2,9,9,9,2,150000,1500,3,202210,1.0188,22100390,I,I,I,I,I,I,9,9,9,9,9
10.1579,1,2,9,2,9,4,9,9,9,2,180000,1100,3,202210,1.0188,22100391,R,R,R,R,R,R,9,9,9,9,9
9.7318,1,2,9,2,9,2,9,9,9,2,120000,1500,3,202210,1.0188,22100392,R,R,R,R,R,R,9,9,9,9,9
28.3964,1,2,9,1,9,3,9,9,9,2,9,2500,3,202210,1.0188,22100393,R,9,R,R,R,R,9,9,9,9,9
7.858300000000001,1,2,9,2,9,1,9,9,9,2,150000,1700,3,202210,1.0188,22100394,R,R,R,R,R,R,9,9,9,9,9
9.7318,1,2,9,2,9,2,9,9,9,2,150000,1300,3,202210,1.0188,22100395,R,I,R,R,R,R,9,9,9,9,9
9.7318,1,2,9,2,9,2,9,9,9,2,110000,1100,3,202210,1.0188,22100396,R,R,R,R,R,R,9,9,9,9,9
9.7318,1,2,9,2,9,2,9,9,9,2,110000,1600,3,202210,1.0188,22100397,R,R,R,R,R,R,9,9,9,9,9
7.858300000000001,1,2,9,2,9,1,9,9,9,2,170000,1900,3,202210,1.0188,22100398,I,I,I,I,I,I,9,9,9,9,9
7.858300000000001,1,2,9,2,9,1,9,9,9,2,140000,1500,3,202210,1.0188,22100399,R,R,R,R,I,I,9,9,9,9,9
7.858300000000001,1,2,9,2,9,1,9,9,9,2,150000,1500,3,202210,1.0188,22100400,R,R,R,R,R,R,9,9,9,9,9
7.858300000000001,1,2,9,2,9,1,9,9,9,2,160000,1700,3,202210,1.0188,22100401,I,I,I,I,I,I,9,9,9,9,9
9.7318,1,2,9,2,9,2,9,9,9,2,140000,1500,3,202210,1.0188,22100402,R,R,R,R,R,R,9,9,9,9,9
9.7318,1,2,9,2,9,2,9,9,9,2,170000,1600,3,202210,1.0188,22100403,R,R,R,R,R,R,9,9,9,9,9
10.1579,1,2,9,2,9,4,9,9,9,2,140000,1300,3,202210,1.0188,22100404,I,I,I,I,I,I,9,9,9,9,9
28.3964,1,2,9,2,9,3,9,9,9,2,180000,2200,3,202210,1.0188,22100405,R,I,R,R,R,R,9,9,9,9,9
9.7318,2,2,9,2,9,2,9,9,9,2,120000,1700,3,202210,1.0188,22100406,R,R,R,R,R,R,9,9,9,9,9
28.3964,1,2,9,2,9,3,9,9,9,2,110000,1500,3,202210,1.0188,22100407,R,R,R,R,R,R,9,9,9,9,9
9.7318,1,2,9,2,9,2,9,9,9,2,140000,1200,3,202210,1.0188,22100408,I,I,I,I,I,I,9,9,9,9,9
28.3964,2,2,9,2,9,3,9,9,9,2,150000,2100,3,202210,1.0188,22100409,R,R,R,R,R,R,9,9,9,9,9
28.3964,1,2,9,2,9,3,9,9,9,2,140000,2200,3,202210,1.0188,22100410,R,R,R,R,R,R,9,9,9,9,9
28.3964,1,2,9,2,9,3,9,9,9,2,87000,1600,3,202210,1.0188,22100411,R,R,R,R,R,R,9,9,9,9,9
28.3964,1,2,9,2,9,3,9,9,9,2,130000,1600,3,202210,1.0188,22100412,R,R,R,R,R,R,9,9,9,9,9
28.3964,1,2,9,2,9,3,9,9,9,2,87000,1600,3,202210,1.0188,22100413,R,R,R,R,R,R,9,9,9,9,9
28.3964,1,2,9,1,9,3,9,9,9,2,9,2200,3,202210,1.0188,22100414,R,9,R,R,R,R,9,9,9,9,9
28.3964,2,2,9,2,9,3,9,9,9,2,140000,2500,3,202210,1.0188,22100415,R,R,R,R,I,I,9,9,9,9,9
28.3964,1,2,9,2,9,3,9,9,9,2,140000,2500,3,202210,1.0188,22100416,R,R,R,R,R,R,9,9,9,9,9
28.3964,1,2,9,2,9,3,9,9,9,2,160000,1600,3,202210,1.0188,22100417,R,I,R,R,R,R,9,9,9,9,9
28.3964,1,2,9,2,9,3,9,9,9,2,110000,1900,3,202210,1.0188,22100418,R,R,R,R,R,R,9,9,9,9,9
9.7318,1,2,9,2,9,2,9,9,9,2,180000,2100,3,202210,1.0188,22100419,I,I,I,I,I,I,9,9,9,9,9
10.1579,3,9,9,9,9,5,9,9,9,2,9,9,9,202210,1.0188,22100420,R,9,9,9,9,9,9,9,9,9,9
28.3964,3,9,9,9,9,5,9,9,9,2,9,9,9,202210,1.0188,22100421,R,9,9,9,9,9,9,9,9,9,9
28.3964,3,9,9,9,9,5,9,9,9,2,9,9,9,202210,1.0188,22100422,R,9,9,9,9,9,9,9,9,9,9
28.3964,3,9,9,9,9,5,9,9,9,2,9,9,9,202210,1.0188,22100423,R,9,9,9,9,9,9,9,9,9,9
10.1579,3,9,9,9,9,5,9,9,9,2,9,9,9,202210,1.0188,22100424,R,9,9,9,9,9,9,9,9,9,9
9.7318,3,9,9,9,9,5,9,9,9,2,9,9,9,202210,1.0188,22100425,R,9,9,9,9,9,9,9,9,9,9
28.3964,3,9,9,9,9,5,9,9,9,2,9,9,9,202210,1.0188,22100426,R,9,9,9,9,9,9,9,9,9,9
19.189500000000002,1,1,4,2,1,4,3,1,2,1,85000,900,1,202211,1.0696,22110001,I,I,I,I,I,I,I,I,I,I,I
19.189500000000002,2,1,3,2,1,4,3,2,3,1,91000,1100,3,202211,1.0696,22110002,I,I,I,I,I,I,I,I,I,I,I
19.189500000000002,2,1,5,2,1,4,3,3,2,1,72000,590,1,202211,1.0696,22110003,I,I,I,I,I,I,I,I,I,I,I
19.189500000000002,2,1,3,2,3,4,3,1,1,1,150000,780,1,202211,1.0696,22110004,R,R,R,R,R,R,R,R,R,R,R
19.189500000000002,2,1,4,2,1,4,1,1,2,1,97000,1200,3,202211,1.0696,22110005,I,I,I,I,I,I,I,I,I,I,I
19.189500000000002,1,1,3,2,1,4,1,1,2,1,85000,900,1,202211,1.0696,22110006,I,I,I,I,I,I,I,I,I,I,I
13.45,2,1,3,1,1,1,1,1,2,1,9,940,1,202211,1.0696,22110007,R,9,I,I,I,R,I,I,R,I,I
13.45,2,1,4,2,1,1,1,1,1,1,100000,920,1,202211,1.0696,22110008,R,R,R,R,R,R,R,R,R,R,R
13.45,2,1,3,2,1,1,1,1,2,1,86000,940,1,202211,1.0696,22110009,I,I,I,I,I,I,I,I,I,I,I
51.2143,2,1,4,2,3,3,1,2,1,1,85000,900,1,202211,1.0696,22110010,I,I,I,I,I,I,I,I,I,I,I
51.2143,2,1,3,2,3,3,1,1,2,1,86000,930,1,202211,1.0696,22110011,I,I,I,I,I,I,I,I,I,I,I
51.2143,2,1,4,2,1,3,1,1,2,1,91000,1100,3,202211,1.0696,22110012,R,I,I,I,R,R,I,I,R,I,I
51.2143,1,1,3,2,3,3,1,1,2,1,86000,930,1,202211,1.0696,22110013,I,I,I,I,I,I,I,I,I,I,I
19.189500000000002,1,1,3,2,1,4,1,1,1,1,97000,1200,3,202211,1.0696,22110014,R,I,R,R,R,R,R,R,R,R,R
17.2182,2,1,3,2,1,2,1,1,2,1,97000,1200,3,202211,1.0696,22110015,R,I,R,R,R,R,I,I,R,I,I
17.2182,2,1,3,2,1,2,1,1,2,1,97000,1200,3,202211,1.0696,22110016,I,I,I,I,I,I,I,I,I,I,I
17.2182,1,1,3,1,1,2,1,1,2,1,9,1200,3,202211,1.0696,22110017,R,9,R,R,R,R,I,I,R,I,I
17.2182,1,1,3,2,1,2,1,2,2,1,93000,1100,1,202211,1.0696,22110018,I,I,I,I,I,I,I,I,I,I,I
17.2182,2,1,4,2,3,2,1,1,2,1,83000,1100,1,202211,1.0696,22110019,R,R,R,R,R,R,R,R,R,R,R
17.2182,2,1,3,2,3,2,1,1,2,1,120000,1200,3,202211,1.0696,22110020,R,R,R,R,R,R,R,R,R,R,R
51.2143,2,1,3,2,3,3,1,1,2,1,78000,660,1,202211,1.0696,22110021,I,I,I,I,I,I,I,I,I,I,I
17.2182,1,1,3,2,1,2,1,1,2,1,100000,1100,3,202211,1.0696,22110022,R,R,R,R,R,R,R,I,I,I,I
17.2182,2,1,3,2,1,2,1,1,1,1,77000,900,1,202211,1.0696,22110023,R,R,R,R,R,R,I,I,R,I,I
17.2182,2,1,3,2,1,2,1,1,2,1,87000,960,1,202211,1.0696,22110024,R,I,R,R,R,R,R,R,R,R,R
17.2182,1,1,5,2,1,2,1,1,2,1,73000,960,1,202211,1.0696,22110025,R,R,R,R,R,R,I,I,R,I,I
17.2182,1,1,3,2,1,2,1,1,2,1,56000,840,1,202211,1.0696,22110026,R,R,R,R,R,R,R,R,R,R,R
17.2182,2,1,3,1,1,2,1,1,1,1,9,900,1,202211,1.0696,22110027,R,9,R,R,R,R,R,R,R,R,R
17.2182,2,1,4,1,1,2,1,1,1,1,9,900,1,202211,1.0696,22110028,R,9,R,R,R,R,R,R,R,R,R
17.2182,1,1,3,2,1,2,1,1,2,1,100000,960,1,202211,1.0696,22110029,R,R,R,R,R,R,R,I,I,I,I
17.2182,1,1,3,2,1,2,1,1,2,1,100000,1000,1,202211,1.0696,22110030,R,R,R,R,R,R,R,I,I,I,I
17.2182,1,1,3,2,1,2,1,1,2,1,100000,740,1,202211,1.0696,22110031,R,R,R,R,R,I,I,I,I,I,I
51.2143,2,1,4,2,2,3,1,2,2,1,95000,1300,3,202211,1.0696,22110032,R,R,R,R,R,R,R,R,R,R,R
17.2182,2,1,5,2,3,2,4,1,1,1,79000,1300,3,202211,1.0696,22110033,R,R,R,R,R,R,R,R,R,R,R
17.2182,2,1,3,2,1,2,1,1,2,1,96000,1200,3,202211,1.0696,22110034,R,R,R,R,R,R,I,I,R,I,I
19.189500000000002,2,1,3,2,3,4,1,1,2,1,87000,960,1,202211,1.0696,22110035,I,I,I,I,I,I,I,I,I,I,I
17.2182,1,1,5,2,2,2,1,1,3,1,97000,1200,3,202211,1.0696,22110036,I,I,I,I,I,I,I,I,I,I,I
17.2182,1,1,3,1,2,2,1,1,2,1,9,1200,3,202211,1.0696,22110037,I,9,I,I,I,I,I,I,I,I,I
19.189500000000002,1,1,4,2,1,4,3,1,3,1,96000,900,1,202211,1.0696,22110038,R,R,R,R,R,R,R,I,I,I,I
51.2143,2,1,3,2,2,3,1,1,2,1,67000,840,1,202211,1.0696,22110039,R,R,R,R,R,R,R,R,R,R,R
51.2143,2,1,3,2,3,3,1,1,2,1,83000,840,1,202211,1.0696,22110040,I,I,I,I,I,I,I,I,I,I,I
51.2143,2,1,3,2,3,3,1,1,2,1,85000,900,1,202211,1.0696,22110041,I,I,I,I,I,I,I,I,I,I,I
17.2182,1,1,3,2,1,2,1,1,1,1,91000,1100,3,202211,1.0696,22110042,I,I,I,I,I,I,I,I,I,I,I
17.2182,2,1,3,2,1,2,1,1,1,1,56000,960,1,202211,1.0696,22110043,R,R,R,R,R,R,I,I,R,I,I
17.2182,2,1,3,2,1,2,1,1,1,1,120000,1200,3,202211,1.0696,22110044,R,R,R,R,R,R,R,R,R,R,R
17.2182,1,1,3,2,1,2,1,1,2,1,89000,1000,1,202211,1.0696,22110045,I,I,I,I,I,I,I,I,I,I,I
17.2182,2,1,4,1,1,2,1,1,2,1,9,1100,3,202211,1.0696,22110046,R,9,R,R,R,R,R,R,R,R,R
17.2182,1,1,3,2,1,2,1,1,2,1,93000,1100,3,202211,1.0696,22110047,I,I,I,I,I,I,I,I,I,I,I
19.189500000000002,1,1,3,2,2,4,2,1,2,1,73000,590,1,202211,1.0696,22110048,R,R,R,R,R,R,R,R,R,R,R
19.189500000000002,1,1,3,2,2,4,1,1,2,1,79000,590,1,202211,1.0696,22110049,R,R,R,R,R,R,R,R,R,R,R
19.189500000000002,1,1,3,2,2,4,2,1,2,1,80000,780,1,202211,1.0696,22110050,R,R,R,R,R,R,R,R,R,R,R
13.45,2,1,3,2,1,1,1,1,1,1,91000,1100,3,202211,1.0696,22110051,R,I,I,I,R,R,I,I,R,I,I
13.45,2,1,3,2,1,1,1,1,2,1,65000,840,1,202211,1.0696,22110052,R,R,R,R,R,R,R,R,R,R,R
13.45,1,1,3,1,1,1,3,1,1,1,9,1100,3,202211,1.0696,22110053,R,9,R,R,R,R,R,R,R,R,R
13.45,1,1,3,2,1,1,1,1,2,1,91000,1100,3,202211,1.0696,22110054,I,I,I,I,I,I,I,I,I,I,I
13.45,1,1,3,2,1,1,1,1,2,1,120000,1100,1,202211,1.0696,22110055,R,R,R,R,R,R,I,I,R,I,I
13.45,1,1,3,2,1,1,1,1,2,1,110000,1100,3,202211,1.0696,22110056,R,R,R,R,R,R,R,R,R,R,R
51.2143,2,1,3,2,3,3,1,2,2,1,84000,900,1,202211,1.0696,22110057,R,R,R,R,R,R,R,R,R,R,R
51.2143,2,1,3,2,3,3,1,1,2,1,86000,930,1,202211,1.0696,22110058,I,I,I,I,I,I,I,I,I,I,I
51.2143,2,1,3,2,2,3,1,1,2,1,97000,1200,3,202211,1.0696,22110059,R,I,I,I,I,I,I,I,I,I,I
51.2143,2,1,5,2,3,3,1,1,2,1,68000,660,1,202211,1.0696,22110060,R,R,R,R,R,R,R,R,R,R,R
51.2143,2,1,3,2,1,3,1,1,2,1,68000,1100,3,202211,1.0696,22110061,R,R,R,R,R,R,R,R,R,R,R
51.2143,2,1,3,2,3,3,1,1,2,1,92000,1100,3,202211,1.0696,22110062,I,I,I,I,I,I,I,I,I,I,I
51.2143,2,1,3,2,3,3,1,1,2,1,75000,660,1,202211,1.0696,22110063,I,I,I,I,I,I,I,I,I,I,I
51.2143,2,1,5,2,3,3,1,1,2,1,97000,1200,3,202211,1.0696,22110064,I,I,I,I,I,I,I,I,I,I,I
19.189500000000002,2,1,2,1,3,4,0,0,3,1,9,900,1,202211,1.0696,22110065,R,9,R,R,R,R,R,R,R,R,R
13.45,1,1,1,2,1,1,0,0,1,1,65000,900,3,202211,1.0696,22110066,R,R,R,R,I,I,R,R,I,I,R
13.45,1,1,1,2,1,1,0,0,1,1,86000,940,1,202211,1.0696,22110067,I,I,I,I,I,I,I,R,I,I,R
13.45,2,1,1,2,3,1,0,0,1,1,87000,900,1,202211,1.0696,22110068,R,R,R,R,R,R,R,R,R,R,R
13.45,1,1,1,2,1,1,0,0,2,1,100000,1000,1,202211,1.0696,22110069,R,R,R,R,I,I,R,R,I,I,R
13.45,1,1,1,2,1,1,0,0,1,1,65000,940,3,202211,1.0696,22110070,R,R,R,R,I,I,R,R,I,I,R
17.2182,2,1,1,2,1,2,0,0,3,1,97000,1200,3,202211,1.0696,22110071,I,I,I,I,I,I,I,R,I,I,R
17.2182,2,1,1,2,1,2,0,0,2,1,75000,740,1,202211,1.0696,22110072,I,I,I,I,I,I,I,R,I,I,R
17.2182,2,1,1,2,1,2,0,0,3,1,91000,1100,1,202211,1.0696,22110073,I,I,I,I,I,I,I,R,I,I,R
17.2182,1,1,1,1,1,2,0,0,1,1,9,1100,3,202211,1.0696,22110074,R,9,R,R,R,R,R,R,R,R,R
17.2182,1,1,1,2,1,2,0,0,1,1,56000,1100,3,202211,1.0696,22110075,R,R,R,R,R,R,R,R,R,R,R
13.45,1,1,1,2,1,1,0,0,2,1,87000,960,1,202211,1.0696,22110076,I,I,I,I,I,I,I,R,I,I,R
13.45,2,1,1,2,1,1,0,0,2,1,110000,1200,3,202211,1.0696,22110077,R,R,R,R,R,R,R,R,R,R,R
51.2143,2,1,1,2,2,3,0,0,2,1,79000,1100,3,202211,1.0696,22110078,R,R,R,R,R,R,R,R,R,R,R
17.2182,2,1,1,2,1,2,0,0,3,1,91000,1100,3,202211,1.0696,22110079,I,I,I,I,I,I,I,R,I,I,R
13.45,2,1,1,1,1,1,0,0,3,1,9,1100,1,202211,1.0696,22110080,R,9,R,R,R,R,R,R,R,I,R
13.45,2,1,1,2,1,1,0,0,2,1,150000,960,1,202211,1.0696,22110081,R,R,R,R,R,R,R,R,R,R,R
51.2143,2,2,9,2,9,3,9,9,9,1,85000,900,1,202211,1.0696,22110082,R,I,R,R,R,R,9,9,9,9,9
51.2143,1,2,9,2,9,3,9,9,9,1,90000,660,1,202211,1.0696,22110083,R,R,R,R,R,R,9,9,9,9,9
17.2182,1,2,9,2,9,2,9,9,9,1,91000,1100,1,202211,1.0696,22110084,R,I,R,R,R,R,9,9,9,9,9
51.2143,1,2,9,2,9,3,9,9,9,1,94000,1200,1,202211,1.0696,22110085,R,I,I,I,I,I,9,9,9,9,9
51.2143,1,2,9,2,9,3,9,9,9,1,91000,1100,1,202211,1.0696,22110086,I,I,I,I,I,I,9,9,9,9,9
51.2143,1,2,9,2,9,3,9,9,9,1,91000,1100,3,202211,1.0696,22110087,I,I,I,I,I,I,9,9,9,9,9
51.2143,1,2,9,2,9,3,9,9,9,1,88000,1100,1,202211,1.0696,22110088,R,R,R,R,R,R,9,9,9,9,9
51.2143,1,2,9,2,9,3,9,9,9,1,97000,1200,3,202211,1.0696,22110089,I,I,I,I,I,I,9,9,9,9,9
17.2182,1,2,9,2,9,2,9,9,9,1,56000,930,1,202211,1.0696,22110090,R,R,R,R,R,R,9,9,9,9,9
51.2143,1,2,9,2,9,3,9,9,9,1,80000,1200,1,202211,1.0696,22110091,R,R,R,R,R,R,9,9,9,9,9
17.2182,1,2,9,2,9,2,9,9,9,1,77000,1000,1,202211,1.0696,22110092,R,R,R,R,R,R,9,9,9,9,9
51.2143,1,2,9,2,9,3,9,9,9,1,86000,1000,3,202211,1.0696,22110093,R,R,R,R,R,R,9,9,9,9,9
13.45,1,2,9,2,9,1,9,9,9,1,86000,920,1,202211,1.0696,22110094,I,I,I,I,I,I,9,9,9,9,9
19.189500000000002,2,2,9,2,9,4,9,9,9,1,89000,1100,3,202211,1.0696,22110095,R,R,R,R,R,R,9,9,9,9,9
51.2143,1,2,9,2,9,3,9,9,9,1,89000,1200,3,202211,1.0696,22110096,R,R,R,R,R,R,9,9,9,9,9
19.189500000000002,1,2,9,2,9,4,9,9,9,1,78000,960,1,202211,1.0696,22110097,R,R,R,R,R,R,9,9,9,9,9
51.2143,1,2,9,2,9,3,9,9,9,1,89000,1200,3,202211,1.0696,22110098,R,R,R,R,R,R,9,9,9,9,9
19.189500000000002,2,2,9,2,9,4,9,9,9,1,100000,780,1,202211,1.0696,22110099,R,R,R,R,R,R,9,9,9,9,9
17.2182,1,2,9,2,9,2,9,9,9,1,97000,1200,3,202211,1.0696,22110100,I,I,I,I,I,I,9,9,9,9,9
17.2182,1,2,9,2,9,2,9,9,9,1,99000,1300,3,202211,1.0696,22110101,I,I,I,I,I,I,9,9,9,9,9
51.2143,1,2,9,2,9,3,9,9,9,1,87000,1200,3,202211,1.0696,22110102,R,R,R,R,R,R,9,9,9,9,9
51.2143,1,2,9,2,9,3,9,9,9,1,87000,960,1,202211,1.0696,22110103,R,I,R,R,R,R,9,9,9,9,9
19.189500000000002,1,2,9,2,9,4,9,9,9,1,89000,1000,1,202211,1.0696,22110104,I,I,I,I,I,I,9,9,9,9,9
51.2143,1,2,9,2,9,3,9,9,9,1,90000,1000,3,202211,1.0696,22110105,I,I,I,I,I,I,9,9,9,9,9
51.2143,1,2,9,2,9,3,9,9,9,1,95000,1300,3,202211,1.0696,22110106,R,R,R,R,R,R,9,9,9,9,9
17.2182,1,2,9,2,9,2,9,9,9,1,75000,740,1,202211,1.0696,22110107,R,I,R,R,R,R,9,9,9,9,9
17.2182,1,2,9,2,9,2,9,9,9,1,85000,1100,3,202211,1.0696,22110108,R,R,R,R,R,R,9,9,9,9,9
17.2182,1,2,9,2,9,2,9,9,9,1,77000,1100,3,202211,1.0696,22110109,R,R,R,R,R,R,9,9,9,9,9
17.2182,1,2,9,2,9,2,9,9,9,1,85000,1100,3,202211,1.0696,22110110,R,R,R,R,R,R,9,9,9,9,9
19.189500000000002,2,2,9,2,9,4,9,9,9,1,81000,780,1,202211,1.0696,22110111,I,I,I,I,I,I,9,9,9,9,9
51.2143,1,2,9,2,9,3,9,9,9,1,97000,1300,3,202211,1.0696,22110112,R,R,R,R,R,R,9,9,9,9,9
17.2182,1,2,9,2,9,2,9,9,9,1,120000,1100,3,202211,1.0696,22110113,R,R,R,R,R,R,9,9,9,9,9
17.2182,1,2,9,2,9,2,9,9,9,1,82000,1200,3,202211,1.0696,22110114,R,R,R,R,R,R,9,9,9,9,9
13.45,1,2,9,2,9,1,9,9,9,1,83000,840,1,202211,1.0696,22110115,I,I,I,I,I,I,9,9,9,9,9
17.2182,1,2,9,2,9,2,9,9,9,1,85000,1200,3,202211,1.0696,22110116,R,R,R,R,R,R,9,9,9,9,9
13.45,1,2,9,2,9,1,9,9,9,1,98000,1000,3,202211,1.0696,22110117,R,R,R,R,R,R,9,9,9,9,9
13.45,1,2,9,2,9,1,9,9,9,1,87000,1000,3,202211,1.0696,22110118,R,R,R,R,R,R,9,9,9,9,9
17.2182,1,2,9,2,9,2,9,9,9,1,91000,1100,3,202211,1.0696,22110119,I,I,I,I,I,I,9,9,9,9,9
51.2143,1,2,9,2,9,3,9,9,9,1,87000,960,1,202211,1.0696,22110120,I,I,I,I,I,I,9,9,9,9,9
17.2182,1,2,9,2,9,2,9,9,9,1,91000,1100,3,202211,1.0696,22110121,I,I,I,I,I,I,9,9,9,9,9
51.2143,1,2,9,2,9,3,9,9,9,1,76000,960,1,202211,1.0696,22110122,R,R,R,R,R,R,9,9,9,9,9
51.2143,1,2,9,2,9,3,9,9,9,1,99000,1300,3,202211,1.0696,22110123,I,I,I,I,I,I,9,9,9,9,9
17.2182,1,2,9,2,9,2,9,9,9,1,97000,1200,3,202211,1.0696,22110124,I,I,I,I,I,I,9,9,9,9,9
51.2143,3,9,9,9,9,5,9,9,9,1,9,9,9,202211,1.0696,22110125,R,9,9,9,9,9,9,9,9,9,9
51.2143,3,9,9,9,9,5,9,9,9,1,9,9,9,202211,1.0696,22110126,R,9,9,9,9,9,9,9,9,9,9
17.2182,3,9,9,9,9,5,9,9,9,1,9,9,9,202211,1.0696,22110127,R,9,9,9,9,9,9,9,9,9,9
1.0,3,9,9,9,9,5,9,9,9,1,9,9,9,202211,1.0696,22110128,R,9,9,9,9,9,9,9,9,9,9
1.0,3,9,9,9,9,5,9,9,9,1,9,9,9,202211,1.0696,22110129,R,9,9,9,9,9,9,9,9,9,9
1.0,3,9,9,9,9,5,9,9,9,1,9,9,9,202211,1.0696,22110130,R,9,9,9,9,9,9,9,9,9,9
1.0,3,9,9,9,9,5,9,9,9,1,9,9,9,202211,1.0696,22110131,R,9,9,9,9,9,9,9,9,9,9
1.0,3,9,9,9,9,5,9,9,9,1,9,9,9,202211,1.0696,22110132,R,9,9,9,9,9,9,9,9,9,9
1.0,3,9,9,9,9,5,9,9,9,1,9,9,9,202211,1.0696,22110133,R,9,9,9,9,9,9,9,9,9,9
1.0,3,9,9,9,9,5,9,9,9,1,9,9,9,202211,1.0696,22110134,R,9,9,9,9,9,9,9,9,9,9
1.0,3,9,9,9,9,5,9,9,9,1,9,9,9,202211,1.0696,22110135,R,9,9,9,9,9,9,9,9,9,9
1.0,3,9,9,9,9,5,9,9,9,1,9,9,9,202211,1.0696,22110136,R,9,9,9,9,9,9,9,9,9,9
1.0,3,9,9,9,9,5,9,9,9,1,9,9,9,202211,1.0696,22110137,R,9,9,9,9,9,9,9,9,9,9
1.0,3,9,9,9,9,5,9,9,9,1,9,9,9,202211,1.0696,22110138,R,9,9,9,9,9,9,9,9,9,9
1.0,3,9,9,9,9,5,9,9,9,1,9,9,9,202211,1.0696,22110139,R,9,9,9,9,9,9,9,9,9,9
1.0,3,9,9,9,9,5,9,9,9,1,9,9,9,202211,1.0696,22110140,R,9,9,9,9,9,9,9,9,9,9
1.0,3,9,9,9,9,5,9,9,9,1,9,9,9,202211,1.0696,22110141,R,9,9,9,9,9,9,9,9,9,9
1.0,3,9,9,9,9,5,9,9,9,1,9,9,9,202211,1.0696,22110142,R,9,9,9,9,9,9,9,9,9,9
1.0,3,9,9,9,9,5,9,9,9,1,9,9,9,202211,1.0696,22110143,R,9,9,9,9,9,9,9,9,9,9
1.0,3,9,9,9,9,5,9,9,9,1,9,9,9,202211,1.0696,22110144,R,9,9,9,9,9,9,9,9,9,9
1.0,3,9,9,9,9,5,9,9,9,1,9,9,9,202211,1.0696,22110145,R,9,9,9,9,9,9,9,9,9,9
1.0,3,9,9,9,9,5,9,9,9,1,9,9,9,202211,1.0696,22110146,R,9,9,9,9,9,9,9,9,9,9
1.0,3,9,9,9,9,5,9,9,9,1,9,9,9,202211,1.0696,22110147,R,9,9,9,9,9,9,9,9,9,9
1.0,3,9,9,9,9,5,9,9,9,1,9,9,9,202211,1.0696,22110148,R,9,9,9,9,9,9,9,9,9,9
1.0,3,9,9,9,9,5,9,9,9,1,9,9,9,202211,1.0696,22110149,R,9,9,9,9,9,9,9,9,9,9
1.0,3,9,9,9,9,5,9,9,9,1,9,9,9,202211,1.0696,22110150,R,9,9,9,9,9,9,9,9,9,9
1.0,3,9,9,9,9,5,9,9,9,1,9,9,9,202211,1.0696,22110151,R,9,9,9,9,9,9,9,9,9,9
1.0,3,9,9,9,9,5,9,9,9,1,9,9,9,202211,1.0696,22110152,R,9,9,9,9,9,9,9,9,9,9
1.0,3,9,9,9,9,5,9,9,9,1,9,9,9,202211,1.0696,22110153,R,9,9,9,9,9,9,9,9,9,9
1.0,3,9,9,9,9,5,9,9,9,1,9,9,9,202211,1.0696,22110154,R,9,9,9,9,9,9,9,9,9,9
1.0,3,9,9,9,9,5,9,9,9,1,9,9,9,202211,1.0696,22110155,R,9,9,9,9,9,9,9,9,9,9
1.0,3,9,9,9,9,5,9,9,9,1,9,9,9,202211,1.0696,22110156,R,9,9,9,9,9,9,9,9,9,9
1.0,3,9,9,9,9,5,9,9,9,1,9,9,9,202211,1.0696,22110157,R,9,9,9,9,9,9,9,9,9,9
1.0,3,9,9,9,9,5,9,9,9,1,9,9,9,202211,1.0696,22110158,R,9,9,9,9,9,9,9,9,9,9
1.0,3,9,9,9,9,5,9,9,9,1,9,9,9,202211,1.0696,22110159,R,9,9,9,9,9,9,9,9,9,9
1.0,3,9,9,9,9,5,9,9,9,1,9,9,9,202211,1.0696,22110160,R,9,9,9,9,9,9,9,9,9,9
1.0,3,9,9,9,9,5,9,9,9,1,9,9,9,202211,1.0696,22110161,R,9,9,9,9,9,9,9,9,9,9
1.0,3,9,9,9,9,5,9,9,9,1,9,9,9,202211,1.0696,22110162,R,9,9,9,9,9,9,9,9,9,9
1.0,3,9,9,9,9,5,9,9,9,1,9,9,9,202211,1.0696,22110163,R,9,9,9,9,9,9,9,9,9,9
1.0,3,9,9,9,9,5,9,9,9,1,9,9,9,202211,1.0696,22110164,R,9,9,9,9,9,9,9,9,9,9
1.0,3,9,9,9,9,5,9,9,9,1,9,9,9,202211,1.0696,22110165,R,9,9,9,9,9,9,9,9,9,9
1.0,3,9,9,9,9,5,9,9,9,1,9,9,9,202211,1.0696,22110166,R,9,9,9,9,9,9,9,9,9,9
1.0,3,9,9,9,9,5,9,9,9,1,9,9,9,202211,1.0696,22110167,R,9,9,9,9,9,9,9,9,9,9
1.0,3,9,9,9,9,5,9,9,9,1,9,9,9,202211,1.0696,22110168,R,9,9,9,9,9,9,9,9,9,9
25.607100000000003,2,1,3,2,3,3,1,2,2,2,100000,1900,3,202211,1.0273,22110169,R,R,R,R,R,R,R,R,R,R,R
25.607100000000003,2,1,3,2,2,3,1,1,2,2,140000,1300,3,202211,1.0273,22110170,I,I,I,I,I,I,I,I,I,I,I
25.607100000000003,1,1,5,2,3,3,1,2,1,2,140000,1900,3,202211,1.0273,22110171,R,R,R,R,R,R,R,R,R,R,R
25.607100000000003,2,1,3,2,2,3,1,1,2,2,180000,2500,3,202211,1.0273,22110172,R,R,R,R,R,R,R,R,R,R,R
9.594700000000001,1,1,3,2,3,4,1,1,2,2,130000,910,3,202211,1.0273,22110173,I,I,I,I,I,I,I,I,I,I,I
9.594700000000001,2,1,5,2,3,4,1,3,2,2,140000,1300,3,202211,1.0273,22110174,R,I,R,R,I,R,R,I,I,I,I
9.594700000000001,2,1,3,2,3,4,1,1,2,2,160000,1800,3,202211,1.0273,22110175,I,I,I,I,I,I,I,I,I,I,I
9.594700000000001,2,1,3,2,3,4,1,1,1,2,240000,1200,3,202211,1.0273,22110176,R,R,R,R,R,R,R,R,R,R,R
9.594700000000001,1,1,3,1,3,4,1,1,2,2,9,1400,3,202211,1.0273,22110177,I,9,I,I,I,I,I,I,I,I,I
9.594700000000001,1,1,3,2,1,4,3,1,2,2,150000,1500,1,202211,1.0273,22110178,I,I,I,I,I,I,I,I,I,I,I
9.594700000000001,2,1,3,2,2,4,1,1,2,2,120000,1100,1,202211,1.0273,22110179,R,R,R,R,R,R,R,R,R,R,R
9.594700000000001,2,1,3,2,2,4,3,1,2,2,210000,1300,3,202211,1.0273,22110180,R,R,R,R,R,R,R,R,R,R,R
9.594700000000001,2,1,3,2,3,4,3,1,2,2,140000,1200,3,202211,1.0273,22110181,R,I,R,R,R,R,R,R,R,R,I
9.594700000000001,2,1,3,2,1,4,3,1,1,2,160000,1700,3,202211,1.0273,22110182,I,I,I,I,I,I,I,I,I,I,I
9.594700000000001,2,1,4,2,3,4,3,2,2,2,140000,1100,3,202211,1.0273,22110183,R,R,R,R,R,R,R,R,R,R,R
9.594700000000001,1,1,3,2,1,4,3,1,2,2,170000,1300,1,202211,1.0273,22110184,R,R,R,R,R,R,R,R,R,R,R
9.594700000000001,1,1,3,2,1,4,3,1,2,2,170000,1300,1,202211,1.0273,22110185,R,R,R,R,R,R,R,R,R,R,R
25.607100000000003,2,1,3,2,2,3,1,1,2,2,120000,1600,3,202211,1.0273,22110186,R,R,R,R,R,R,R,R,R,R,R
9.594700000000001,1,1,3,2,1,4,3,1,2,2,260000,1500,1,202211,1.0273,22110187,R,R,R,R,I,I,R,I,I,I,I
9.594700000000001,2,1,4,2,1,4,3,1,1,2,130000,1800,3,202211,1.0273,22110188,R,R,R,R,R,R,R,I,I,I,I
9.594700000000001,2,1,3,2,1,4,3,1,1,2,300000,1200,3,202211,1.0273,22110189,R,R,R,R,R,R,I,I,R,I,I
9.594700000000001,1,1,5,2,1,4,3,3,2,2,140000,1200,3,202211,1.0273,22110190,I,I,I,I,I,I,I,I,I,I,I
9.594700000000001,2,1,4,2,1,4,3,1,2,2,150000,1400,3,202211,1.0273,22110191,I,I,I,I,I,I,I,I,I,I,I
9.594700000000001,1,1,4,2,1,4,2,1,2,2,200000,1200,3,202211,1.0273,22110192,R,R,R,R,R,R,R,R,R,R,R
9.594700000000001,2,1,5,2,1,4,3,2,2,2,150000,1400,3,202211,1.0273,22110193,I,I,I,I,I,I,I,I,I,I,I
9.594700000000001,2,1,4,2,1,4,3,1,1,2,150000,1400,3,202211,1.0273,22110194,I,I,I,I,I,I,I,I,I,I,I
9.594700000000001,2,1,4,2,1,4,3,1,2,2,160000,1600,3,202211,1.0273,22110195,I,I,I,I,I,I,I,I,I,I,I
9.594700000000001,1,1,4,2,2,4,3,2,1,2,190000,910,3,202211,1.0273,22110196,R,R,R,R,R,R,R,R,R,R,R
9.594700000000001,2,1,4,2,1,4,3,1,2,2,140000,1300,1,202211,1.0273,22110197,I,I,I,I,I,I,I,I,I,I,I
9.594700000000001,2,1,4,2,1,4,3,1,2,2,140000,1300,3,202211,1.0273,22110198,I,I,I,I,I,I,I,I,I,I,I
9.594700000000001,2,1,4,2,2,4,3,1,2,2,230000,1200,3,202211,1.0273,22110199,R,R,R,R,R,R,R,R,R,R,R
9.594700000000001,1,1,4,2,1,4,3,1,2,2,200000,1300,3,202211,1.0273,22110200,R,R,R,R,R,R,R,R,R,R,R
9.594700000000001,2,1,4,2,1,4,3,1,2,2,150000,1400,3,202211,1.0273,22110201,R,I,I,I,I,I,I,I,I,I,I
9.594700000000001,1,1,3,2,1,4,1,1,2,2,140000,1100,3,202211,1.0273,22110202,R,R,R,R,R,R,I,I,R,I,I
9.594700000000001,2,1,3,2,3,4,1,1,2,2,130000,1300,3,202211,1.0273,22110203,R,R,R,R,R,R,R,R,R,R,R
25.607100000000003,2,1,3,2,3,3,1,1,2,2,240000,2000,3,202211,1.0273,22110204,R,R,R,R,R,R,R,R,R,R,R
25.607100000000003,2,1,5,2,3,3,1,1,1,2,120000,1100,1,202211,1.0273,22110205,I,I,I,I,I,I,I,I,I,I,I
25.607100000000003,2,1,4,1,3,3,1,1,1,2,9,1700,3,202211,1.0273,22110206,I,9,I,I,I,I,I,I,I,I,I
25.607100000000003,2,1,3,2,2,3,1,1,2,2,160000,1800,3,202211,1.0273,22110207,R,R,R,R,R,R,R,R,R,R,R
25.607100000000003,2,1,4,2,3,3,1,1,2,2,190000,2500,3,202211,1.0273,22110208,I,I,I,I,I,I,I,I,I,I,I
25.607100000000003,2,1,3,2,1,3,1,1,1,2,120000,1100,1,202211,1.0273,22110209,R,I,R,R,R,R,R,R,R,R,R
25.607100000000003,2,1,3,2,3,3,1,1,2,2,160000,1700,3,202211,1.0273,22110210,I,I,I,I,I,I,I,I,I,I,I
25.607100000000003,2,1,4,2,3,3,1,1,2,2,150000,1500,3,202211,1.0273,22110211,I,I,I,I,I,I,I,I,I,I,I
25.607100000000003,2,1,4,2,3,3,1,1,2,2,170000,2000,3,202211,1.0273,22110212,R,R,R,R,R,R,R,R,R,R,R
25.607100000000003,2,1,4,2,3,3,1,1,2,2,170000,1900,3,202211,1.0273,22110213,I,I,I,I,I,I,I,I,I,I,I
25.607100000000003,2,1,3,2,1,3,1,1,2,2,170000,1100,1,202211,1.0273,22110214,R,R,R,R,R,R,R,R,R,R,R
25.607100000000003,1,1,3,2,1,3,1,1,3,2,150000,1600,3,202211,1.0273,22110215,R,I,R,R,R,R,R,R,R,R,R
25.607100000000003,2,1,3,2,2,3,1,1,1,2,200000,2500,3,202211,1.0273,22110216,R,R,R,R,R,R,R,R,R,R,R
25.607100000000003,1,1,3,2,3,3,1,1,2,2,110000,1700,3,202211,1.0273,22110217,R,R,R,R,R,R,R,R,R,R,R
25.607100000000003,2,1,3,2,2,3,1,1,2,2,240000,2500,3,202211,1.0273,22110218,R,R,R,R,R,R,R,R,R,R,R
9.594700000000001,2,1,4,2,1,4,3,1,2,2,130000,1100,1,202211,1.0273,22110219,I,I,I,I,I,I,I,I,I,I,I
8.6091,2,1,3,2,2,2,1,1,1,2,250000,1900,3,202211,1.0273,22110220,R,R,R,R,R,R,R,R,R,R,R
8.6091,2,1,3,2,1,2,1,1,2,2,140000,1100,3,202211,1.0273,22110221,R,I,I,I,I,R,I,I,R,I,I
8.6091,2,1,3,1,1,2,1,1,1,2,9,2000,3,202211,1.0273,22110222,I,9,I,I,I,I,I,I,I,I,I
8.6091,2,1,3,2,1,2,1,1,2,2,160000,1600,3,202211,1.0273,22110223,I,I,I,I,I,I,I,I,I,I,I
8.6091,2,1,3,2,3,2,4,1,1,2,160000,1700,1,202211,1.0273,22110224,R,R,R,R,R,R,R,R,R,R,R
25.607100000000003,2,1,3,2,3,3,1,1,2,2,87000,1300,3,202211,1.0273,22110225,R,R,R,R,R,R,R,R,R,R,R
25.607100000000003,2,1,3,2,3,3,1,1,2,2,190000,1900,3,202211,1.0273,22110226,R,R,R,R,R,R,R,R,R,R,R
25.607100000000003,2,1,3,2,2,3,1,1,2,2,170000,1900,3,202211,1.0273,22110227,I,I,I,I,I,I,I,I,I,I,I
25.607100000000003,2,1,3,2,3,3,1,1,2,2,170000,2000,3,202211,1.0273,22110228,I,I,I,I,I,I,I,I,I,I,I
25.607100000000003,2,1,4,2,3,3,1,2,2,2,160000,2500,3,202211,1.0273,22110229,R,R,R,R,R,R,R,R,R,R,R
8.6091,1,1,3,2,1,2,3,1,2,2,120000,1200,3,202211,1.0273,22110230,R,R,R,R,R,R,R,R,R,R,R
8.6091,1,1,3,2,1,2,1,1,2,2,140000,1200,3,202211,1.0273,22110231,R,I,R,R,R,R,I,R,R,R,R
8.6091,1,1,3,2,1,2,1,1,2,2,160000,1700,3,202211,1.0273,22110232,I,I,I,I,I,I,I,I,I,I,I
8.6091,1,1,3,2,1,2,1,1,2,2,130000,1500,3,202211,1.0273,22110233,R,R,R,R,R,R,R,I,I,I,I
8.6091,1,1,3,2,1,2,1,1,2,2,130000,1400,3,202211,1.0273,22110234,R,R,R,R,R,R,R,I,I,I,I
8.6091,1,1,5,2,1,2,1,1,2,2,170000,1700,3,202211,1.0273,22110235,R,R,R,R,R,R,R,R,R,R,R
8.6091,1,1,3,2,1,2,1,1,2,2,140000,1200,3,202211,1.0273,22110236,I,I,R,R,I,I,I,I,I,I,I
8.6091,1,1,3,2,1,2,1,1,3,2,89000,1200,3,202211,1.0273,22110237,R,R,R,R,R,R,R,R,R,R,R
8.6091,2,1,3,2,1,2,1,1,3,2,150000,1500,3,202211,1.0273,22110238,I,I,I,I,I,I,I,I,I,I,I
8.6091,2,1,3,2,1,2,1,1,2,2,150000,1700,3,202211,1.0273,22110239,R,R,R,R,R,R,I,I,R,I,I
8.6091,1,1,3,2,1,2,1,1,2,2,140000,1200,3,202211,1.0273,22110240,I,I,I,I,I,I,I,I,I,I,I
8.6091,1,1,3,2,1,2,1,1,2,2,110000,1600,3,202211,1.0273,22110241,R,R,R,R,R,R,I,I,R,I,I
8.6091,1,1,3,2,1,2,1,1,2,2,130000,1600,3,202211,1.0273,22110242,R,R,R,R,R,R,R,I,I,I,I
8.6091,2,1,3,2,1,2,1,1,2,2,140000,1700,3,202211,1.0273,22110243,R,R,R,R,R,R,R,R,R,R,R
8.6091,1,1,3,2,1,2,1,1,2,2,160000,1500,3,202211,1.0273,22110244,R,R,R,R,R,I,I,I,I,I,I
25.607100000000003,2,1,3,2,3,3,1,1,2,2,100000,1700,3,202211,1.0273,22110245,R,R,R,R,R,R,R,R,R,R,R
25.607100000000003,2,1,5,2,3,3,1,1,2,2,160000,1700,3,202211,1.0273,22110246,I,I,I,I,I,I,I,I,I,I,I
25.607100000000003,1,1,4,2,3,3,1,1,2,2,170000,2000,3,202211,1.0273,22110247,R,I,I,I,I,I,I,I,I,I,I
8.6091,2,1,3,2,3,2,1,1,1,2,180000,2000,3,202211,1.0273,22110248,R,R,R,R,R,R,R,R,R,R,R
8.6091,2,1,3,2,3,2,1,1,2,2,170000,2000,3,202211,1.0273,22110249,R,I,I,I,I,I,I,I,I,I,I
8.6091,2,1,3,2,3,2,1,1,2,2,250000,2000,3,202211,1.0273,22110250,R,R,R,R,R,R,R,R,R,R,R
8.6091,2,1,3,2,3,2,1,1,1,2,110000,1300,3,202211,1.0273,22110251,R,R,R,R,R,R,R,R,R,R,R
8.6091,2,1,3,2,3,2,3,1,2,2,120000,1700,1,202211,1.0273,22110252,R,R,R,R,R,R,R,R,R,R,R
8.6091,2,1,3,2,3,2,1,1,2,2,160000,2000,3,202211,1.0273,22110253,R,R,R,R,R,R,R,R,R,R,R
9.594700000000001,2,1,3,2,2,4,1,1,2,2,160000,1700,3,202211,1.0273,22110254,R,I,R,R,R,R,R,R,R,R,R
8.6091,1,1,3,1,1,2,1,1,2,2,9,1300,3,202211,1.0273,22110255,R,9,R,R,R,R,R,R,R,R,R
8.6091,2,1,3,2,2,2,1,1,2,2,180000,2400,3,202211,1.0273,22110256,R,I,R,R,R,R,R,R,R,R,R
8.6091,1,1,3,1,1,2,4,1,2,2,9,1300,3,202211,1.0273,22110257,R,9,R,R,R,R,R,R,R,R,R
9.594700000000001,2,1,4,2,1,4,3,1,1,2,140000,1200,3,202211,1.0273,22110258,I,I,I,I,I,I,I,I,I,I,I
9.594700000000001,2,1,3,2,3,4,3,1,2,2,96000,1600,3,202211,1.0273,22110259,R,R,R,R,R,R,R,R,R,R,R
9.594700000000001,2,1,4,2,1,4,3,1,3,2,150000,1600,3,202211,1.0273,22110260,I,I,I,I,I,I,I,I,I,I,I
9.594700000000001,2,1,5,2,3,4,1,3,2,2,96000,1300,3,202211,1.0273,22110261,R,R,R,R,R,R,I,R,R,R,R
9.594700000000001,2,1,4,2,3,4,1,2,2,2,160000,2200,3,202211,1.0273,22110262,R,R,R,R,R,R,R,R,R,R,R
6.725,2,1,3,2,1,1,1,1,2,2,120000,1200,3,202211,1.0273,22110263,R,R,R,R,R,R,R,R,R,R,R
6.725,2,1,3,2,1,1,1,1,2,2,140000,1300,3,202211,1.0273,22110264,I,I,I,I,I,I,I,I,I,I,I
25.607100000000003,2,1,3,2,1,3,1,1,2,2,87000,1600,3,202211,1.0273,22110265,R,R,R,R,R,R,R,R,R,R,R
25.607100000000003,2,1,3,2,2,3,1,2,1,2,180000,1500,3,202211,1.0273,22110266,R,R,R,R,R,R,R,R,R,R,R
8.6091,2,1,3,2,1,2,1,1,1,2,160000,1700,3,202211,1.0273,22110267,I,I,I,I,I,I,I,I,I,I,I
8.6091,2,1,3,2,1,2,1,1,1,2,140000,1400,3,202211,1.0273,22110268,I,I,I,I,I,I,I,I,I,I,I
8.6091,1,1,3,2,1,2,1,1,2,2,130000,1500,3,202211,1.0273,22110269,R,R,R,R,R,R,I,I,R,I,I
25.607100000000003,2,1,3,2,3,3,1,1,1,2,130000,1600,3,202211,1.0273,22110270,R,R,R,R,R,R,R,R,R,R,R
25.607100000000003,2,1,3,2,3,3,1,3,2,2,150000,1600,3,202211,1.0273,22110271,I,I,I,I,I,I,I,I,I,I,I
25.607100000000003,2,1,3,2,3,3,1,1,2,2,170000,2100,3,202211,1.0273,22110272,R,I,R,R,R,R,I,R,I,I,R
9.594700000000001,2,1,3,2,3,4,1,1,2,2,160000,1500,3,202211,1.0273,22110273,R,R,R,R,R,R,R,R,R,R,R
9.594700000000001,1,1,3,2,2,4,1,1,2,2,150000,1500,3,202211,1.0273,22110274,I,I,I,I,I,I,I,I,I,I,I
9.594700000000001,2,1,3,2,2,4,1,1,2,2,140000,1200,3,202211,1.0273,22110275,I,I,I,I,I,I,I,I,I,I,I
9.594700000000001,2,1,3,2,3,4,1,1,2,2,140000,1300,1,202211,1.0273,22110276,R,R,R,R,R,R,R,R,R,R,R
6.725,2,1,3,2,2,1,1,1,2,2,130000,1400,3,202211,1.0273,22110277,R,R,R,R,R,R,R,R,R,R,R
6.725,1,1,3,2,1,1,1,1,3,2,160000,1700,1,202211,1.0273,22110278,R,I,R,R,R,R,R,R,R,R,R
6.725,1,1,3,2,1,1,1,1,2,2,230000,1900,3,202211,1.0273,22110279,R,R,R,R,R,R,R,R,R,R,R
6.725,1,1,3,2,1,1,1,1,1,2,150000,1500,3,202211,1.0273,22110280,R,I,R,R,R,R,R,R,R,R,R
6.725,1,1,3,2,1,1,1,1,2,2,210000,1400,3,202211,1.0273,22110281,R,R,R,R,R,R,R,R,R,R,R
6.725,1,1,3,2,1,1,1,1,2,2,120000,1300,3,202211,1.0273,22110282,R,R,R,R,R,R,R,R,R,R,R
6.725,1,1,3,2,1,1,1,1,1,2,140000,1300,3,202211,1.0273,22110283,R,I,I,I,R,R,R,R,R,R,R
6.725,1,1,3,2,1,1,1,1,2,2,150000,1400,3,202211,1.0273,22110284,I,I,I,I,I,I,I,I,I,I,I
6.725,1,1,3,2,1,1,1,1,2,2,210000,1400,3,202211,1.0273,22110285,R,R,R,R,R,R,R,R,R,R,R
6.725,2,1,3,2,3,1,1,1,2,2,100000,1200,3,202211,1.0273,22110286,R,R,R,R,R,R,R,R,R,R,R
25.607100000000003,2,1,3,2,3,3,1,2,2,2,170000,2000,3,202211,1.0273,22110287,I,I,I,I,I,I,I,I,I,I,I
25.607100000000003,2,1,3,2,3,3,1,2,1,2,190000,1700,3,202211,1.0273,22110288,R,R,R,R,R,R,R,R,R,R,R
25.607100000000003,2,1,3,2,3,3,1,1,3,2,160000,1900,3,202211,1.0273,22110289,R,R,R,R,R,R,R,R,R,R,R
25.607100000000003,2,1,5,2,3,3,1,1,1,2,180000,2000,3,202211,1.0273,22110290,R,R,R,R,R,R,R,R,R,I,I
25.607100000000003,2,1,3,2,2,3,1,1,1,2,240000,2000,3,202211,1.0273,22110291,R,R,R,R,R,R,R,R,R,R,R
25.607100000000003,2,1,3,2,1,3,1,2,2,2,120000,1600,3,202211,1.0273,22110292,R,R,R,R,R,R,R,I,I,I,I
25.607100000000003,2,1,5,2,3,3,1,2,2,2,130000,1700,3,202211,1.0273,22110293,R,R,R,R,R,R,R,R,R,R,R
25.607100000000003,2,1,3,2,3,3,1,2,2,2,140000,1600,3,202211,1.0273,22110294,R,R,R,R,R,R,R,R,R,R,R
25.607100000000003,2,1,3,2,3,3,1,2,2,2,180000,2200,3,202211,1.0273,22110295,I,I,I,I,I,I,I,I,I,I,I
25.607100000000003,2,1,3,2,2,3,1,2,2,2,87000,1600,3,202211,1.0273,22110296,R,R,R,R,R,R,R,R,R,R,R
25.607100000000003,2,1,4,2,3,3,1,1,2,2,110000,1300,3,202211,1.0273,22110297,R,R,R,R,R,R,R,R,R,R,R
25.607100000000003,2,1,5,2,3,3,1,1,2,2,150000,1600,3,202211,1.0273,22110298,I,I,I,I,I,I,I,I,I,I,I
25.607100000000003,2,1,5,2,1,3,1,1,2,2,170000,2100,3,202211,1.0273,22110299,R,I,I,I,R,R,I,I,R,I,I
25.607100000000003,2,1,5,2,3,3,1,1,2,2,170000,2000,3,202211,1.0273,22110300,I,I,I,I,I,I,I,I,I,I,I
25.607100000000003,2,1,5,2,3,3,1,1,1,2,180000,2100,3,202211,1.0273,22110301,R,R,R,R,R,R,R,R,R,R,R
25.607100000000003,2,1,3,2,2,3,1,1,2,2,240000,2500,3,202211,1.0273,22110302,R,R,R,R,R,R,R,R,R,R,R
25.607100000000003,2,1,5,2,3,3,1,1,2,2,110000,2000,3,202211,1.0273,22110303,R,R,R,R,R,R,R,R,R,R,R
25.607100000000003,2,1,3,2,2,3,1,2,2,2,160000,1800,3,202211,1.0273,22110304,R,I,I,I,I,R,I,I,I,I,I
25.607100000000003,2,1,3,2,2,3,1,1,2,2,170000,2000,3,202211,1.0273,22110305,I,I,I,I,I,I,I,I,I,I,I
25.607100000000003,2,1,3,2,2,3,1,1,2,2,150000,1300,3,202211,1.0273,22110306,R,R,R,R,R,R,R,R,R,R,R
9.594700000000001,1,1,1,2,3,4,0,0,1,2,140000,1300,3,202211,1.0273,22110307,I,I,I,I,I,I,I,R,I,I,R
9.594700000000001,2,1,1,2,3,4,0,0,3,2,150000,1400,3,202211,1.0273,22110308,I,I,I,I,I,I,I,R,I,I,R
9.594700000000001,2,1,1,2,3,4,0,0,1,2,150000,1500,1,202211,1.0273,22110309,I,I,I,I,I,I,I,R,I,I,R
9.594700000000001,2,1,2,2,2,4,0,0,2,2,140000,1300,1,202211,1.0273,22110310,I,I,I,I,I,I,I,R,I,I,R
9.594700000000001,1,1,1,2,1,4,0,0,2,2,140000,1300,3,202211,1.0273,22110311,I,I,I,I,I,I,I,R,I,I,R
9.594700000000001,2,1,1,2,1,4,0,0,2,2,170000,1700,3,202211,1.0273,22110312,R,R,R,R,R,R,R,R,I,I,R
6.3965000000000005,2,1,2,1,1,5,0,0,2,3,9,3100,3,202211,1.0273,22110313,I,9,I,I,I,I,I,R,I,I,R
9.594700000000001,2,1,2,2,1,4,0,0,2,2,240000,1500,1,202211,1.0273,22110314,R,R,R,R,R,R,R,R,R,R,R
9.594700000000001,1,1,2,2,1,4,0,0,3,2,140000,1100,3,202211,1.0273,22110315,I,I,I,I,I,I,I,R,I,I,R
9.594700000000001,2,1,1,2,2,4,0,0,1,2,150000,1400,3,202211,1.0273,22110316,R,R,R,R,R,R,R,R,R,R,R
9.594700000000001,2,1,1,2,1,4,0,0,1,2,160000,1600,3,202211,1.0273,22110317,I,I,I,I,I,I,I,R,I,I,R
9.594700000000001,2,1,1,2,2,4,0,0,1,2,190000,1500,1,202211,1.0273,22110318,R,R,R,R,R,R,R,R,R,R,R
6.725,1,1,1,2,1,1,0,0,1,2,150000,1600,3,202211,1.0273,22110319,I,I,I,I,I,I,I,R,I,I,R
6.725,2,1,1,2,3,1,0,0,1,2,130000,990,3,202211,1.0273,22110320,R,R,R,R,R,R,R,R,R,R,R
6.725,1,1,1,2,1,1,0,0,2,2,130000,990,3,202211,1.0273,22110321,I,I,I,I,I,I,I,R,I,I,R
6.725,2,1,1,2,1,1,0,0,2,2,140000,1300,3,202211,1.0273,22110322,R,I,R,R,R,R,R,R,R,R,R
6.725,1,1,1,1,1,1,0,0,1,2,9,1300,3,202211,1.0273,22110323,R,9,R,R,R,R,R,R,R,R,R
6.725,1,1,1,2,3,1,0,0,1,2,150000,990,1,202211,1.0273,22110324,R,R,R,R,R,R,R,R,R,R,R
6.725,2,1,1,2,3,1,0,0,1,2,150000,1500,3,202211,1.0273,22110325,R,R,R,R,R,R,R,R,R,R,R
6.725,1,1,1,1,1,1,0,0,1,2,9,990,3,202211,1.0273,22110326,R,9,R,R,R,R,R,R,R,R,R
6.725,2,1,1,2,3,1,0,0,2,2,160000,1600,3,202211,1.0273,22110327,R,R,R,R,R,R,R,R,R,R,R
25.607100000000003,2,1,1,2,3,3,0,0,2,2,190000,2500,3,202211,1.0273,22110328,I,I,I,I,I,I,I,R,I,I,R
25.607100000000003,2,1,2,2,3,3,0,0,2,2,170000,1900,3,202211,1.0273,22110329,I,I,I,I,I,I,I,R,I,I,R
9.594700000000001,1,1,1,2,3,4,0,0,1,2,150000,1600,3,202211,1.0273,22110330,I,I,I,I,I,I,I,R,I,I,R
8.6091,1,1,1,2,1,2,0,0,2,2,150000,1100,3,202211,1.0273,22110331,R,R,R,R,R,R,R,R,R,R,R
8.6091,1,1,1,2,1,2,0,0,1,2,180000,2400,3,202211,1.0273,22110332,I,I,I,I,I,I,I,R,I,I,R
25.607100000000003,1,1,1,2,3,3,0,0,2,2,170000,1900,3,202211,1.0273,22110333,I,I,I,I,I,I,I,R,I,I,R
8.6091,1,1,1,2,1,2,0,0,2,2,120000,1400,3,202211,1.0273,22110334,R,R,R,R,R,R,R,R,I,I,R
8.6091,2,1,1,2,1,2,0,0,2,2,140000,1200,3,202211,1.0273,22110335,I,I,I,I,I,I,I,R,I,I,R
8.6091,1,1,1,2,1,2,0,0,2,2,120000,1400,3,202211,1.0273,22110336,R,R,R,R,R,R,R,R,I,I,R
8.6091,2,1,1,2,1,2,0,0,2,2,120000,1600,3,202211,1.0273,22110337,R,R,R,R,R,R,I,R,R,I,R
6.725,2,1,1,2,3,1,0,0,2,2,130000,1300,3,202211,1.0273,22110338,R,R,R,R,R,R,R,R,R,R,R
6.725,1,1,1,2,1,1,0,0,1,2,160000,1900,3,202211,1.0273,22110339,I,I,I,I,I,I,I,R,I,I,R
6.725,2,1,1,2,1,1,0,0,1,2,110000,1200,3,202211,1.0273,22110340,R,R,R,R,R,R,R,R,R,R,R
6.725,1,1,1,2,1,1,0,0,1,2,150000,1400,3,202211,1.0273,22110341,I,I,I,I,I,I,I,R,I,I,R
6.725,1,1,1,2,3,1,0,0,1,2,180000,1900,3,202211,1.0273,22110342,R,R,R,R,R,R,R,R,R,R,R
8.6091,2,1,2,2,2,2,0,0,1,2,120000,1200,3,202211,1.0273,22110343,R,R,R,R,R,R,R,R,R,R,R
8.6091,1,1,1,2,1,2,0,0,2,2,89000,1200,3,202211,1.0273,22110344,R,R,R,R,R,R,R,R,R,R,R
8.6091,1,1,1,2,1,2,0,0,2,2,130000,1600,3,202211,1.0273,22110345,R,R,R,R,R,R,R,R,R,R,R
25.607100000000003,2,1,1,2,2,3,0,0,2,2,130000,1600,3,202211,1.0273,22110346,R,R,R,R,R,R,R,R,R,R,R
9.594700000000001,1,1,1,2,2,4,0,0,3,2,150000,1500,3,202211,1.0273,22110347,R,I,R,R,I,R,R,R,I,I,R
9.594700000000001,2,1,1,2,2,4,0,0,1,2,190000,1500,1,202211,1.0273,22110348,R,R,R,R,R,R,R,R,R,R,R
9.594700000000001,2,1,1,2,2,4,0,0,2,2,190000,1500,3,202211,1.0273,22110349,R,R,R,R,R,R,R,R,R,R,R
6.725,2,1,1,2,1,1,0,0,2,2,160000,1700,1,202211,1.0273,22110350,I,I,I,I,I,I,I,R,I,I,R
6.725,2,1,2,2,1,1,0,0,1,2,160000,1700,3,202211,1.0273,22110351,I,I,I,I,I,I,I,R,I,I,R
6.725,2,1,1,2,1,1,0,0,2,2,150000,1500,3,202211,1.0273,22110352,I,I,I,I,I,I,I,R,I,I,R
25.607100000000003,2,1,1,2,3,3,0,0,2,2,100000,1900,3,202211,1.0273,22110353,R,R,R,R,R,R,R,R,R,R,R
25.607100000000003,2,1,1,2,3,3,0,0,2,2,150000,1600,3,202211,1.0273,22110354,R,I,I,I,I,I,I,R,I,I,R
25.607100000000003,2,1,1,2,3,3,0,0,2,2,190000,1900,3,202211,1.0273,22110355,R,R,R,R,R,R,R,R,R,R,R
8.6091,2,1,1,2,3,2,0,0,1,2,190000,1400,3,202211,1.0273,22110356,R,R,R,R,R,R,R,R,R,R,R
8.6091,2,1,1,2,2,2,0,0,1,2,150000,1100,3,202211,1.0273,22110357,R,R,R,R,R,R,R,R,R,R,R
9.594700000000001,1,2,9,2,9,4,9,9,9,2,200000,1700,3,202211,1.0273,22110358,R,R,R,R,R,R,9,9,9,9,9
9.594700000000001,1,2,9,2,9,4,9,9,9,2,130000,1100,3,202211,1.0273,22110359,I,I,I,I,I,I,9,9,9,9,9
9.594700000000001,2,2,9,2,9,4,9,9,9,2,140000,1300,3,202211,1.0273,22110360,I,I,I,I,I,I,9,9,9,9,9
6.3965000000000005,1,2,9,2,9,5,9,9,9,3,210000,3100,3,202211,1.0273,22110361,I,I,I,I,I,I,9,9,9,9,9
25.607100000000003,1,2,9,2,9,3,9,9,9,2,140000,1100,1,202211,1.0273,22110362,R,R,R,R,R,R,9,9,9,9,9
25.607100000000003,1,2,9,2,9,3,9,9,9,2,170000,2000,3,202211,1.0273,22110363,I,I,I,I,I,I,9,9,9,9,9
25.607100000000003,1,2,9,2,9,3,9,9,9,2,150000,1600,3,202211,1.0273,22110364,I,I,I,I,I,I,9,9,9,9,9
25.607100000000003,1,2,9,2,9,3,9,9,9,2,170000,1900,3,202211,1.0273,22110365,I,I,I,I,I,I,9,9,9,9,9
25.607100000000003,1,2,9,2,9,3,9,9,9,2,150000,1600,3,202211,1.0273,22110366,R,I,R,R,R,R,9,9,9,9,9
25.607100000000003,1,2,9,2,9,3,9,9,9,2,170000,1900,3,202211,1.0273,22110367,R,I,R,R,R,R,9,9,9,9,9
9.594700000000001,1,2,9,2,9,4,9,9,9,2,300000,1800,3,202211,1.0273,22110368,R,R,R,R,R,R,9,9,9,9,9
9.594700000000001,2,2,9,2,9,4,9,9,9,2,200000,1600,3,202211,1.0273,22110369,R,R,R,R,R,R,9,9,9,9,9
25.607100000000003,1,2,9,2,9,3,9,9,9,2,180000,2000,3,202211,1.0273,22110370,R,R,R,R,R,R,9,9,9,9,9
25.607100000000003,1,2,9,2,9,3,9,9,9,2,190000,2000,3,202211,1.0273,22110371,R,R,R,R,R,R,9,9,9,9,9
9.594700000000001,1,2,9,2,9,4,9,9,9,2,160000,1600,3,202211,1.0273,22110372,R,R,R,R,R,R,9,9,9,9,9
25.607100000000003,1,2,9,2,9,3,9,9,9,2,240000,2200,3,202211,1.0273,22110373,R,R,R,R,R,R,9,9,9,9,9
25.607100000000003,2,2,9,2,9,3,9,9,9,2,240000,2400,3,202211,1.0273,22110374,R,R,R,R,R,R,9,9,9,9,9
9.594700000000001,1,2,9,2,9,4,9,9,9,2,96000,1100,3,202211,1.0273,22110375,R,R,R,R,R,R,9,9,9,9,9
9.594700000000001,1,2,9,2,9,2,9,9,9,2,170000,2000,3,202211,1.0273,22110376,R,I,R,R,R,R,9,9,9,9,9
8.6091,1,2,9,2,9,2,9,9,9,2,190000,2400,3,202211,1.0273,22110377,I,I,I,I,I,I,9,9,9,9,9
8.6091,1,2,9,2,9,2,9,9,9,2,150000,1500,3,202211,1.0273,22110378,I,I,I,I,I,I,9,9,9,9,9
8.6091,1,2,9,2,9,2,9,9,9,2,150000,1500,3,202211,1.0273,22110379,I,I,I,I,I,I,9,9,9,9,9
9.594700000000001,2,2,9,2,9,4,9,9,9,2,150000,1500,3,202211,1.0273,22110380,I,I,I,I,I,I,9,9,9,9,9
25.607100000000003,2,2,9,2,9,3,9,9,9,2,160000,1700,3,202211,1.0273,22110381,I,I,I,I,I,I,9,9,9,9,9
25.607100000000003,1,2,9,2,9,3,9,9,9,2,150000,1500,3,202211,1.0273,22110382,R,I,R,R,R,R,9,9,9,9,9
25.607100000000003,1,2,9,2,9,3,9,9,9,2,110000,1700,3,202211,1.0273,22110383,R,R,R,R,R,R,9,9,9,9,9
9.594700000000001,1,2,9,2,9,4,9,9,9,2,140000,1200,3,202211,1.0273,22110384,I,I,I,I,I,I,9,9,9,9,9
8.6091,1,2,9,2,9,2,9,9,9,2,140000,1500,3,202211,1.0273,22110385,I,R,R,R,I,I,9,9,9,9,9
25.607100000000003,1,2,9,2,9,3,9,9,9,2,190000,1900,3,202211,1.0273,22110386,R,R,R,R,R,R,9,9,9,9,9
6.725,1,2,9,2,9,1,9,9,9,2,120000,1200,3,202211,1.0273,22110387,R,R,R,R,R,R,9,9,9,9,9
25.607100000000003,1,2,9,2,9,3,9,9,9,2,140000,2200,3,202211,1.0273,22110388,R,R,R,R,R,R,9,9,9,9,9
25.607100000000003,1,2,9,2,9,3,9,9,9,2,150000,2000,3,202211,1.0273,22110389,R,R,R,R,R,R,9,9,9,9,9
25.607100000000003,1,2,9,2,9,3,9,9,9,2,110000,1900,3,202211,1.0273,22110390,R,R,R,R,R,R,9,9,9,9,9
25.607100000000003,1,2,9,2,9,3,9,9,9,2,140000,2000,3,202211,1.0273,22110391,R,R,R,R,R,R,9,9,9,9,9
6.725,1,2,9,2,9,1,9,9,9,2,150000,990,1,202211,1.0273,22110392,R,R,R,R,R,R,9,9,9,9,9
25.607100000000003,1,2,9,2,9,3,9,9,9,2,87000,1600,3,202211,1.0273,22110393,R,R,R,R,R,R,9,9,9,9,9
25.607100000000003,1,2,9,2,9,3,9,9,9,2,170000,2000,3,202211,1.0273,22110394,I,I,I,I,I,I,9,9,9,9,9
25.607100000000003,1,2,9,2,9,3,9,9,9,2,200000,1700,3,202211,1.0273,22110395,R,R,R,R,R,R,9,9,9,9,9
25.607100000000003,1,2,9,2,9,3,9,9,9,2,160000,1700,3,202211,1.0273,22110396,R,I,R,R,R,R,9,9,9,9,9
9.594700000000001,2,2,9,2,9,4,9,9,9,2,150000,1400,3,202211,1.0273,22110397,I,I,I,I,I,I,9,9,9,9,9
25.607100000000003,1,2,9,2,9,3,9,9,9,2,170000,2500,3,202211,1.0273,22110398,R,R,R,R,R,R,9,9,9,9,9
25.607100000000003,1,2,9,2,9,3,9,9,9,2,180000,2200,3,202211,1.0273,22110399,I,I,I,I,I,I,9,9,9,9,9
9.594700000000001,1,2,9,2,9,4,9,9,9,2,220000,1300,3,202211,1.0273,22110400,R,R,R,R,R,R,9,9,9,9,9
9.594700000000001,1,2,9,2,9,4,9,9,9,2,150000,1500,3,202211,1.0273,22110401,I,I,I,I,I,I,9,9,9,9,9
9.594700000000001,2,2,9,2,9,4,9,9,9,2,190000,1600,3,202211,1.0273,22110402,R,R,R,R,R,R,9,9,9,9,9
9.594700000000001,2,2,9,2,9,4,9,9,9,2,140000,1200,3,202211,1.0273,22110403,I,I,I,I,I,I,9,9,9,9,9
25.607100000000003,1,2,9,2,9,3,9,9,9,2,170000,1900,3,202211,1.0273,22110404,I,I,I,I,I,I,9,9,9,9,9
8.6091,1,2,9,2,9,2,9,9,9,2,170000,1500,3,202211,1.0273,22110405,R,R,R,R,R,R,9,9,9,9,9
25.607100000000003,1,2,9,2,9,3,9,9,9,2,170000,1800,3,202211,1.0273,22110406,R,R,R,R,R,R,9,9,9,9,9
8.6091,1,2,9,2,9,2,9,9,9,2,190000,1800,3,202211,1.0273,22110407,R,R,R,R,R,R,9,9,9,9,9
8.6091,1,2,9,2,9,2,9,9,9,2,190000,2400,3,202211,1.0273,22110408,R,R,R,R,R,R,9,9,9,9,9
8.6091,1,2,9,2,9,2,9,9,9,2,150000,1500,3,202211,1.0273,22110409,R,I,R,R,R,R,9,9,9,9,9
8.6091,1,2,9,2,9,2,9,9,9,2,120000,1500,3,202211,1.0273,22110410,R,R,R,R,R,R,9,9,9,9,9
25.607100000000003,1,2,9,2,9,3,9,9,9,2,170000,2000,3,202211,1.0273,22110411,I,I,I,I,I,I,9,9,9,9,9
25.607100000000003,1,2,9,2,9,3,9,9,9,2,180000,2500,3,202211,1.0273,22110412,R,R,R,R,R,R,9,9,9,9,9
25.607100000000003,1,2,9,2,9,3,9,9,9,2,120000,1600,3,202211,1.0273,22110413,R,R,R,R,R,R,9,9,9,9,9
6.725,1,2,9,2,9,1,9,9,9,2,110000,1200,3,202211,1.0273,22110414,R,R,R,R,R,R,9,9,9,9,9
6.725,1,2,9,2,9,1,9,9,9,2,93000,1300,3,202211,1.0273,22110415,R,R,R,R,R,R,9,9,9,9,9
6.725,1,2,9,2,9,1,9,9,9,2,140000,1300,3,202211,1.0273,22110416,R,I,I,I,I,I,9,9,9,9,9
8.6091,1,2,9,2,9,2,9,9,9,2,140000,1200,3,202211,1.0273,22110417,R,I,I,I,R,R,9,9,9,9,9
25.607100000000003,1,2,9,2,9,3,9,9,9,2,120000,2000,3,202211,1.0273,22110418,R,R,R,R,R,R,9,9,9,9,9
8.6091,1,2,9,2,9,2,9,9,9,2,120000,1600,3,202211,1.0273,22110419,R,R,R,R,R,R,9,9,9,9,9
8.6091,1,2,9,2,9,2,9,9,9,2,130000,1600,3,202211,1.0273,22110420,R,R,R,R,R,R,9,9,9,9,9
8.6091,1,2,9,2,9,3,9,9,9,2,140000,1100,3,202211,1.0273,22110421,R,R,R,R,R,R,9,9,9,9,9
8.6091,1,2,9,2,9,2,9,9,9,2,160000,1600,3,202211,1.0273,22110422,R,I,R,R,R,R,9,9,9,9,9
6.725,1,2,9,2,9,1,9,9,9,2,160000,1600,3,202211,1.0273,22110423,R,R,R,R,R,R,9,9,9,9,9
6.725,1,2,9,2,9,1,9,9,9,2,160000,1700,3,202211,1.0273,22110424,R,R,R,R,R,R,9,9,9,9,9
6.725,1,2,9,2,9,1,9,9,9,2,140000,1300,3,202211,1.0273,22110425,R,R,R,R,R,R,9,9,9,9,9
25.607100000000003,1,2,9,2,9,3,9,9,9,2,120000,1600,3,202211,1.0273,22110426,R,R,R,R,R,R,9,9,9,9,9
25.607100000000003,1,2,9,2,9,3,9,9,9,2,87000,1600,3,202211,1.0273,22110427,R,R,R,R,R,R,9,9,9,9,9
25.607100000000003,1,2,9,2,9,3,9,9,9,2,150000,1600,3,202211,1.0273,22110428,I,I,I,I,I,I,9,9,9,9,9
25.607100000000003,1,2,9,2,9,3,9,9,9,2,160000,2200,3,202211,1.0273,22110429,R,R,R,R,R,R,9,9,9,9,9
8.6091,1,2,9,2,9,2,9,9,9,2,140000,1500,3,202211,1.0273,22110430,R,R,R,R,R,R,9,9,9,9,9
8.6091,1,2,9,2,9,2,9,9,9,2,160000,1800,3,202211,1.0273,22110431,R,R,R,R,R,R,9,9,9,9,9
25.607100000000003,1,2,9,2,9,3,9,9,9,2,87000,1300,3,202211,1.0273,22110432,R,R,R,R,R,R,9,9,9,9,9
25.607100000000003,1,2,9,2,9,3,9,9,9,2,130000,1600,3,202211,1.0273,22110433,R,R,R,R,R,R,9,9,9,9,9
8.6091,1,2,9,2,9,2,9,9,9,2,89000,1300,3,202211,1.0273,22110434,R,R,R,R,R,R,9,9,9,9,9
25.607100000000003,1,2,9,2,9,3,9,9,9,2,170000,1900,3,202211,1.0273,22110435,I,I,I,I,I,I,9,9,9,9,9
25.607100000000003,1,2,9,2,9,3,9,9,9,2,87000,2000,3,202211,1.0273,22110436,R,R,R,R,R,R,9,9,9,9,9
25.607100000000003,1,2,9,2,9,3,9,9,9,2,150000,2000,3,202211,1.0273,22110437,R,R,R,R,R,R,9,9,9,9,9
8.6091,1,2,9,2,9,2,9,9,9,2,89000,1100,3,202211,1.0273,22110438,R,R,R,R,R,R,9,9,9,9,9
8.6091,1,2,9,2,9,2,9,9,9,2,180000,1500,3,202211,1.0273,22110439,R,R,R,R,R,R,9,9,9,9,9
9.594700000000001,3,9,9,9,9,5,9,9,9,2,9,9,9,202211,1.0273,22110440,R,9,9,9,9,9,9,9,9,9,9
25.607100000000003,3,9,9,9,9,5,9,9,9,2,9,9,9,202211,1.0273,22110441,I,9,9,9,9,9,9,9,9,9,9
9.594700000000001,3,9,9,9,9,5,9,9,9,2,9,9,9,202211,1.0273,22110442,R,9,9,9,9,9,9,9,9,9,9
9.594700000000001,3,9,9,9,9,5,9,9,9,2,9,9,9,202211,1.0273,22110443,I,9,9,9,9,9,9,9,9,9,9
25.607100000000003,3,9,9,9,9,5,9,9,9,2,9,9,9,202211,1.0273,22110444,R,9,9,9,9,9,9,9,9,9,9
6.725,3,9,9,9,9,5,9,9,9,2,9,9,9,202211,1.0273,22110445,R,9,9,9,9,9,9,9,9,9,9
9.594700000000001,3,9,9,9,9,5,9,9,9,2,9,9,9,202211,1.0273,22110446,I,9,9,9,9,9,9,9,9,9,9
42.5357,2,1,3,2,1,3,1,1,2,1,91000,1200,3,202212,1.0339,22120001,I,I,I,I,I,I,I,I,I,I,I
42.5357,2,1,5,2,2,3,1,1,2,1,79000,960,1,202212,1.0339,22120002,I,I,I,I,I,I,I,I,I,I,I
16.073700000000002,2,1,5,2,1,4,4,1,2,1,71000,590,1,202212,1.0339,22120003,R,R,R,R,R,R,R,R,R,R,R
16.073700000000002,1,1,3,2,3,4,1,1,2,1,68000,740,1,202212,1.0339,22120004,I,I,I,I,I,I,I,I,I,I,I
16.073700000000002,2,1,4,2,1,4,3,1,1,1,68000,740,1,202212,1.0339,22120005,I,I,I,I,I,I,I,I,I,I,I
16.073700000000002,2,1,4,2,1,4,3,1,2,1,100000,960,3,202212,1.0339,22120006,R,R,R,R,R,R,R,I,I,I,I
42.5357,1,1,3,2,1,3,1,1,2,1,90000,830,3,202212,1.0339,22120007,R,R,R,R,R,R,I,I,R,I,I
42.5357,2,1,4,1,1,3,1,1,1,1,9,920,3,202212,1.0339,22120008,R,9,I,I,R,R,I,I,R,I,I
16.073700000000002,2,1,3,2,1,4,3,1,1,1,76000,900,1,202212,1.0339,22120009,R,I,I,I,I,R,I,I,R,I,I
16.073700000000002,1,1,3,2,1,4,3,1,2,1,85000,670,1,202212,1.0339,22120010,R,R,R,R,R,R,I,I,R,I,I
11.8,1,1,3,1,1,2,1,1,1,1,9,900,1,202212,1.0339,22120011,R,9,R,R,R,R,I,I,R,I,I
11.8,2,1,3,2,1,2,1,1,2,1,91000,1200,3,202212,1.0339,22120012,I,I,I,I,I,I,I,I,I,I,I
11.8,1,1,3,2,1,2,1,1,3,1,100000,1200,3,202212,1.0339,22120013,R,R,R,R,R,R,I,I,R,I,I
11.8,1,1,3,2,1,2,1,1,2,1,91000,1200,3,202212,1.0339,22120014,I,I,I,I,I,I,I,I,I,I,I
11.8,2,1,3,2,1,2,1,1,2,1,83000,1100,3,202212,1.0339,22120015,I,I,I,I,I,I,I,I,I,I,I
42.5357,2,1,5,2,3,3,1,1,2,1,84000,1100,3,202212,1.0339,22120016,I,I,I,I,I,I,I,I,I,I,I
42.5357,2,1,3,2,2,3,1,1,2,1,70000,1200,3,202212,1.0339,22120017,R,R,R,R,R,R,R,R,R,R,R
11.8,1,1,3,1,1,2,1,1,2,1,9,740,1,202212,1.0339,22120018,I,9,I,I,I,I,I,I,I,I,I
11.8,2,1,3,2,1,2,1,1,2,1,77000,1100,3,202212,1.0339,22120019,R,R,R,R,R,R,I,I,R,I,I
11.8,1,1,3,2,1,2,1,2,2,1,75000,1100,3,202212,1.0339,22120020,R,R,R,R,R,R,R,R,R,R,R
11.8,1,1,3,2,1,2,1,1,2,1,82000,960,3,202212,1.0339,22120021,R,R,R,R,R,R,I,I,R,I,I
11.8,1,1,3,2,1,2,1,1,2,1,86000,900,3,202212,1.0339,22120022,R,R,R,R,R,R,R,I,I,I,I
11.8,2,1,3,2,1,2,1,1,2,1,74000,1100,3,202212,1.0339,22120023,R,R,R,R,R,R,I,I,R,I,I
11.8,1,1,3,2,1,2,1,1,2,1,79000,1200,3,202212,1.0339,22120024,R,R,R,R,R,R,I,I,R,I,I
11.8,2,1,3,2,1,2,1,1,2,1,96000,1200,3,202212,1.0339,22120025,R,R,R,R,R,R,I,I,R,I,I
11.8,1,1,3,2,1,2,1,1,2,1,96000,1200,3,202212,1.0339,22120026,R,R,R,R,R,R,I,I,R,I,I
11.8,1,1,3,2,1,2,1,1,2,1,81000,1200,3,202212,1.0339,22120027,R,R,R,R,R,R,I,I,R,I,I
11.8,1,1,3,2,3,2,1,1,2,1,91000,1200,3,202212,1.0339,22120028,I,I,I,I,I,I,I,I,I,I,I
16.073700000000002,2,1,3,2,2,4,1,1,2,1,91000,1200,3,202212,1.0339,22120029,R,R,R,R,R,R,R,R,R,R,R
10.75,1,1,3,2,1,1,1,1,3,1,93000,960,1,202212,1.0339,22120030,R,R,R,R,R,R,R,R,R,R,R
10.75,2,1,3,2,1,1,1,1,3,1,91000,1000,3,202212,1.0339,22120031,R,R,I,I,R,R,R,R,R,R,R
42.5357,2,1,3,2,3,3,1,1,1,1,91000,1200,3,202212,1.0339,22120032,I,I,I,I,I,I,I,I,I,I,I
11.8,2,1,3,2,3,3,1,1,2,1,73000,840,1,202212,1.0339,22120033,I,I,I,I,I,I,I,I,I,I,I
42.5357,1,1,3,1,1,3,1,1,2,1,9,960,3,202212,1.0339,22120034,R,9,R,R,R,R,I,I,R,I,I
42.5357,2,1,3,2,3,3,1,1,2,1,53000,840,1,202212,1.0339,22120035,R,R,R,R,R,R,R,R,R,R,R
11.8,1,1,3,1,1,2,1,1,3,1,9,740,1,202212,1.0339,22120036,R,9,R,R,R,R,R,R,R,R,R
11.8,2,1,3,2,1,2,1,1,2,1,96000,1000,1,202212,1.0339,22120037,R,R,R,R,R,R,R,R,R,R,R
42.5357,2,1,3,2,3,3,1,1,2,1,77000,920,3,202212,1.0339,22120038,I,I,I,I,I,I,I,I,I,I,I
16.073700000000002,2,1,3,2,3,3,1,1,2,1,94000,1300,3,202212,1.0339,22120039,I,I,I,I,I,I,I,I,I,I,I
16.073700000000002,2,1,5,2,1,4,1,1,2,1,80000,670,1,202212,1.0339,22120040,R,R,R,R,R,R,R,R,R,R,R
10.75,2,1,3,2,1,1,1,1,2,1,78000,950,1,202212,1.0339,22120041,R,I,I,I,I,I,I,I,I,I,I
10.75,2,1,3,2,1,1,1,1,2,1,55000,1100,3,202212,1.0339,22120042,R,R,R,R,R,R,R,R,R,R,R
10.75,2,1,3,2,1,1,1,1,2,1,55000,630,1,202212,1.0339,22120043,R,R,R,R,R,R,R,R,R,R,R
10.75,2,1,3,2,1,1,1,2,2,1,79000,960,1,202212,1.0339,22120044,I,I,I,I,I,I,I,I,I,I,I
10.75,1,1,3,1,1,1,1,1,3,1,9,950,1,202212,1.0339,22120045,R,9,R,R,R,R,R,R,R,R,R
42.5357,2,1,5,2,1,3,1,1,2,1,65000,840,3,202212,1.0339,22120046,R,R,R,R,R,R,R,R,R,R,R
42.5357,2,1,3,2,2,3,1,1,1,1,94000,1300,3,202212,1.0339,22120047,I,I,I,I,I,I,I,I,I,I,I
42.5357,1,1,5,2,3,3,1,1,2,1,85000,1100,1,202212,1.0339,22120048,I,I,I,I,I,I,I,I,I,I,I
42.5357,2,1,5,2,1,3,1,1,2,1,70000,840,1,202212,1.0339,22120049,R,R,R,R,R,R,R,R,R,R,R
42.5357,1,1,3,2,1,3,1,1,2,1,93000,1200,3,202212,1.0339,22120050,R,R,R,R,R,R,I,I,R,I,I
42.5357,2,1,5,2,3,3,4,1,2,1,65000,920,3,202212,1.0339,22120051,R,R,R,R,R,R,R,R,R,R,R
16.073700000000002,2,1,1,2,3,4,0,0,1,1,68000,740,1,202212,1.0339,22120052,I,I,I,I,I,I,I,R,I,I,R
16.073700000000002,2,1,2,2,1,4,0,0,2,1,91000,1200,3,202212,1.0339,22120053,I,I,I,I,I,I,I,R,I,I,R
16.073700000000002,2,1,1,2,1,4,0,0,2,1,110000,590,1,202212,1.0339,22120054,R,R,R,R,R,R,R,R,R,R,R
16.073700000000002,2,1,2,2,3,4,0,0,2,1,85000,900,1,202212,1.0339,22120055,R,R,R,R,R,R,R,R,R,R,R
16.073700000000002,2,1,2,2,1,4,0,0,1,1,57000,640,1,202212,1.0339,22120056,R,R,R,R,R,R,I,R,I,I,R
10.75,1,1,1,1,1,1,0,0,1,1,9,920,3,202212,1.0339,22120057,I,9,I,I,I,I,I,R,I,I,R
10.75,2,1,1,2,1,1,0,0,1,1,65000,920,3,202212,1.0339,22120058,R,R,R,R,R,R,R,R,R,R,R
10.75,1,1,1,2,1,1,0,0,1,1,65000,920,3,202212,1.0339,22120059,R,R,R,R,R,R,R,R,R,R,R
10.75,2,1,1,2,1,1,0,0,1,1,65000,920,3,202212,1.0339,22120060,R,R,R,R,R,R,R,R,R,R,R
10.75,2,1,1,2,1,1,0,0,2,1,75000,920,1,202212,1.0339,22120061,R,R,R,R,R,R,R,R,R,R,R
16.073700000000002,1,1,2,2,1,4,0,0,1,1,63000,590,1,202212,1.0339,22120062,I,I,I,I,I,I,I,R,I,I,R
11.8,1,1,2,2,2,2,0,0,2,1,84000,1100,3,202212,1.0339,22120063,I,I,I,I,I,I,I,R,I,I,R
11.8,1,1,1,2,1,2,0,0,1,1,91000,1200,3,202212,1.0339,22120064,I,I,I,I,I,I,I,R,I,I,R
11.8,1,1,1,2,1,2,0,0,3,1,89000,1100,3,202212,1.0339,22120065,R,R,R,R,R,R,I,R,R,I,R
16.073700000000002,1,1,1,2,1,4,0,0,2,1,90000,1200,3,202212,1.0339,22120066,R,R,R,R,R,R,R,R,R,R,R
10.75,2,1,1,2,1,1,0,0,1,1,73000,840,1,202212,1.0339,22120067,I,I,I,I,I,I,I,R,I,I,R
10.75,2,1,1,2,1,1,0,0,2,1,62000,630,1,202212,1.0339,22120068,I,I,I,I,I,I,I,R,I,I,R
42.5357,2,1,2,2,3,3,0,0,1,1,68000,660,1,202212,1.0339,22120069,I,I,I,I,I,I,I,R,I,I,R
11.8,1,1,1,2,1,2,0,0,3,1,120000,1100,1,202212,1.0339,22120070,R,R,R,R,R,R,R,R,R,R,R
11.8,2,1,1,2,1,2,0,0,1,1,79000,960,1,202212,1.0339,22120071,R,I,I,I,I,I,I,R,I,I,R
11.8,2,1,1,2,1,2,0,0,2,1,80000,920,3,202212,1.0339,22120072,R,R,R,R,I,I,R,R,I,I,R
11.8,1,1,2,1,1,2,0,0,2,1,9,1100,3,202212,1.0339,22120073,I,9,I,I,I,I,I,R,I,I,R
16.073700000000002,2,1,1,2,2,4,0,0,2,1,65000,670,1,202212,1.0339,22120074,I,I,I,I,I,I,I,R,I,I,R
16.073700000000002,2,1,1,2,2,4,0,0,2,1,57000,590,1,202212,1.0339,22120075,I,I,I,I,I,I,I,R,I,I,R
42.5357,2,1,2,2,3,3,0,0,2,1,73000,840,3,202212,1.0339,22120076,I,I,I,I,I,I,I,R,I,I,R
11.8,1,1,1,2,3,2,0,0,2,1,89000,1200,3,202212,1.0339,22120077,R,R,R,R,R,R,R,R,R,R,R
42.5357,1,2,9,2,9,3,9,9,9,1,79000,960,3,202212,1.0339,22120078,I,I,I,I,I,I,9,9,9,9,9
42.5357,1,2,9,2,9,3,9,9,9,1,73000,840,1,202212,1.0339,22120079,I,I,I,I,I,I,9,9,9,9,9
11.8,1,2,9,2,9,2,9,9,9,1,56000,740,1,202212,1.0339,22120080,R,R,R,R,R,R,9,9,9,9,9
42.5357,1,2,9,2,9,3,9,9,9,1,130000,1200,3,202212,1.0339,22120081,R,R,R,R,R,R,9,9,9,9,9
11.8,1,2,9,2,9,2,9,9,9,1,87000,1100,3,202212,1.0339,22120082,R,R,R,R,R,R,9,9,9,9,9
11.8,1,2,9,2,9,2,9,9,9,1,91000,1200,3,202212,1.0339,22120083,I,I,I,I,I,I,9,9,9,9,9
42.5357,1,2,9,2,9,3,9,9,9,1,69000,1200,3,202212,1.0339,22120084,R,R,R,R,R,R,9,9,9,9,9
11.8,1,2,9,2,9,2,9,9,9,1,69000,840,1,202212,1.0339,22120085,R,R,R,R,R,R,9,9,9,9,9
42.5357,1,2,9,2,9,3,9,9,9,1,95000,1200,3,202212,1.0339,22120086,R,R,R,R,R,R,9,9,9,9,9
42.5357,1,2,9,2,9,3,9,9,9,1,70000,1100,3,202212,1.0339,22120087,R,R,R,R,R,R,9,9,9,9,9
42.5357,1,2,9,2,9,3,9,9,9,1,91000,1200,3,202212,1.0339,22120088,I,I,I,I,I,I,9,9,9,9,9
42.5357,1,2,9,2,9,3,9,9,9,1,79000,960,1,202212,1.0339,22120089,I,I,I,I,I,I,9,9,9,9,9
11.8,1,2,9,2,9,2,9,9,9,1,91000,1200,3,202212,1.0339,22120090,I,I,I,I,I,I,9,9,9,9,9
42.5357,1,2,9,2,9,3,9,9,9,1,100000,1300,3,202212,1.0339,22120091,R,R,R,R,R,R,9,9,9,9,9
11.8,1,2,9,2,9,2,9,9,9,1,87000,1100,3,202212,1.0339,22120092,R,R,R,R,R,R,9,9,9,9,9
11.8,1,2,9,2,9,2,9,9,9,1,74000,1100,3,202212,1.0339,22120093,R,R,R,R,R,R,9,9,9,9,9
11.8,1,2,9,2,9,2,9,9,9,1,76000,900,1,202212,1.0339,22120094,I,I,I,I,I,I,9,9,9,9,9
42.5357,1,2,9,2,9,3,9,9,9,1,100000,1300,3,202212,1.0339,22120095,R,R,R,R,R,R,9,9,9,9,9
42.5357,1,2,9,2,9,3,9,9,9,1,88000,1200,3,202212,1.0339,22120096,I,I,I,I,I,I,9,9,9,9,9
42.5357,1,2,9,2,9,3,9,9,9,1,85000,1100,1,202212,1.0339,22120097,R,R,R,R,R,R,9,9,9,9,9
10.75,1,2,9,2,9,1,9,9,9,1,82000,950,3,202212,1.0339,22120098,R,R,R,R,R,R,9,9,9,9,9
42.5357,1,2,9,2,9,3,9,9,9,1,73000,840,1,202212,1.0339,22120099,I,I,I,I,I,I,9,9,9,9,9
42.5357,1,2,9,2,9,3,9,9,9,1,88000,1200,3,202212,1.0339,22120100,I,I,I,I,I,I,9,9,9,9,9
16.073700000000002,1,2,9,2,9,4,9,9,9,1,79000,960,3,202212,1.0339,22120101,I,I,I,I,I,I,9,9,9,9,9
42.5357,2,2,9,2,9,3,9,9,9,1,77000,920,3,202212,1.0339,22120102,R,I,R,R,R,R,9,9,9,9,9
16.073700000000002,1,2,9,2,9,4,9,9,9,1,64000,640,1,202212,1.0339,22120103,I,I,I,I,I,I,9,9,9,9,9
42.5357,1,2,9,2,9,3,9,9,9,1,95000,1300,3,202212,1.0339,22120104,R,R,R,R,R,R,9,9,9,9,9
10.75,1,2,9,2,9,1,9,9,9,1,74000,920,1,202212,1.0339,22120105,R,R,R,R,R,R,9,9,9,9,9
11.8,1,2,9,2,9,2,9,9,9,1,56000,1200,3,202212,1.0339,22120106,R,R,R,R,R,R,9,9,9,9,9
11.8,2,2,9,2,9,2,9,9,9,1,80000,990,1,202212,1.0339,22120107,I,I,I,I,I,I,9,9,9,9,9
11.8,1,2,9,2,9,2,9,9,9,1,76000,900,3,202212,1.0339,22120108,I,I,I,I,I,I,9,9,9,9,9
11.8,1,2,9,2,9,2,9,9,9,1,79000,960,1,202212,1.0339,22120109,R,I,R,R,R,R,9,9,9,9,9
11.8,1,2,9,2,9,2,9,9,9,1,70000,740,3,202212,1.0339,22120110,I,I,I,I,I,I,9,9,9,9,9
11.8,1,2,9,2,9,2,9,9,9,1,91000,1200,3,202212,1.0339,22120111,R,I,R,R,R,R,9,9,9,9,9
11.8,1,2,9,2,9,2,9,9,9,1,64000,740,3,202212,1.0339,22120112,R,R,R,R,R,R,9,9,9,9,9
10.75,1,2,9,2,9,1,9,9,9,1,78000,950,3,202212,1.0339,22120113,I,I,I,I,I,I,9,9,9,9,9
10.75,1,2,9,2,9,1,9,9,9,1,88000,1000,3,202212,1.0339,22120114,R,R,R,R,R,R,9,9,9,9,9
11.8,1,2,9,2,9,2,9,9,9,1,86000,1100,3,202212,1.0339,22120115,I,I,I,I,I,I,9,9,9,9,9
11.8,1,2,9,2,9,2,9,9,9,1,83000,1100,3,202212,1.0339,22120116,I,I,I,I,I,I,9,9,9,9,9
11.8,1,2,9,2,9,2,9,9,9,1,82000,1000,1,202212,1.0339,22120117,I,I,I,I,I,I,9,9,9,9,9
11.8,1,2,9,2,9,2,9,9,9,1,83000,1100,3,202212,1.0339,22120118,R,I,R,R,R,R,9,9,9,9,9
11.8,2,2,9,2,9,2,9,9,9,1,85000,1100,1,202212,1.0339,22120119,I,I,I,I,I,I,9,9,9,9,9
10.75,1,2,9,2,9,1,9,9,9,1,55000,840,1,202212,1.0339,22120120,R,R,R,R,R,R,9,9,9,9,9
10.75,1,2,9,2,9,1,9,9,9,1,110000,1100,3,202212,1.0339,22120121,R,R,I,I,R,R,9,9,9,9,9
11.8,1,2,9,2,9,2,9,9,9,1,87000,990,1,202212,1.0339,22120122,R,R,R,R,R,R,9,9,9,9,9
11.8,1,2,9,2,9,3,9,9,9,1,79000,660,1,202212,1.0339,22120123,R,R,R,R,R,R,9,9,9,9,9
42.5357,1,2,9,2,9,3,9,9,9,1,75000,960,1,202212,1.0339,22120124,R,R,R,R,R,R,9,9,9,9,9
42.5357,1,2,9,2,9,3,9,9,9,1,75000,960,1,202212,1.0339,22120125,R,R,R,R,R,R,9,9,9,9,9
11.8,1,2,9,2,9,2,9,9,9,1,77000,1100,3,202212,1.0339,22120126,R,R,R,R,R,R,9,9,9,9,9
11.8,1,2,9,2,9,2,9,9,9,1,56000,920,3,202212,1.0339,22120127,R,R,R,R,R,R,9,9,9,9,9
10.75,1,2,9,2,9,1,9,9,9,1,77000,920,1,202212,1.0339,22120128,I,I,I,I,I,I,9,9,9,9,9
42.5357,1,2,9,2,9,3,9,9,9,1,53000,840,1,202212,1.0339,22120129,R,R,R,R,R,R,9,9,9,9,9
1.0,3,9,9,9,9,5,9,9,9,1,9,9,9,202212,1.0339,22120130,R,9,9,9,9,9,9,9,9,9,9
1.0,3,9,9,9,9,5,9,9,9,1,9,9,9,202212,1.0339,22120131,R,9,9,9,9,9,9,9,9,9,9
1.0,3,9,9,9,9,5,9,9,9,1,9,9,9,202212,1.0339,22120132,R,9,9,9,9,9,9,9,9,9,9
1.0,3,9,9,9,9,5,9,9,9,1,9,9,9,202212,1.0339,22120133,R,9,9,9,9,9,9,9,9,9,9
1.0,3,9,9,9,9,5,9,9,9,1,9,9,9,202212,1.0339,22120134,R,9,9,9,9,9,9,9,9,9,9
1.0,3,9,9,9,9,5,9,9,9,1,9,9,9,202212,1.0339,22120135,R,9,9,9,9,9,9,9,9,9,9
1.0,3,9,9,9,9,5,9,9,9,1,9,9,9,202212,1.0339,22120136,R,9,9,9,9,9,9,9,9,9,9
1.0,3,9,9,9,9,5,9,9,9,1,9,9,9,202212,1.0339,22120137,R,9,9,9,9,9,9,9,9,9,9
1.0,3,9,9,9,9,5,9,9,9,1,9,9,9,202212,1.0339,22120138,R,9,9,9,9,9,9,9,9,9,9
1.0,3,9,9,9,9,5,9,9,9,1,9,9,9,202212,1.0339,22120139,R,9,9,9,9,9,9,9,9,9,9
1.0,3,9,9,9,9,5,9,9,9,1,9,9,9,202212,1.0339,22120140,R,9,9,9,9,9,9,9,9,9,9
1.0,3,9,9,9,9,5,9,9,9,1,9,9,9,202212,1.0339,22120141,R,9,9,9,9,9,9,9,9,9,9
1.0,3,9,9,9,9,5,9,9,9,1,9,9,9,202212,1.0339,22120142,R,9,9,9,9,9,9,9,9,9,9
1.0,3,9,9,9,9,5,9,9,9,1,9,9,9,202212,1.0339,22120143,R,9,9,9,9,9,9,9,9,9,9
1.0,3,9,9,9,9,5,9,9,9,1,9,9,9,202212,1.0339,22120144,R,9,9,9,9,9,9,9,9,9,9
1.0,3,9,9,9,9,5,9,9,9,1,9,9,9,202212,1.0339,22120145,R,9,9,9,9,9,9,9,9,9,9
1.0,3,9,9,9,9,5,9,9,9,1,9,9,9,202212,1.0339,22120146,R,9,9,9,9,9,9,9,9,9,9
1.0,3,9,9,9,9,5,9,9,9,1,9,9,9,202212,1.0339,22120147,R,9,9,9,9,9,9,9,9,9,9
1.0,3,9,9,9,9,5,9,9,9,1,9,9,9,202212,1.0339,22120148,R,9,9,9,9,9,9,9,9,9,9
1.0,3,9,9,9,9,5,9,9,9,1,9,9,9,202212,1.0339,22120149,R,9,9,9,9,9,9,9,9,9,9
1.0,3,9,9,9,9,5,9,9,9,1,9,9,9,202212,1.0339,22120150,R,9,9,9,9,9,9,9,9,9,9
1.0,3,9,9,9,9,5,9,9,9,1,9,9,9,202212,1.0339,22120151,R,9,9,9,9,9,9,9,9,9,9
1.0,3,9,9,9,9,5,9,9,9,1,9,9,9,202212,1.0339,22120152,R,9,9,9,9,9,9,9,9,9,9
1.0,3,9,9,9,9,5,9,9,9,1,9,9,9,202212,1.0339,22120153,R,9,9,9,9,9,9,9,9,9,9
1.0,3,9,9,9,9,5,9,9,9,1,9,9,9,202212,1.0339,22120154,R,9,9,9,9,9,9,9,9,9,9
1.0,3,9,9,9,9,5,9,9,9,1,9,9,9,202212,1.0339,22120155,R,9,9,9,9,9,9,9,9,9,9
1.0,3,9,9,9,9,5,9,9,9,1,9,9,9,202212,1.0339,22120156,R,9,9,9,9,9,9,9,9,9,9
1.0,3,9,9,9,9,5,9,9,9,1,9,9,9,202212,1.0339,22120157,R,9,9,9,9,9,9,9,9,9,9
1.0,3,9,9,9,9,5,9,9,9,1,9,9,9,202212,1.0339,22120158,R,9,9,9,9,9,9,9,9,9,9
1.0,3,9,9,9,9,5,9,9,9,1,9,9,9,202212,1.0339,22120159,R,9,9,9,9,9,9,9,9,9,9
1.0,3,9,9,9,9,5,9,9,9,1,9,9,9,202212,1.0339,22120160,R,9,9,9,9,9,9,9,9,9,9
1.0,3,9,9,9,9,5,9,9,9,1,9,9,9,202212,1.0339,22120161,R,9,9,9,9,9,9,9,9,9,9
1.0,3,9,9,9,9,5,9,9,9,1,9,9,9,202212,1.0339,22120162,R,9,9,9,9,9,9,9,9,9,9
1.0,3,9,9,9,9,5,9,9,9,1,9,9,9,202212,1.0339,22120163,R,9,9,9,9,9,9,9,9,9,9
1.0,3,9,9,9,9,5,9,9,9,1,9,9,9,202212,1.0339,22120164,R,9,9,9,9,9,9,9,9,9,9
1.0,3,9,9,9,9,5,9,9,9,1,9,9,9,202212,1.0339,22120165,R,9,9,9,9,9,9,9,9,9,9
1.0,3,9,9,9,9,5,9,9,9,1,9,9,9,202212,1.0339,22120166,R,9,9,9,9,9,9,9,9,9,9
1.0,3,9,9,9,9,5,9,9,9,1,9,9,9,202212,1.0339,22120167,R,9,9,9,9,9,9,9,9,9,9
1.0,3,9,9,9,9,5,9,9,9,1,9,9,9,202212,1.0339,22120168,R,9,9,9,9,9,9,9,9,9,9
1.0,3,9,9,9,9,5,9,9,9,1,9,9,9,202212,1.0339,22120169,R,9,9,9,9,9,9,9,9,9,9
1.0,3,9,9,9,9,5,9,9,9,1,9,9,9,202212,1.0339,22120170,R,9,9,9,9,9,9,9,9,9,9
1.0,3,9,9,9,9,5,9,9,9,1,9,9,9,202212,1.0339,22120171,R,9,9,9,9,9,9,9,9,9,9
1.0,3,9,9,9,9,5,9,9,9,1,9,9,9,202212,1.0339,22120172,R,9,9,9,9,9,9,9,9,9,9
1.0,3,9,9,9,9,5,9,9,9,1,9,9,9,202212,1.0339,22120173,R,9,9,9,9,9,9,9,9,9,9
1.0,3,9,9,9,9,5,9,9,9,1,9,9,9,202212,1.0339,22120174,R,9,9,9,9,9,9,9,9,9,9
1.0,3,9,9,9,9,5,9,9,9,1,9,9,9,202212,1.0339,22120175,R,9,9,9,9,9,9,9,9,9,9
1.0,3,9,9,9,9,5,9,9,9,1,9,9,9,202212,1.0339,22120176,R,9,9,9,9,9,9,9,9,9,9
1.0,3,9,9,9,9,5,9,9,9,1,9,9,9,202212,1.0339,22120177,R,9,9,9,9,9,9,9,9,9,9
1.0,3,9,9,9,9,5,9,9,9,1,9,9,9,202212,1.0339,22120178,R,9,9,9,9,9,9,9,9,9,9
1.0,3,9,9,9,9,5,9,9,9,1,9,9,9,202212,1.0339,22120179,R,9,9,9,9,9,9,9,9,9,9
1.0,3,9,9,9,9,5,9,9,9,1,9,9,9,202212,1.0339,22120180,R,9,9,9,9,9,9,9,9,9,9
1.0,3,9,9,9,9,5,9,9,9,1,9,9,9,202212,1.0339,22120181,R,9,9,9,9,9,9,9,9,9,9
1.0,3,9,9,9,9,5,9,9,9,1,9,9,9,202212,1.0339,22120182,R,9,9,9,9,9,9,9,9,9,9
1.0,3,9,9,9,9,5,9,9,9,1,9,9,9,202212,1.0339,22120183,R,9,9,9,9,9,9,9,9,9,9
1.0,3,9,9,9,9,5,9,9,9,1,9,9,9,202212,1.0339,22120184,R,9,9,9,9,9,9,9,9,9,9
1.0,3,9,9,9,9,5,9,9,9,1,9,9,9,202212,1.0339,22120185,R,9,9,9,9,9,9,9,9,9,9
1.0,3,9,9,9,9,5,9,9,9,1,9,9,9,202212,1.0339,22120186,R,9,9,9,9,9,9,9,9,9,9
1.0,3,9,9,9,9,5,9,9,9,1,9,9,9,202212,1.0339,22120187,R,9,9,9,9,9,9,9,9,9,9
1.0,3,9,9,9,9,5,9,9,9,1,9,9,9,202212,1.0339,22120188,R,9,9,9,9,9,9,9,9,9,9
1.0,3,9,9,9,9,5,9,9,9,1,9,9,9,202212,1.0339,22120189,R,9,9,9,9,9,9,9,9,9,9
1.0,3,9,9,9,9,5,9,9,9,1,9,9,9,202212,1.0339,22120190,R,9,9,9,9,9,9,9,9,9,9
1.0,3,9,9,9,9,5,9,9,9,1,9,9,9,202212,1.0339,22120191,R,9,9,9,9,9,9,9,9,9,9
1.0,3,9,9,9,9,5,9,9,9,1,9,9,9,202212,1.0339,22120192,R,9,9,9,9,9,9,9,9,9,9
1.0,3,9,9,9,9,5,9,9,9,1,9,9,9,202212,1.0339,22120193,R,9,9,9,9,9,9,9,9,9,9
1.0,3,9,9,9,9,5,9,9,9,1,9,9,9,202212,1.0339,22120194,R,9,9,9,9,9,9,9,9,9,9
1.0,3,9,9,9,9,5,9,9,9,1,9,9,9,202212,1.0339,22120195,R,9,9,9,9,9,9,9,9,9,9
1.0,3,9,9,9,9,5,9,9,9,1,9,9,9,202212,1.0339,22120196,R,9,9,9,9,9,9,9,9,9,9
1.0,3,9,9,9,9,5,9,9,9,1,9,9,9,202212,1.0339,22120197,R,9,9,9,9,9,9,9,9,9,9
1.0,3,9,9,9,9,5,9,9,9,1,9,9,9,202212,1.0339,22120198,R,9,9,9,9,9,9,9,9,9,9
1.0,3,9,9,9,9,5,9,9,9,1,9,9,9,202212,1.0339,22120199,R,9,9,9,9,9,9,9,9,9,9
1.0,3,9,9,9,9,5,9,9,9,1,9,9,9,202212,1.0339,22120200,R,9,9,9,9,9,9,9,9,9,9
1.0,3,9,9,9,9,5,9,9,9,1,9,9,9,202212,1.0339,22120201,R,9,9,9,9,9,9,9,9,9,9
1.0,3,9,9,9,9,5,9,9,9,1,9,9,9,202212,1.0339,22120202,R,9,9,9,9,9,9,9,9,9,9
1.0,3,9,9,9,9,5,9,9,9,1,9,9,9,202212,1.0339,22120203,R,9,9,9,9,9,9,9,9,9,9
1.0,3,9,9,9,9,5,9,9,9,1,9,9,9,202212,1.0339,22120204,R,9,9,9,9,9,9,9,9,9,9
1.0,3,9,9,9,9,5,9,9,9,1,9,9,9,202212,1.0339,22120205,R,9,9,9,9,9,9,9,9,9,9
1.0,3,9,9,9,9,5,9,9,9,1,9,9,9,202212,1.0339,22120206,R,9,9,9,9,9,9,9,9,9,9
1.0,3,9,9,9,9,5,9,9,9,1,9,9,9,202212,1.0339,22120207,R,9,9,9,9,9,9,9,9,9,9
1.0,3,9,9,9,9,5,9,9,9,1,9,9,9,202212,1.0339,22120208,R,9,9,9,9,9,9,9,9,9,9
1.0,3,9,9,9,9,5,9,9,9,1,9,9,9,202212,1.0339,22120209,R,9,9,9,9,9,9,9,9,9,9
1.0,3,9,9,9,9,5,9,9,9,1,9,9,9,202212,1.0339,22120210,R,9,9,9,9,9,9,9,9,9,9
1.0,3,9,9,9,9,5,9,9,9,1,9,9,9,202212,1.0339,22120211,R,9,9,9,9,9,9,9,9,9,9
1.0,3,9,9,9,9,5,9,9,9,1,9,9,9,202212,1.0339,22120212,R,9,9,9,9,9,9,9,9,9,9
1.0,3,9,9,9,9,5,9,9,9,1,9,9,9,202212,1.0339,22120213,R,9,9,9,9,9,9,9,9,9,9
1.0,3,9,9,9,9,5,9,9,9,1,9,9,9,202212,1.0339,22120214,R,9,9,9,9,9,9,9,9,9,9
1.0,3,9,9,9,9,5,9,9,9,1,9,9,9,202212,1.0339,22120215,R,9,9,9,9,9,9,9,9,9,9
1.0,3,9,9,9,9,5,9,9,9,1,9,9,9,202212,1.0339,22120216,R,9,9,9,9,9,9,9,9,9,9
1.0,3,9,9,9,9,5,9,9,9,1,9,9,9,202212,1.0339,22120217,R,9,9,9,9,9,9,9,9,9,9
1.0,3,9,9,9,9,5,9,9,9,1,9,9,9,202212,1.0339,22120218,R,9,9,9,9,9,9,9,9,9,9
1.0,3,9,9,9,9,5,9,9,9,1,9,9,9,202212,1.0339,22120219,R,9,9,9,9,9,9,9,9,9,9
1.0,3,9,9,9,9,5,9,9,9,1,9,9,9,202212,1.0339,22120220,R,9,9,9,9,9,9,9,9,9,9
1.0,3,9,9,9,9,5,9,9,9,1,9,9,9,202212,1.0339,22120221,R,9,9,9,9,9,9,9,9,9,9
1.0,3,9,9,9,9,5,9,9,9,1,9,9,9,202212,1.0339,22120222,R,9,9,9,9,9,9,9,9,9,9
1.0,3,9,9,9,9,5,9,9,9,1,9,9,9,202212,1.0339,22120223,R,9,9,9,9,9,9,9,9,9,9
1.0,3,9,9,9,9,5,9,9,9,1,9,9,9,202212,1.0339,22120224,R,9,9,9,9,9,9,9,9,9,9
1.0,3,9,9,9,9,5,9,9,9,1,9,9,9,202212,1.0339,22120225,R,9,9,9,9,9,9,9,9,9,9
1.0,3,9,9,9,9,5,9,9,9,1,9,9,9,202212,1.0339,22120226,R,9,9,9,9,9,9,9,9,9,9
1.0,3,9,9,9,9,5,9,9,9,1,9,9,9,202212,1.0339,22120227,R,9,9,9,9,9,9,9,9,9,9
1.0,3,9,9,9,9,5,9,9,9,1,9,9,9,202212,1.0339,22120228,R,9,9,9,9,9,9,9,9,9,9
1.0,3,9,9,9,9,5,9,9,9,1,9,9,9,202212,1.0339,22120229,R,9,9,9,9,9,9,9,9,9,9
1.0,3,9,9,9,9,5,9,9,9,1,9,9,9,202212,1.0339,22120230,R,9,9,9,9,9,9,9,9,9,9
1.0,3,9,9,9,9,5,9,9,9,1,9,9,9,202212,1.0339,22120231,R,9,9,9,9,9,9,9,9,9,9
1.0,3,9,9,9,9,5,9,9,9,1,9,9,9,202212,1.0339,22120232,R,9,9,9,9,9,9,9,9,9,9
11.8,3,9,9,9,9,5,9,9,9,1,9,9,9,202212,1.0339,22120233,R,9,9,9,9,9,9,9,9,9,9
11.8,3,9,9,9,9,5,9,9,9,1,9,9,9,202212,1.0339,22120234,I,9,9,9,9,9,9,9,9,9,9
8.0368,2,1,3,2,3,4,1,1,2,2,120000,1300,3,202212,1.0439,22120235,R,R,R,R,R,R,R,R,R,R,R
8.0368,2,1,3,2,2,4,1,1,2,2,140000,1300,1,202212,1.0439,22120236,R,R,R,R,R,R,R,R,R,R,R
5.3579,2,1,3,2,2,5,1,1,1,3,260000,2700,3,202212,1.0439,22120237,R,R,R,R,R,R,R,R,R,R,R
5.3579,2,1,3,2,3,5,1,1,2,3,200000,2600,3,202212,1.0439,22120238,I,I,I,I,I,I,I,I,I,I,I
8.0368,2,1,3,2,3,4,1,1,2,2,140000,1300,3,202212,1.0439,22120239,I,I,I,I,I,I,I,I,I,I,I
8.0368,2,1,5,2,2,4,4,3,2,2,96000,1200,3,202212,1.0439,22120240,R,R,R,R,R,R,R,R,R,R,R
8.0368,2,1,5,2,3,4,1,1,1,2,150000,1500,3,202212,1.0439,22120241,I,I,I,I,I,I,I,I,I,I,I
8.0368,2,1,5,2,2,4,4,3,1,2,110000,1300,3,202212,1.0439,22120242,R,R,R,R,R,R,R,R,R,R,R
8.0368,2,1,3,2,3,4,1,1,1,2,300000,1600,3,202212,1.0439,22120243,R,R,R,R,R,R,R,R,R,R,R
8.0368,2,1,5,2,1,4,3,1,1,2,160000,1700,3,202212,1.0439,22120244,R,I,I,I,I,I,I,I,I,I,I
8.0368,2,1,4,2,3,4,3,1,2,2,200000,1600,3,202212,1.0439,22120245,R,R,R,R,R,R,R,R,R,R,R
8.0368,2,1,5,2,3,4,3,1,2,2,170000,2200,3,202212,1.0439,22120246,R,R,R,R,R,R,R,R,R,R,R
8.0368,2,1,5,2,1,4,3,1,2,2,140000,1200,3,202212,1.0439,22120247,I,I,I,I,I,I,I,I,I,I,I
8.0368,1,1,4,2,1,4,3,1,2,2,170000,1200,1,202212,1.0439,22120248,R,R,R,R,R,R,R,R,R,R,R
8.0368,2,1,4,2,1,4,3,2,2,2,190000,2200,3,202212,1.0439,22120249,I,I,I,I,I,I,I,I,I,I,I
8.0368,2,1,3,2,1,4,3,1,2,2,160000,1800,3,202212,1.0439,22120250,R,I,I,I,I,I,I,I,I,I,I
8.0368,2,1,3,2,1,4,3,2,1,2,160000,1800,3,202212,1.0439,22120251,R,I,I,I,I,I,I,I,I,I,I
8.0368,2,1,3,2,1,4,3,1,1,2,160000,1700,3,202212,1.0439,22120252,I,I,I,I,I,I,I,I,I,I,I
8.0368,2,1,4,2,1,4,3,1,3,2,140000,1200,1,202212,1.0439,22120253,R,I,I,I,R,R,I,I,R,I,I
8.0368,2,1,5,2,1,4,3,3,1,2,160000,1700,3,202212,1.0439,22120254,I,I,I,I,I,I,I,I,I,I,I
21.2679,2,1,3,2,3,3,1,1,2,2,220000,2500,3,202212,1.0439,22120255,R,R,R,R,R,R,R,R,R,R,R
21.2679,2,1,4,2,3,3,1,1,3,2,140000,1700,3,202212,1.0439,22120256,R,R,R,R,R,R,R,R,R,R,R
8.0368,2,1,3,2,1,4,3,1,2,2,140000,1300,1,202212,1.0439,22120257,I,I,I,I,I,I,I,I,I,I,I
8.0368,2,1,4,2,1,4,3,1,2,2,140000,1300,3,202212,1.0439,22120258,I,I,I,I,I,I,I,I,I,I,I
8.0368,2,1,4,2,1,4,3,1,2,2,150000,1500,1,202212,1.0439,22120259,I,I,I,I,I,I,I,I,I,I,I
8.0368,2,1,5,2,1,4,3,3,1,2,140000,1200,3,202212,1.0439,22120260,I,I,I,I,I,I,I,I,I,I,I
8.0368,2,1,3,2,2,4,1,1,2,2,110000,1700,3,202212,1.0439,22120261,R,R,R,R,R,R,R,R,R,R,R
8.0368,1,1,4,2,1,4,2,1,2,2,240000,1100,3,202212,1.0439,22120262,R,R,R,R,R,R,R,R,R,R,R
8.0368,2,1,5,2,1,4,4,3,3,2,96000,1200,3,202212,1.0439,22120263,R,R,R,R,R,R,R,R,R,R,R
8.0368,2,1,5,2,1,4,3,1,2,2,140000,1200,3,202212,1.0439,22120264,I,I,I,I,I,I,I,I,I,I,I
8.0368,2,1,5,2,1,4,3,1,2,2,150000,1500,3,202212,1.0439,22120265,I,I,I,I,I,I,I,I,I,I,I
8.0368,2,1,5,2,1,4,3,1,1,2,140000,1300,3,202212,1.0439,22120266,I,I,I,I,I,I,I,I,I,I,I
8.0368,2,1,4,2,1,4,3,1,3,2,160000,1600,3,202212,1.0439,22120267,I,I,I,I,I,I,I,I,I,I,I
8.0368,1,1,4,2,1,4,3,1,2,2,150000,1500,3,202212,1.0439,22120268,R,I,R,R,R,R,I,I,R,I,I
8.0368,2,1,5,2,1,4,4,3,3,2,96000,1200,3,202212,1.0439,22120269,R,R,R,R,R,R,R,R,R,R,R
5.3579,1,1,3,2,3,5,3,2,1,3,350000,2600,3,202212,1.0439,22120270,R,R,R,R,R,R,R,R,R,R,R
8.0368,1,1,4,2,1,4,2,1,2,2,200000,1500,3,202212,1.0439,22120271,R,R,R,R,R,R,R,R,R,R,R
8.0368,2,1,3,2,3,4,3,1,2,2,210000,1300,3,202212,1.0439,22120272,R,R,R,R,R,R,R,R,R,R,R
8.0368,2,1,4,2,1,4,3,1,2,2,130000,1100,3,202212,1.0439,22120273,I,I,I,I,I,I,I,I,I,I,I
5.375,1,1,3,1,1,1,1,1,1,2,9,1300,3,202212,1.0439,22120274,I,9,I,I,I,I,I,I,I,I,I
21.2679,2,1,4,2,3,3,1,1,2,2,120000,1300,3,202212,1.0439,22120275,R,R,R,R,R,R,R,R,R,R,R
21.2679,1,1,3,1,3,3,1,1,2,2,9,1900,3,202212,1.0439,22120276,I,9,I,I,I,I,I,I,I,I,I
21.2679,2,1,3,2,3,3,1,1,1,2,160000,1800,3,202212,1.0439,22120277,R,R,R,R,R,R,R,R,R,R,R
14.178600000000001,1,1,3,2,1,5,1,1,1,3,350000,1900,1,202212,1.0439,22120278,R,R,R,R,R,R,I,I,R,I,I
21.2679,2,1,4,2,2,3,1,1,2,2,140000,1300,3,202212,1.0439,22120279,R,I,R,R,R,R,R,R,R,R,R
21.2679,2,1,3,2,3,3,1,1,2,2,150000,1600,3,202212,1.0439,22120280,R,I,I,I,R,R,I,I,R,I,I
21.2679,2,1,3,2,3,3,1,1,1,2,180000,2100,3,202212,1.0439,22120281,I,I,I,I,I,I,I,I,I,I,I
21.2679,2,1,5,1,3,3,1,1,2,2,9,2500,3,202212,1.0439,22120282,I,9,I,I,I,I,I,I,I,I,I
21.2679,2,1,4,2,3,3,1,1,1,2,140000,1300,3,202212,1.0439,22120283,I,I,I,I,I,I,I,I,I,I,I
21.2679,2,1,3,2,3,3,1,1,2,2,170000,1900,3,202212,1.0439,22120284,I,I,I,I,I,I,I,I,I,I,I
21.2679,1,1,3,2,1,3,1,1,2,2,140000,1100,3,202212,1.0439,22120285,R,R,R,R,R,R,R,R,R,R,R
21.2679,2,1,4,2,3,3,1,1,2,2,140000,1600,3,202212,1.0439,22120286,R,R,R,R,R,R,R,R,R,R,R
21.2679,2,1,4,2,3,3,1,1,1,2,210000,1900,3,202212,1.0439,22120287,R,R,R,R,R,R,R,R,R,R,R
21.2679,2,1,3,2,3,3,1,1,1,2,180000,2100,3,202212,1.0439,22120288,I,I,I,I,I,I,I,I,I,I,I
21.2679,2,1,3,2,2,3,1,1,2,2,240000,2500,3,202212,1.0439,22120289,R,R,R,R,R,R,R,R,R,R,R
21.2679,2,1,3,2,2,3,1,1,2,2,150000,1600,3,202212,1.0439,22120290,I,I,I,I,I,I,I,I,I,I,I
21.2679,2,1,3,2,3,3,1,1,2,2,240000,2500,3,202212,1.0439,22120291,R,R,R,R,R,R,R,R,R,R,R
21.2679,1,1,3,2,2,3,1,1,2,2,140000,1300,3,202212,1.0439,22120292,I,I,I,I,I,I,I,I,I,I,I
8.0368,1,1,5,2,1,4,3,1,2,2,190000,2200,3,202212,1.0439,22120293,I,I,I,I,I,I,I,I,I,I,I
8.0368,1,1,3,2,1,4,3,1,1,2,130000,1100,1,202212,1.0439,22120294,I,I,I,I,I,I,I,I,I,I,I
5.9,1,1,3,2,1,2,1,1,2,2,250000,2200,3,202212,1.0439,22120295,R,R,R,R,R,R,R,R,R,R,R
5.9,2,1,3,2,2,2,1,1,2,2,160000,1700,3,202212,1.0439,22120296,R,I,R,R,R,R,R,R,R,R,R
5.9,2,1,3,2,3,2,1,1,1,2,160000,1700,3,202212,1.0439,22120297,R,R,R,R,R,R,R,R,R,R,R
5.9,1,1,3,2,1,2,1,1,1,2,160000,1700,3,202212,1.0439,22120298,I,I,I,I,I,I,I,I,I,I,I
5.9,2,1,3,2,1,2,1,1,2,2,150000,1600,3,202212,1.0439,22120299,I,I,I,I,I,I,I,I,I,I,I
5.9,2,1,3,2,3,2,1,1,2,2,180000,2100,3,202212,1.0439,22120300,R,R,R,R,R,R,R,R,R,R,R
5.9,1,1,3,2,1,2,1,1,3,2,160000,1700,3,202212,1.0439,22120301,R,I,R,R,R,R,I,I,R,I,I
21.2679,2,1,3,2,3,3,1,1,2,2,180000,2200,3,202212,1.0439,22120302,R,I,I,I,I,I,I,I,I,I,I
21.2679,2,1,3,2,3,3,1,1,2,2,87000,1500,3,202212,1.0439,22120303,R,R,R,R,R,R,R,I,I,I,I
21.2679,2,1,3,2,2,3,1,1,2,2,100000,2000,3,202212,1.0439,22120304,R,R,R,R,R,R,R,R,R,R,R
21.2679,2,1,3,2,2,3,1,1,2,2,140000,2000,3,202212,1.0439,22120305,R,R,R,R,R,R,R,R,R,R,R
5.9,2,1,3,2,2,3,1,1,2,2,120000,1600,3,202212,1.0439,22120306,R,R,R,R,R,R,R,R,R,R,R
21.2679,2,1,5,2,3,3,1,1,2,2,190000,2300,3,202212,1.0439,22120307,R,R,I,I,R,R,R,R,R,R,R
21.2679,2,1,3,2,3,3,1,1,2,2,150000,1600,3,202212,1.0439,22120308,I,I,I,I,I,I,I,I,I,I,I
5.9,1,1,3,2,1,2,1,1,2,2,180000,1200,1,202212,1.0439,22120309,R,R,R,R,R,R,R,I,I,I,I
5.9,2,1,3,2,1,2,1,1,2,2,120000,1100,3,202212,1.0439,22120310,R,I,I,I,I,I,I,I,I,I,I
5.9,1,1,3,2,1,2,1,1,2,2,170000,1600,3,202212,1.0439,22120311,R,R,R,R,R,R,R,I,I,I,I
5.9,1,1,3,2,1,2,1,1,2,2,130000,1400,3,202212,1.0439,22120312,R,R,R,R,R,R,R,I,I,I,I
5.9,2,1,3,2,1,2,1,1,1,2,140000,1300,1,202212,1.0439,22120313,R,I,I,I,I,I,I,I,I,I,I
5.9,1,1,3,1,1,2,1,1,2,2,9,1500,3,202212,1.0439,22120314,R,9,I,I,R,R,I,I,R,I,I
5.9,1,1,3,2,1,2,3,1,2,2,140000,1600,3,202212,1.0439,22120315,R,R,R,R,R,R,R,R,R,R,R
5.9,2,1,3,2,1,2,1,1,2,2,140000,1500,3,202212,1.0439,22120316,R,R,R,R,R,R,R,I,R,I,I
5.9,1,1,3,2,1,2,3,1,2,2,140000,1600,3,202212,1.0439,22120317,R,R,R,R,R,R,R,R,R,R,R
5.9,2,1,3,2,3,2,1,1,2,2,120000,2100,3,202212,1.0439,22120318,R,R,R,R,R,R,R,R,R,R,R
5.9,2,1,3,2,3,2,1,1,2,2,170000,1900,3,202212,1.0439,22120319,R,R,R,R,R,R,R,R,R,R,R
8.0368,1,1,3,2,1,4,3,1,1,2,140000,1300,3,202212,1.0439,22120320,R,I,R,R,R,R,R,R,R,R,R
8.0368,2,1,3,2,2,4,1,1,2,2,96000,1800,3,202212,1.0439,22120321,R,R,R,R,R,R,R,R,R,R,R
8.0368,2,1,4,2,3,4,1,1,2,2,190000,2200,3,202212,1.0439,22120322,R,R,R,R,R,R,R,R,R,R,R
5.375,2,1,3,2,1,1,1,1,2,2,110000,1300,3,202212,1.0439,22120323,R,R,R,R,R,R,R,R,R,R,R
21.2679,2,1,3,2,2,3,1,1,2,2,190000,1600,3,202212,1.0439,22120324,R,R,R,R,R,R,R,R,R,R,R
21.2679,2,1,5,2,3,3,4,3,2,2,130000,1600,3,202212,1.0439,22120325,R,R,R,R,R,R,R,R,R,R,R
21.2679,2,1,4,2,3,3,1,2,3,2,150000,1600,3,202212,1.0439,22120326,I,I,I,I,I,I,I,I,I,I,I
21.2679,2,1,3,2,2,3,1,1,2,2,170000,2100,3,202212,1.0439,22120327,R,R,R,R,R,R,R,R,R,R,R
21.2679,1,1,3,2,2,3,1,1,1,2,160000,1900,3,202212,1.0439,22120328,R,R,R,R,R,R,R,R,R,R,R
21.2679,2,1,3,2,3,3,1,1,2,2,170000,1900,3,202212,1.0439,22120329,I,I,I,I,I,I,I,I,I,I,I
5.9,1,1,3,1,1,2,1,1,2,2,9,2200,3,202212,1.0439,22120330,I,9,I,I,I,I,I,I,I,I,I
5.9,2,1,3,2,1,2,1,1,2,2,150000,1500,3,202212,1.0439,22120331,I,I,I,I,I,I,I,I,I,I,I
5.9,1,1,3,2,3,2,1,1,2,2,120000,1600,3,202212,1.0439,22120332,R,R,R,R,R,R,R,R,R,R,R
5.9,1,1,3,1,1,2,1,1,2,2,9,2000,3,202212,1.0439,22120333,I,9,I,I,I,I,I,I,I,I,I
8.0368,1,1,3,2,3,3,1,1,2,2,160000,1700,3,202212,1.0439,22120334,I,I,I,I,I,I,I,I,I,I,I
21.2679,2,1,3,2,3,3,1,2,2,2,100000,1600,3,202212,1.0439,22120335,R,R,R,R,R,R,R,R,R,R,R
8.0368,1,1,3,2,2,4,1,1,3,2,170000,1400,3,202212,1.0439,22120336,R,R,R,R,R,R,R,R,R,R,R
8.0368,2,1,3,2,2,4,1,1,2,2,110000,1100,1,202212,1.0439,22120337,R,R,R,R,R,R,R,R,R,R,R
8.0368,2,1,3,2,2,4,1,3,1,2,150000,1300,3,202212,1.0439,22120338,R,R,R,R,R,R,R,R,R,R,R
8.0368,1,1,5,2,2,4,1,1,2,2,220000,1500,3,202212,1.0439,22120339,R,R,R,R,R,R,R,I,I,I,I
8.0368,2,1,5,2,2,4,4,3,2,2,130000,1800,3,202212,1.0439,22120340,R,R,R,R,R,R,R,R,R,R,R
5.375,1,1,3,2,1,1,1,1,2,2,280000,1600,3,202212,1.0439,22120341,R,R,R,R,R,R,I,I,R,I,I
5.375,2,1,3,2,1,1,1,1,2,2,120000,1500,3,202212,1.0439,22120342,R,R,R,R,R,R,R,R,R,R,R
5.375,2,1,3,2,1,1,1,1,2,2,130000,1600,3,202212,1.0439,22120343,R,R,R,R,R,R,R,R,R,R,R
5.375,1,1,3,2,1,1,1,1,2,2,230000,1500,3,202212,1.0439,22120344,R,R,R,R,R,R,I,I,R,I,I
5.375,2,1,3,2,3,1,1,1,2,2,150000,1600,3,202212,1.0439,22120345,R,R,R,R,R,R,R,R,R,R,R
5.375,2,1,3,2,2,1,1,1,2,2,140000,1300,3,202212,1.0439,22120346,R,R,R,R,R,R,R,R,R,R,R
5.375,1,1,3,1,1,1,1,1,2,2,9,1600,3,202212,1.0439,22120347,I,9,I,I,I,I,I,I,I,I,I
5.375,1,1,3,2,1,1,1,1,2,2,150000,1400,1,202212,1.0439,22120348,I,I,I,I,I,I,I,I,I,I,I
5.375,2,1,3,2,2,1,1,1,2,2,150000,1300,3,202212,1.0439,22120349,R,R,R,R,R,R,R,R,R,R,R
21.2679,2,1,5,2,2,3,1,1,2,2,140000,1900,3,202212,1.0439,22120350,R,R,R,R,R,R,R,R,R,R,R
21.2679,2,1,5,2,1,3,1,1,2,2,100000,1300,3,202212,1.0439,22120351,R,R,R,R,R,R,R,R,R,R,R
21.2679,2,1,3,2,3,3,1,1,2,2,130000,1300,3,202212,1.0439,22120352,R,R,R,R,R,R,R,R,R,R,R
21.2679,2,1,3,2,2,3,1,2,2,2,190000,2500,3,202212,1.0439,22120353,R,I,R,R,R,R,R,R,R,R,R
21.2679,2,1,3,2,2,3,1,2,2,2,190000,2000,3,202212,1.0439,22120354,R,R,R,R,R,R,R,R,R,R,R
21.2679,2,1,3,2,2,3,1,1,2,2,150000,1600,3,202212,1.0439,22120355,R,I,R,R,R,R,R,R,R,R,R
21.2679,2,1,3,2,2,3,1,1,2,2,130000,1900,3,202212,1.0439,22120356,R,R,R,R,R,R,R,R,R,R,R
21.2679,2,1,3,2,2,3,1,1,2,2,200000,2500,3,202212,1.0439,22120357,I,I,I,I,I,I,I,I,I,I,I
21.2679,1,1,4,2,3,3,1,1,2,2,180000,2100,3,202212,1.0439,22120358,R,I,I,I,I,I,I,I,I,I,I
21.2679,2,1,5,2,2,3,1,1,2,2,120000,2100,3,202212,1.0439,22120359,R,R,R,R,R,R,R,R,R,R,R
21.2679,2,1,5,2,2,3,1,2,1,2,150000,1700,3,202212,1.0439,22120360,R,R,R,R,R,R,R,R,R,R,R
21.2679,2,1,5,2,3,3,1,1,2,2,170000,2000,3,202212,1.0439,22120361,I,I,I,I,I,I,I,I,I,I,I
21.2679,1,1,3,2,1,3,1,1,2,2,150000,1600,3,202212,1.0439,22120362,R,R,R,R,R,R,I,I,R,I,I
21.2679,1,1,5,2,1,3,1,1,2,2,240000,2000,3,202212,1.0439,22120363,R,R,R,R,R,R,R,R,R,R,R
21.2679,1,1,5,1,1,3,1,1,1,2,9,1500,3,202212,1.0439,22120364,R,9,I,I,R,R,I,I,R,I,I
21.2679,2,1,4,2,2,3,1,1,2,2,130000,1600,3,202212,1.0439,22120365,R,R,R,R,R,R,R,R,R,R,R
21.2679,2,1,3,2,1,3,1,1,1,2,150000,1400,3,202212,1.0439,22120366,R,R,R,R,R,R,R,R,R,R,R
21.2679,2,1,3,2,1,3,1,1,2,2,110000,1700,3,202212,1.0439,22120367,R,R,R,R,R,R,R,R,R,R,R
21.2679,2,1,3,2,2,3,1,1,2,2,130000,1800,3,202212,1.0439,22120368,R,R,R,R,R,R,R,R,R,R,R
21.2679,2,1,3,2,3,3,1,1,2,2,160000,1700,3,202212,1.0439,22120369,I,I,I,I,I,I,I,I,I,I,I
21.2679,2,1,3,2,3,3,1,1,2,2,130000,1600,3,202212,1.0439,22120370,R,R,R,R,R,R,R,R,R,R,R
21.2679,2,1,3,2,3,3,1,1,1,2,170000,1700,3,202212,1.0439,22120371,R,R,R,R,R,R,R,R,R,R,R
21.2679,2,1,3,2,2,3,1,1,1,2,160000,1600,3,202212,1.0439,22120372,I,I,I,I,I,I,I,I,I,I,I
21.2679,2,1,3,2,2,3,1,2,2,2,160000,1600,3,202212,1.0439,22120373,I,I,I,I,I,I,I,I,I,I,I
5.9,1,1,5,2,1,2,1,1,1,2,150000,1500,3,202212,1.0439,22120374,I,I,I,I,I,I,I,I,I,I,I
21.2679,2,1,2,2,3,3,0,0,2,2,150000,2200,3,202212,1.0439,22120375,R,R,R,R,R,R,R,R,R,R,R
8.0368,1,1,1,2,3,4,0,0,2,2,150000,1500,3,202212,1.0439,22120376,I,I,I,I,I,I,I,R,I,I,R
8.0368,2,1,1,2,1,4,0,0,2,2,160000,1100,1,202212,1.0439,22120377,R,R,R,R,R,R,R,R,R,R,R
8.0368,2,1,2,2,1,4,0,0,2,2,160000,1700,3,202212,1.0439,22120378,I,I,I,I,I,I,I,R,I,I,R
8.0368,2,1,2,2,1,4,0,0,2,2,160000,1600,3,202212,1.0439,22120379,I,I,I,I,I,I,I,R,I,I,R
8.0368,2,1,1,2,1,4,0,0,2,2,140000,1300,3,202212,1.0439,22120380,I,I,I,I,I,I,I,R,I,I,R
8.0368,2,1,2,2,2,4,0,0,2,2,300000,1500,3,202212,1.0439,22120381,R,R,R,R,R,R,R,R,R,R,R
5.3579,2,1,1,2,1,5,0,0,2,3,210000,2700,3,202212,1.0439,22120382,I,I,I,I,I,I,I,R,I,I,R
8.0368,2,1,2,2,3,4,0,0,2,2,230000,1500,3,202212,1.0439,22120383,R,R,R,R,R,R,R,R,R,R,R
5.375,2,1,1,2,3,1,0,0,1,2,170000,1600,3,202212,1.0439,22120384,R,R,R,R,R,R,R,R,R,R,R
5.375,1,1,1,1,1,1,0,0,3,2,9,990,1,202212,1.0439,22120385,R,9,R,R,R,R,R,R,R,R,R
5.375,1,1,1,2,1,1,0,0,2,2,280000,1300,3,202212,1.0439,22120386,R,R,R,R,R,R,R,R,R,R,R
5.375,1,1,1,1,1,1,0,0,1,2,9,1300,3,202212,1.0439,22120387,R,9,R,R,R,R,R,R,R,R,R
5.375,2,1,1,2,3,1,0,0,2,2,140000,1300,3,202212,1.0439,22120388,R,R,R,R,R,R,R,R,R,R,R
5.375,2,1,1,2,3,1,0,0,1,2,200000,1900,3,202212,1.0439,22120389,R,R,R,R,R,R,R,R,R,R,R
5.375,1,1,1,1,1,1,0,0,2,2,9,1500,1,202212,1.0439,22120390,R,9,R,R,R,R,R,R,R,R,R
5.9,1,1,1,2,1,2,0,0,2,2,130000,1700,3,202212,1.0439,22120391,R,R,R,R,R,R,R,R,R,R,R
5.9,2,1,1,2,2,2,0,0,2,2,150000,1300,1,202212,1.0439,22120392,R,R,R,R,R,R,R,R,R,R,R
21.2679,2,1,1,2,2,3,0,0,2,2,140000,2100,3,202212,1.0439,22120393,R,R,R,R,R,R,R,R,R,R,R
5.375,1,1,1,2,1,1,0,0,2,2,140000,1300,3,202212,1.0439,22120394,I,I,I,I,I,I,I,R,I,I,R
5.375,1,1,1,2,1,1,0,0,2,2,280000,1400,1,202212,1.0439,22120395,R,R,R,R,R,R,R,R,I,I,R
5.375,2,1,1,2,1,1,0,0,1,2,140000,1300,3,202212,1.0439,22120396,I,I,I,I,I,I,I,R,I,I,R
5.375,2,1,1,2,1,1,0,0,2,2,140000,1300,3,202212,1.0439,22120397,I,I,I,I,I,I,I,R,I,I,R
5.375,1,1,1,2,1,1,0,0,1,2,130000,1200,1,202212,1.0439,22120398,I,I,I,I,I,I,I,R,I,I,R
5.375,2,1,1,2,1,1,0,0,2,2,150000,1500,3,202212,1.0439,22120399,I,I,I,I,I,I,I,R,I,I,R
5.375,2,1,1,2,3,1,0,0,2,2,190000,1300,3,202212,1.0439,22120400,R,R,R,R,R,R,R,R,R,R,R
5.375,1,1,1,2,1,1,0,0,2,2,150000,1600,3,202212,1.0439,22120401,I,I,I,I,I,I,I,R,I,I,R
8.0368,1,1,1,2,2,4,0,0,2,2,140000,1400,3,202212,1.0439,22120402,I,I,I,I,I,I,I,R,I,I,R
5.375,2,1,2,2,1,1,0,0,1,2,150000,1600,3,202212,1.0439,22120403,R,I,I,I,I,I,I,R,I,I,R
5.375,2,1,1,2,1,1,0,0,1,2,150000,1600,3,202212,1.0439,22120404,I,I,I,I,I,I,I,R,I,I,R
5.375,2,1,1,2,1,1,0,0,2,2,220000,1500,3,202212,1.0439,22120405,R,R,R,R,R,R,R,R,R,R,R
5.9,2,1,1,2,3,2,0,0,1,2,110000,1100,1,202212,1.0439,22120406,R,R,R,R,R,R,R,R,R,R,R
8.0368,1,2,9,2,9,4,9,9,9,2,200000,1800,3,202212,1.0439,22120407,R,R,R,R,R,R,9,9,9,9,9
8.0368,1,2,9,2,9,4,9,9,9,2,180000,2200,3,202212,1.0439,22120408,I,I,I,I,I,I,9,9,9,9,9
8.0368,2,2,9,2,9,4,9,9,9,2,160000,1700,3,202212,1.0439,22120409,I,I,I,I,I,I,9,9,9,9,9
8.0368,1,2,9,2,9,4,9,9,9,2,140000,1200,3,202212,1.0439,22120410,I,I,I,I,I,I,9,9,9,9,9
21.2679,1,2,9,2,9,3,9,9,9,2,160000,1700,3,202212,1.0439,22120411,I,I,I,I,I,I,9,9,9,9,9
14.178600000000001,1,2,9,2,9,5,9,9,9,3,160000,1900,1,202212,1.0439,22120412,I,I,I,I,I,I,9,9,9,9,9
21.2679,2,2,9,2,9,3,9,9,9,2,150000,1600,3,202212,1.0439,22120413,I,I,I,I,I,I,9,9,9,9,9
21.2679,1,2,9,2,9,3,9,9,9,2,130000,1700,3,202212,1.0439,22120414,R,R,R,R,R,R,9,9,9,9,9
21.2679,1,2,9,2,9,3,9,9,9,2,150000,1600,3,202212,1.0439,22120415,I,I,I,I,I,I,9,9,9,9,9
21.2679,1,2,9,2,9,3,9,9,9,2,140000,1600,3,202212,1.0439,22120416,R,R,R,R,R,R,9,9,9,9,9
21.2679,1,2,9,2,9,3,9,9,9,2,210000,1700,3,202212,1.0439,22120417,R,R,R,R,R,R,9,9,9,9,9
5.9,1,2,9,2,9,2,9,9,9,2,150000,1600,3,202212,1.0439,22120418,I,I,I,I,I,I,9,9,9,9,9
21.2679,1,2,9,2,9,3,9,9,9,2,150000,2500,3,202212,1.0439,22120419,R,R,R,R,R,R,9,9,9,9,9
8.0368,1,2,9,2,9,4,9,9,9,2,300000,2200,3,202212,1.0439,22120420,R,R,R,R,R,R,9,9,9,9,9
21.2679,1,2,9,2,9,3,9,9,9,2,87000,1700,3,202212,1.0439,22120421,R,R,R,R,R,R,9,9,9,9,9
21.2679,1,2,9,2,9,3,9,9,9,2,170000,1900,3,202212,1.0439,22120422,R,I,R,R,R,R,9,9,9,9,9
5.9,1,2,9,2,9,2,9,9,9,2,180000,2100,3,202212,1.0439,22120423,R,I,R,R,R,R,9,9,9,9,9
21.2679,1,2,9,2,9,3,9,9,9,2,240000,1600,3,202212,1.0439,22120424,R,R,R,R,R,R,9,9,9,9,9
21.2679,1,2,9,2,9,3,9,9,9,2,150000,1600,3,202212,1.0439,22120425,R,I,R,R,R,R,9,9,9,9,9
21.2679,1,2,9,2,9,3,9,9,9,2,190000,2200,3,202212,1.0439,22120426,I,I,I,I,I,I,9,9,9,9,9
21.2679,1,2,9,2,9,3,9,9,9,2,140000,2100,3,202212,1.0439,22120427,R,R,R,R,R,R,9,9,9,9,9
21.2679,1,2,9,2,9,3,9,9,9,2,240000,2300,3,202212,1.0439,22120428,R,R,R,R,R,R,9,9,9,9,9
8.0368,1,2,9,2,9,4,9,9,9,2,150000,1500,3,202212,1.0439,22120429,I,I,I,I,I,I,9,9,9,9,9
21.2679,1,2,9,2,9,3,9,9,9,2,180000,2200,3,202212,1.0439,22120430,I,I,I,I,I,I,9,9,9,9,9
21.2679,1,2,9,2,9,3,9,9,9,2,110000,2000,3,202212,1.0439,22120431,R,R,R,R,R,R,9,9,9,9,9
8.0368,2,2,9,2,9,4,9,9,9,2,300000,1700,3,202212,1.0439,22120432,R,R,R,R,R,R,9,9,9,9,9
5.375,1,2,9,2,9,1,9,9,9,2,110000,1300,3,202212,1.0439,22120433,R,R,R,R,R,R,9,9,9,9,9
5.375,1,2,9,2,9,1,9,9,9,2,140000,1500,3,202212,1.0439,22120434,R,R,R,R,R,R,9,9,9,9,9
5.9,1,2,9,2,9,2,9,9,9,2,130000,1600,3,202212,1.0439,22120435,R,R,R,R,R,R,9,9,9,9,9
5.9,1,2,9,2,9,2,9,9,9,2,130000,1300,3,202212,1.0439,22120436,R,R,R,R,R,R,9,9,9,9,9
5.9,1,2,9,2,9,2,9,9,9,2,170000,2000,3,202212,1.0439,22120437,I,I,I,I,I,I,9,9,9,9,9
5.9,1,2,9,2,9,2,9,9,9,2,140000,2000,3,202212,1.0439,22120438,R,R,R,R,R,R,9,9,9,9,9
21.2679,1,2,9,2,9,3,9,9,9,2,180000,2000,3,202212,1.0439,22120439,I,I,I,I,I,I,9,9,9,9,9
5.9,1,2,9,2,9,2,9,9,9,2,89000,1100,1,202212,1.0439,22120440,R,R,R,R,R,R,9,9,9,9,9
5.9,1,2,9,2,9,2,9,9,9,2,140000,1300,3,202212,1.0439,22120441,R,R,R,R,R,R,9,9,9,9,9
21.2679,1,2,9,2,9,3,9,9,9,2,190000,2500,3,202212,1.0439,22120442,I,I,I,I,I,I,9,9,9,9,9
5.9,1,2,9,2,9,2,9,9,9,2,120000,1100,1,202212,1.0439,22120443,I,I,I,I,I,I,9,9,9,9,9
21.2679,1,2,9,2,9,3,9,9,9,2,150000,1700,3,202212,1.0439,22120444,R,R,R,R,R,R,9,9,9,9,9
5.9,1,2,9,2,9,2,9,9,9,2,170000,1700,3,202212,1.0439,22120445,R,R,R,R,R,R,9,9,9,9,9
21.2679,1,2,9,2,9,3,9,9,9,2,190000,2500,3,202212,1.0439,22120446,R,I,R,R,R,R,9,9,9,9,9
5.9,2,2,9,2,9,2,9,9,9,2,89000,1700,3,202212,1.0439,22120447,R,R,R,R,R,R,9,9,9,9,9
21.2679,1,2,9,2,9,3,9,9,9,2,130000,1600,3,202212,1.0439,22120448,R,R,R,R,R,R,9,9,9,9,9
5.9,1,2,9,2,9,2,9,9,9,2,170000,1900,3,202212,1.0439,22120449,R,I,R,R,R,R,9,9,9,9,9
8.0368,1,2,9,2,9,4,9,9,9,2,130000,1800,3,202212,1.0439,22120450,R,R,R,R,R,R,9,9,9,9,9
21.2679,1,2,9,2,9,3,9,9,9,2,150000,1500,3,202212,1.0439,22120451,R,I,R,R,R,R,9,9,9,9,9
21.2679,2,2,9,2,9,3,9,9,9,2,100000,1800,3,202212,1.0439,22120452,R,R,R,R,I,I,9,9,9,9,9
21.2679,1,2,9,2,9,3,9,9,9,2,150000,2200,3,202212,1.0439,22120453,R,R,R,R,R,R,9,9,9,9,9
5.9,1,2,9,2,9,2,9,9,9,2,120000,1600,3,202212,1.0439,22120454,R,R,R,R,R,R,9,9,9,9,9
21.2679,1,2,9,2,9,3,9,9,9,2,150000,2100,3,202212,1.0439,22120455,R,R,R,R,R,R,9,9,9,9,9
5.375,1,2,9,1,9,1,9,9,9,2,9,1900,1,202212,1.0439,22120456,R,9,R,R,R,R,9,9,9,9,9
8.0368,2,2,9,2,9,4,9,9,9,2,300000,2000,3,202212,1.0439,22120457,R,R,R,R,R,R,9,9,9,9,9
8.0368,1,2,9,2,9,4,9,9,9,2,160000,1700,3,202212,1.0439,22120458,I,I,I,I,I,I,9,9,9,9,9
5.375,1,2,9,2,9,1,9,9,9,2,110000,1600,3,202212,1.0439,22120459,R,R,R,R,R,R,9,9,9,9,9
21.2679,1,2,9,2,9,3,9,9,9,2,150000,2200,3,202212,1.0439,22120460,R,R,R,R,R,R,9,9,9,9,9
8.0368,1,2,9,2,9,4,9,9,9,2,150000,1200,3,202212,1.0439,22120461,R,R,R,R,R,R,9,9,9,9,9
5.9,1,2,9,2,9,2,9,9,9,2,140000,1700,3,202212,1.0439,22120462,R,R,R,R,R,R,9,9,9,9,9
5.375,1,2,9,2,9,1,9,9,9,2,130000,1200,1,202212,1.0439,22120463,R,R,R,R,R,R,9,9,9,9,9
5.9,1,2,9,2,9,2,9,9,9,2,140000,1400,3,202212,1.0439,22120464,I,I,I,I,I,I,9,9,9,9,9
5.9,1,2,9,2,9,2,9,9,9,2,110000,1200,3,202212,1.0439,22120465,R,R,R,R,R,R,9,9,9,9,9
21.2679,1,2,9,2,9,3,9,9,9,2,170000,2500,3,202212,1.0439,22120466,R,R,R,R,R,R,9,9,9,9,9
21.2679,1,2,9,2,9,3,9,9,9,2,150000,2200,3,202212,1.0439,22120467,R,R,R,R,R,R,9,9,9,9,9
5.9,1,2,9,2,9,2,9,9,9,2,89000,1100,3,202212,1.0439,22120468,R,R,R,R,R,R,9,9,9,9,9
5.9,1,2,9,2,9,2,9,9,9,2,140000,1200,3,202212,1.0439,22120469,I,I,I,I,I,I,9,9,9,9,9
5.9,1,2,9,2,9,2,9,9,9,2,200000,2400,3,202212,1.0439,22120470,R,R,R,R,R,R,9,9,9,9,9
5.9,1,2,9,2,9,2,9,9,9,2,120000,1500,3,202212,1.0439,22120471,R,R,R,R,R,R,9,9,9,9,9
5.375,1,2,9,2,9,1,9,9,9,2,150000,1500,3,202212,1.0439,22120472,I,I,I,I,I,I,9,9,9,9,9
5.375,1,2,9,2,9,1,9,9,9,2,140000,1600,3,202212,1.0439,22120473,R,R,R,R,R,R,9,9,9,9,9
5.9,1,2,9,2,9,2,9,9,9,2,120000,1200,3,202212,1.0439,22120474,R,R,R,R,R,R,9,9,9,9,9
5.9,1,2,9,2,9,2,9,9,9,2,190000,1700,3,202212,1.0439,22120475,R,R,R,R,R,R,9,9,9,9,9
8.0368,1,2,9,2,9,4,9,9,9,2,140000,1300,3,202212,1.0439,22120476,R,I,R,R,R,R,9,9,9,9,9
5.375,1,2,9,2,9,1,9,9,9,2,140000,1300,3,202212,1.0439,22120477,I,I,I,I,I,I,9,9,9,9,9
5.375,1,2,9,2,9,1,9,9,9,2,140000,1200,3,202212,1.0439,22120478,R,R,R,R,R,R,9,9,9,9,9
5.375,1,2,9,2,9,1,9,9,9,2,120000,1300,3,202212,1.0439,22120479,R,R,R,R,R,R,9,9,9,9,9
8.0368,1,2,9,2,9,4,9,9,9,2,150000,1500,1,202212,1.0439,22120480,R,I,R,R,R,R,9,9,9,9,9
8.0368,1,2,9,2,9,4,9,9,9,2,140000,1200,3,202212,1.0439,22120481,R,I,R,R,R,R,9,9,9,9,9
8.0368,1,2,9,2,9,4,9,9,9,2,150000,1500,3,202212,1.0439,22120482,R,I,R,R,R,R,9,9,9,9,9
21.2679,1,2,9,2,9,3,9,9,9,2,150000,1600,3,202212,1.0439,22120483,R,I,R,R,R,R,9,9,9,9,9
21.2679,1,2,9,2,9,3,9,9,9,2,120000,2200,3,202212,1.0439,22120484,R,R,R,R,R,R,9,9,9,9,9
21.2679,1,2,9,2,9,3,9,9,9,2,150000,1600,3,202212,1.0439,22120485,I,I,I,I,I,I,9,9,9,9,9
21.2679,1,2,9,2,9,3,9,9,9,2,160000,1700,3,202212,1.0439,22120486,I,I,I,I,I,I,9,9,9,9,9
21.2679,1,2,9,2,9,3,9,9,9,2,120000,1800,3,202212,1.0439,22120487,R,R,R,R,R,R,9,9,9,9,9
21.2679,1,2,9,2,9,3,9,9,9,2,170000,2000,3,202212,1.0439,22120488,I,I,I,I,I,I,9,9,9,9,9
5.9,2,2,9,2,9,2,9,9,9,2,140000,2000,3,202212,1.0439,22120489,R,R,R,R,R,R,9,9,9,9,9
21.2679,1,2,9,2,9,3,9,9,9,2,87000,1900,3,202212,1.0439,22120490,R,R,R,R,R,R,9,9,9,9,9
5.9,1,2,9,2,9,2,9,9,9,2,140000,1600,3,202212,1.0439,22120491,R,R,R,R,R,R,9,9,9,9,9
21.2679,1,2,9,2,9,3,9,9,9,2,160000,1700,3,202212,1.0439,22120492,I,I,I,I,I,I,9,9,9,9,9
21.2679,1,2,9,2,9,3,9,9,9,2,87000,1600,3,202212,1.0439,22120493,R,R,R,R,R,R,9,9,9,9,9
21.2679,1,2,9,2,9,3,9,9,9,2,140000,2000,3,202212,1.0439,22120494,R,R,R,R,R,R,9,9,9,9,9
5.9,1,2,9,2,9,2,9,9,9,2,140000,1200,1,202212,1.0439,22120495,I,I,I,I,I,I,9,9,9,9,9
5.9,1,2,9,2,9,2,9,9,9,2,120000,1500,3,202212,1.0439,22120496,R,R,R,R,R,R,9,9,9,9,9
5.9,1,2,9,2,9,2,9,9,9,2,150000,1600,3,202212,1.0439,22120497,I,I,I,I,I,I,9,9,9,9,9
5.9,1,2,9,2,9,2,9,9,9,2,160000,1700,3,202212,1.0439,22120498,I,I,I,I,I,I,9,9,9,9,9
8.0368,3,9,9,9,9,5,9,9,9,2,9,9,9,202212,1.0439,22120499,R,9,9,9,9,9,9,9,9,9,9
21.2679,3,9,9,9,9,5,9,9,9,2,9,9,9,202212,1.0439,22120500,I,9,9,9,9,9,9,9,9,9,9
21.2679,3,9,9,9,9,5,9,9,9,2,9,9,9,202212,1.0439,22120501,I,9,9,9,9,9,9,9,9,9,9
21.2679,3,9,9,9,9,5,9,9,9,2,9,9,9,202212,1.0439,22120502,R,9,9,9,9,9,9,9,9,9,9
8.0368,3,9,9,9,9,5,9,9,9,2,9,9,9,202212,1.0439,22120503,R,9,9,9,9,9,9,9,9,9,9
8.0368,3,9,9,9,9,5,9,9,9,2,9,9,9,202212,1.0439,22120504,R,9,9,9,9,9,9,9,9,9,9
21.2679,3,9,9,9,9,5,9,9,9,2,9,9,9,202212,1.0439,22120505,R,9,9,9,9,9,9,9,9,9,9
21.2679,3,9,9,9,9,5,9,9,9,2,9,9,9,202212,1.0439,22120506,R,9,9,9,9,9,9,9,9,9,9
5.9,3,9,9,9,9,5,9,9,9,2,9,9,9,202212,1.0439,22120507,I,9,9,9,9,9,9,9,9,9,9
5.9,3,9,9,9,9,5,9,9,9,2,9,9,9,202212,1.0439,22120508,R,9,9,9,9,9,9,9,9,9,9
